!'#''#'
!'#''#'
$'#''#'
$'#''#'
%'#''#'
%'#''#'
&'#''#'
&'#''#'
'#'!'#'
'#'!'#'
'#'$'#'
'#'$'#'
'#'%'#'
'#'%'#'
'#'&'#'
'#'&'#'
'#''#'
'#''#'
'#''#'!
'#''#'!
'#''#'$
'#''#'$
'#''#'%
'#''#'%
'#''#'&
'#''#'&
'#''#''#'
'#''#''#'
'#''#'*
'#''#'*
'#''#'@
'#''#'@
'#'*'#'
'#'*'#'
'#'@'#'
'#'@'#'
*'#''#'
*'#''#'
0060607
0060607
006062006
006062006
006066
006066
006067
006067
0060706
0060706
006072006
006072006
006076
006076
006077
006077
0062006
0062006
006200606
006200606
006200607
006200607
00620066
00620066
00620067
00620067
006606
006606
006607
006607
00662006
00662006
006706
006706
006707
006707
00672006
00672006
0090109
0090109
009011
009011
009012009
009012009
0090901
0090901
009091
009091
009092009
009092009
009101
009101
009109
009109
00912009
00912009
0092009
0092009
009200901
009200901
009200909
009200909
00920091
00920091
0100909
0100909
010091
010091
010092009
010092009
0109009
0109009
01092009
01092009
011009
011009
0111987
0111987
0112009
0112009
011987
011987
0119871
0119871
01198787
01198787
011987987
011987987
012009
012009
012009009
012009009
01200909
01200909
0120091
0120091
01871987
01871987
0187987
0187987
019871
019871
019871987
019871987
0198787
0198787
0600607
0600607
060062006
060062006
060066
060066
060067
060067
0607006
0607006
06072006
06072006
062006
062006
062006006
062006006
06200607
06200607
0620066
0620066
0620067
0620067
066006
066006
0662006
0662006
067006
067006
0672006
0672006
0700606
0700606
070062006
070062006
070066
070066
070067
070067
0706006
0706006
07062006
07062006
072006
072006
072006006
072006006
07200606
07200606
0720066
0720066
0720067
0720067
076006
076006
0762006
0762006
077006
077006
0772006
0772006
0900901
0900901
090091
090091
090092009
090092009
0901009
0901009
09012009
09012009
091009
091009
0912009
0912009
092009
092009
092009009
092009009
09200901
09200901
0920091
0920091
100901
100901
100909
100909
10092009
10092009
101009
101009
1011987
1011987
1012009
1012009
101987
101987
109009
109009
1092009
1092009
1198701
1198701
1198787
1198787
11987987
11987987
12009009
12009009
1200901
1200901
1200909
1200909
1871987
1871987
187987
187987
198701
198701
1987011
1987011
19870187
19870187
198701987
198701987
1987101
1987101
1987187
1987187
19871987
19871987
198787
198787
19878701
19878701
1987871
1987871
198787987
198787987
1987987
1987987
198798701
198798701
19879871
19879871
198798787
198798787
2006006
2006006
200600606
200600606
200600607
200600607
20060066
20060066
20060067
20060067
200606
200606
200606006
200606006
20060607
20060607
2006066
2006066
2006067
2006067
200607
200607
200607006
200607006
20060706
20060706
2006076
2006076
2006077
2006077
20066006
20066006
2006606
2006606
2006607
2006607
200667
200667
20067006
20067006
2006706
2006706
2006707
2006707
200676
200676
2009009
2009009
200900901
200900901
200900909
200900909
20090091
20090091
200901
200901
200901009
200901009
20090109
20090109
2009011
2009011
200909
200909
200909009
200909009
20090901
20090901
2009091
2009091
20091009
20091009
2009101
2009101
2009109
2009109
5k!!'#'
5k!$'#'
5k!%'#'
5k!&'#'
5k!'#'
5k!'#'!
5k!'#'$
5k!'#'%
5k!'#'&
5k!'#''#'
5k!'#'*
5k!'#'@
5k!*'#'
5k!@'#'
5k$!'#'
5k$$'#'
5k$%'#'
5k$&'#'
5k$'#'
5k$'#'!
5k$'#'$
5k$'#'%
5k$'#'&
5k$'#''#'
5k$'#'*
5k$'#'@
5k$*'#'
5k$@'#'
5k%!'#'
5k%$'#'
5k%%'#'
5k%&'#'
5k%'#'
5k%'#'!
5k%'#'$
5k%'#'%
5k%'#'&
5k%'#''#'
5k%'#'*
5k%'#'@
5k%*'#'
5k%@'#'
5k&!'#'
5k&$'#'
5k&%'#'
5k&&'#'
5k&'#'
5k&'#'!
5k&'#'$
5k&'#'%
5k&'#'&
5k&'#''#'
5k&'#'*
5k&'#'@
5k&*'#'
5k&@'#'
5k'#'!
5k'#'!!
5k'#'!$
5k'#'!%
5k'#'!&
5k'#'!'#'
5k'#'!*
5k'#'!@
5k'#'$
5k'#'$!
5k'#'$$
5k'#'$%
5k'#'$&
5k'#'$'#'
5k'#'$*
5k'#'$@
5k'#'%
5k'#'%!
5k'#'%$
5k'#'%%
5k'#'%&
5k'#'%'#'
5k'#'%*
5k'#'%@
5k'#'&
5k'#'&!
5k'#'&$
5k'#'&%
5k'#'&&
5k'#'&'#'
5k'#'&*
5k'#'&@
5k'#''#'
5k'#''#'!
5k'#''#'$
5k'#''#'%
5k'#''#'&
5k'#''#''#'
5k'#''#'*
5k'#''#'@
5k'#'*
5k'#'*!
5k'#'*$
5k'#'*%
5k'#'*&
5k'#'*'#'
5k'#'**
5k'#'*@
5k'#'@
5k'#'@!
5k'#'@$
5k'#'@%
5k'#'@&
5k'#'@'#'
5k'#'@*
5k'#'@@
5k*!'#'
5k*$'#'
5k*%'#'
5k*&'#'
5k*'#'
5k*'#'!
5k*'#'$
5k*'#'%
5k*'#'&
5k*'#''#'
5k*'#'*
5k*'#'@
5k**'#'
5k*@'#'
5k00901
5k0090109
5k009011
5k009012009
5k00909
5k0090901
5k009091
5k009092009
5k0091
5k009101
5k009109
5k00912009
5k0092009
5k009200901
5k009200909
5k00920091
5k01009
5k0100909
5k010091
5k010092009
5k0109
5k0109009
5k01091
5k01092009
5k011009
5k01109
5k0111987
5k0112009
5k01187
5k011987
5k0119871
5k01198787
5k011987987
5k012009
5k012009009
5k01200909
5k0120091
5k0187
5k01871
5k01871987
5k0187987
5k01987
5k019871
5k019871987
5k0198787
5k09009
5k0900901
5k090091
5k090092009
5k0901
5k0901009
5k09011
5k09012009
5k091009
5k09101
5k0912009
5k092009
5k092009009
5k09200901
5k0920091
5k1009
5k100901
5k100909
5k10092009
5k101009
5k10109
5k1011987
5k1012009
5k10187
5k101987
5k109009
5k10901
5k1092009
5k11987
5k1198701
5k1198787
5k11987987
5k12009
5k12009009
5k1200901
5k1200909
5k18701
5k1871987
5k187987
5k1987
5k198701
5k1987011
5k19870187
5k198701987
5k19871
5k1987101
5k1987187
5k19871987
5k198787
5k19878701
5k1987871
5k198787987
5k1987987
5k198798701
5k19879871
5k198798787
5k1990
5k1991
5k1992
5k1993
5k1994
5k1995
5k1996
5k1997
5k1998
5k1999
5k2000
5k2001
5k2002
5k2003
5k2004
5k2005
5k2006
5k2007
5k2008
5k2009
5k2009009
5k200900901
5k200900909
5k20090091
5k200901
5k200901009
5k20090109
5k2009011
5k200909
5k200909009
5k20090901
5k2009091
5k20091
5k20091009
5k2009101
5k2009109
5k2010
5k2011
5k2012
5k2013
5k2014
5k2015
5k2016
5k2017
5k2018
5k2019
5k2020
5k8701
5k87011
5k87011987
5k8701987
5k87101
5k8711987
5k871987
5k87198701
5k8719871
5k871987987
5k87987
5k8798701
5k879871
5k879871987
5k98701
5k987011
5k987011987
5k9870187
5k9871
5k987101
5k98711987
5k987187
5k9871987
5k987198701
5k98719871
5k987198787
5k98787
5k9878701
5k987871
5k987871987
5k@!'#'
5k@$'#'
5k@%'#'
5k@&'#'
5k@'#'
5k@'#'!
5k@'#'$
5k@'#'%
5k@'#'&
5k@'#''#'
5k@'#'*
5k@'#'@
5k@*'#'
5k@@'#'
5kR4n4
5kR4n4!
5kR4n4!!
5kR4n4!!!
5kR4n4!!$
5kR4n4!!%
5kR4n4!!&
5kR4n4!!'#'
5kR4n4!!*
5kR4n4!!@
5kR4n4!$
5kR4n4!$!
5kR4n4!$$
5kR4n4!$%
5kR4n4!$&
5kR4n4!$'#'
5kR4n4!$*
5kR4n4!$@
5kR4n4!%
5kR4n4!%!
5kR4n4!%$
5kR4n4!%%
5kR4n4!%&
5kR4n4!%'#'
5kR4n4!%*
5kR4n4!%@
5kR4n4!&
5kR4n4!&!
5kR4n4!&$
5kR4n4!&%
5kR4n4!&&
5kR4n4!&'#'
5kR4n4!&*
5kR4n4!&@
5kR4n4!'#'
5kR4n4!'#'!
5kR4n4!'#'$
5kR4n4!'#'%
5kR4n4!'#'&
5kR4n4!'#'*
5kR4n4!'#'@
5kR4n4!*
5kR4n4!*!
5kR4n4!*$
5kR4n4!*%
5kR4n4!*&
5kR4n4!*'#'
5kR4n4!**
5kR4n4!*@
5kR4n4!@
5kR4n4!@!
5kR4n4!@$
5kR4n4!@%
5kR4n4!@&
5kR4n4!@'#'
5kR4n4!@*
5kR4n4!@@
5kR4n4$
5kR4n4$!
5kR4n4$!!
5kR4n4$!$
5kR4n4$!%
5kR4n4$!&
5kR4n4$!'#'
5kR4n4$!*
5kR4n4$!@
5kR4n4$$
5kR4n4$$!
5kR4n4$$$
5kR4n4$$%
5kR4n4$$&
5kR4n4$$'#'
5kR4n4$$*
5kR4n4$$@
5kR4n4$%
5kR4n4$%!
5kR4n4$%$
5kR4n4$%%
5kR4n4$%&
5kR4n4$%'#'
5kR4n4$%*
5kR4n4$%@
5kR4n4$&
5kR4n4$&!
5kR4n4$&$
5kR4n4$&%
5kR4n4$&&
5kR4n4$&'#'
5kR4n4$&*
5kR4n4$&@
5kR4n4$'#'
5kR4n4$'#'!
5kR4n4$'#'$
5kR4n4$'#'%
5kR4n4$'#'&
5kR4n4$'#'*
5kR4n4$'#'@
5kR4n4$*
5kR4n4$*!
5kR4n4$*$
5kR4n4$*%
5kR4n4$*&
5kR4n4$*'#'
5kR4n4$**
5kR4n4$*@
5kR4n4$@
5kR4n4$@!
5kR4n4$@$
5kR4n4$@%
5kR4n4$@&
5kR4n4$@'#'
5kR4n4$@*
5kR4n4$@@
5kR4n4%
5kR4n4%!
5kR4n4%!!
5kR4n4%!$
5kR4n4%!%
5kR4n4%!&
5kR4n4%!'#'
5kR4n4%!*
5kR4n4%!@
5kR4n4%$
5kR4n4%$!
5kR4n4%$$
5kR4n4%$%
5kR4n4%$&
5kR4n4%$'#'
5kR4n4%$*
5kR4n4%$@
5kR4n4%%
5kR4n4%%!
5kR4n4%%$
5kR4n4%%%
5kR4n4%%&
5kR4n4%%'#'
5kR4n4%%*
5kR4n4%%@
5kR4n4%&
5kR4n4%&!
5kR4n4%&$
5kR4n4%&%
5kR4n4%&&
5kR4n4%&'#'
5kR4n4%&*
5kR4n4%&@
5kR4n4%'#'
5kR4n4%'#'!
5kR4n4%'#'$
5kR4n4%'#'%
5kR4n4%'#'&
5kR4n4%'#'*
5kR4n4%'#'@
5kR4n4%*
5kR4n4%*!
5kR4n4%*$
5kR4n4%*%
5kR4n4%*&
5kR4n4%*'#'
5kR4n4%**
5kR4n4%*@
5kR4n4%@
5kR4n4%@!
5kR4n4%@$
5kR4n4%@%
5kR4n4%@&
5kR4n4%@'#'
5kR4n4%@*
5kR4n4%@@
5kR4n4&
5kR4n4&!
5kR4n4&!!
5kR4n4&!$
5kR4n4&!%
5kR4n4&!&
5kR4n4&!'#'
5kR4n4&!*
5kR4n4&!@
5kR4n4&$
5kR4n4&$!
5kR4n4&$$
5kR4n4&$%
5kR4n4&$&
5kR4n4&$'#'
5kR4n4&$*
5kR4n4&$@
5kR4n4&%
5kR4n4&%!
5kR4n4&%$
5kR4n4&%%
5kR4n4&%&
5kR4n4&%'#'
5kR4n4&%*
5kR4n4&%@
5kR4n4&&
5kR4n4&&!
5kR4n4&&$
5kR4n4&&%
5kR4n4&&&
5kR4n4&&'#'
5kR4n4&&*
5kR4n4&&@
5kR4n4&'#'
5kR4n4&'#'!
5kR4n4&'#'$
5kR4n4&'#'%
5kR4n4&'#'&
5kR4n4&'#'*
5kR4n4&'#'@
5kR4n4&*
5kR4n4&*!
5kR4n4&*$
5kR4n4&*%
5kR4n4&*&
5kR4n4&*'#'
5kR4n4&**
5kR4n4&*@
5kR4n4&@
5kR4n4&@!
5kR4n4&@$
5kR4n4&@%
5kR4n4&@&
5kR4n4&@'#'
5kR4n4&@*
5kR4n4&@@
5kR4n4'#'
5kR4n4'#'!
5kR4n4'#'!!
5kR4n4'#'!$
5kR4n4'#'!%
5kR4n4'#'!&
5kR4n4'#'!*
5kR4n4'#'!@
5kR4n4'#'$
5kR4n4'#'$!
5kR4n4'#'$$
5kR4n4'#'$%
5kR4n4'#'$&
5kR4n4'#'$*
5kR4n4'#'$@
5kR4n4'#'%
5kR4n4'#'%!
5kR4n4'#'%$
5kR4n4'#'%%
5kR4n4'#'%&
5kR4n4'#'%*
5kR4n4'#'%@
5kR4n4'#'&
5kR4n4'#'&!
5kR4n4'#'&$
5kR4n4'#'&%
5kR4n4'#'&&
5kR4n4'#'&*
5kR4n4'#'&@
5kR4n4'#'*
5kR4n4'#'*!
5kR4n4'#'*$
5kR4n4'#'*%
5kR4n4'#'*&
5kR4n4'#'**
5kR4n4'#'*@
5kR4n4'#'@
5kR4n4'#'@!
5kR4n4'#'@$
5kR4n4'#'@%
5kR4n4'#'@&
5kR4n4'#'@*
5kR4n4'#'@@
5kR4n4*
5kR4n4*!
5kR4n4*!!
5kR4n4*!$
5kR4n4*!%
5kR4n4*!&
5kR4n4*!'#'
5kR4n4*!*
5kR4n4*!@
5kR4n4*$
5kR4n4*$!
5kR4n4*$$
5kR4n4*$%
5kR4n4*$&
5kR4n4*$'#'
5kR4n4*$*
5kR4n4*$@
5kR4n4*%
5kR4n4*%!
5kR4n4*%$
5kR4n4*%%
5kR4n4*%&
5kR4n4*%'#'
5kR4n4*%*
5kR4n4*%@
5kR4n4*&
5kR4n4*&!
5kR4n4*&$
5kR4n4*&%
5kR4n4*&&
5kR4n4*&'#'
5kR4n4*&*
5kR4n4*&@
5kR4n4*'#'
5kR4n4*'#'!
5kR4n4*'#'$
5kR4n4*'#'%
5kR4n4*'#'&
5kR4n4*'#'*
5kR4n4*'#'@
5kR4n4**
5kR4n4**!
5kR4n4**$
5kR4n4**%
5kR4n4**&
5kR4n4**'#'
5kR4n4***
5kR4n4**@
5kR4n4*@
5kR4n4*@!
5kR4n4*@$
5kR4n4*@%
5kR4n4*@&
5kR4n4*@'#'
5kR4n4*@*
5kR4n4*@@
5kR4n40
5kR4n4009
5kR4n400901
5kR4n400909
5kR4n40091
5kR4n401
5kR4n401009
5kR4n40109
5kR4n401091
5kR4n4011
5kR4n401109
5kR4n401187
5kR4n40187
5kR4n401871
5kR4n401987
5kR4n409
5kR4n409009
5kR4n40901
5kR4n409011
5kR4n4091
5kR4n409101
5kR4n41
5kR4n410
5kR4n41009
5kR4n4101
5kR4n410109
5kR4n410187
5kR4n4109
5kR4n410901
5kR4n411
5kR4n411987
5kR4n412
5kR4n412009
5kR4n413
5kR4n414
5kR4n415
5kR4n416
5kR4n417
5kR4n418
5kR4n4187
5kR4n418701
5kR4n419
5kR4n41987
5kR4n419871
5kR4n41990
5kR4n41991
5kR4n41992
5kR4n41993
5kR4n41994
5kR4n41995
5kR4n41996
5kR4n41997
5kR4n41998
5kR4n41999
5kR4n42
5kR4n420
5kR4n42000
5kR4n42001
5kR4n42002
5kR4n42003
5kR4n42004
5kR4n42005
5kR4n42006
5kR4n42007
5kR4n42008
5kR4n42009
5kR4n420091
5kR4n42010
5kR4n42011
5kR4n42012
5kR4n42013
5kR4n42014
5kR4n42015
5kR4n42016
5kR4n42017
5kR4n42018
5kR4n42019
5kR4n42020
5kR4n421
5kR4n422
5kR4n423
5kR4n424
5kR4n425
5kR4n426
5kR4n427
5kR4n428
5kR4n429
5kR4n43
5kR4n430
5kR4n431
5kR4n432
5kR4n433
5kR4n434
5kR4n435
5kR4n436
5kR4n437
5kR4n438
5kR4n439
5kR4n44
5kR4n440
5kR4n441
5kR4n442
5kR4n443
5kR4n444
5kR4n445
5kR4n446
5kR4n447
5kR4n448
5kR4n449
5kR4n45
5kR4n450
5kR4n451
5kR4n452
5kR4n453
5kR4n454
5kR4n455
5kR4n456
5kR4n457
5kR4n458
5kR4n459
5kR4n46
5kR4n460
5kR4n461
5kR4n462
5kR4n463
5kR4n464
5kR4n465
5kR4n466
5kR4n467
5kR4n468
5kR4n469
5kR4n47
5kR4n470
5kR4n471
5kR4n472
5kR4n473
5kR4n474
5kR4n475
5kR4n476
5kR4n477
5kR4n478
5kR4n479
5kR4n48
5kR4n480
5kR4n481
5kR4n482
5kR4n483
5kR4n484
5kR4n485
5kR4n486
5kR4n487
5kR4n48701
5kR4n487011
5kR4n4871
5kR4n487101
5kR4n487987
5kR4n488
5kR4n489
5kR4n49
5kR4n490
5kR4n491
5kR4n492
5kR4n493
5kR4n494
5kR4n495
5kR4n496
5kR4n497
5kR4n498
5kR4n4987
5kR4n498701
5kR4n49871
5kR4n498787
5kR4n499
5kR4n4@
5kR4n4@!
5kR4n4@!!
5kR4n4@!$
5kR4n4@!%
5kR4n4@!&
5kR4n4@!'#'
5kR4n4@!*
5kR4n4@!@
5kR4n4@$
5kR4n4@$!
5kR4n4@$$
5kR4n4@$%
5kR4n4@$&
5kR4n4@$'#'
5kR4n4@$*
5kR4n4@$@
5kR4n4@%
5kR4n4@%!
5kR4n4@%$
5kR4n4@%%
5kR4n4@%&
5kR4n4@%'#'
5kR4n4@%*
5kR4n4@%@
5kR4n4@&
5kR4n4@&!
5kR4n4@&$
5kR4n4@&%
5kR4n4@&&
5kR4n4@&'#'
5kR4n4@&*
5kR4n4@&@
5kR4n4@'#'
5kR4n4@'#'!
5kR4n4@'#'$
5kR4n4@'#'%
5kR4n4@'#'&
5kR4n4@'#'*
5kR4n4@'#'@
5kR4n4@*
5kR4n4@*!
5kR4n4@*$
5kR4n4@*%
5kR4n4@*&
5kR4n4@*'#'
5kR4n4@**
5kR4n4@*@
5kR4n4@@
5kR4n4@@!
5kR4n4@@$
5kR4n4@@%
5kR4n4@@&
5kR4n4@@'#'
5kR4n4@@*
5kR4n4@@@
5kR4n4_009
5kR4n4_0091
5kR4n4_01
5kR4n4_0109
5kR4n4_011
5kR4n4_0187
5kR4n4_09
5kR4n4_0901
5kR4n4_091
5kR4n4_1
5kR4n4_1009
5kR4n4_101
5kR4n4_109
5kR4n4_187
5kR4n4_1987
5kR4n4_1990
5kR4n4_1991
5kR4n4_1992
5kR4n4_1993
5kR4n4_1994
5kR4n4_1995
5kR4n4_1996
5kR4n4_1997
5kR4n4_1998
5kR4n4_1999
5kR4n4_2000
5kR4n4_2001
5kR4n4_2002
5kR4n4_2003
5kR4n4_2004
5kR4n4_2005
5kR4n4_2006
5kR4n4_2007
5kR4n4_2008
5kR4n4_2009
5kR4n4_2010
5kR4n4_2011
5kR4n4_2012
5kR4n4_2013
5kR4n4_2014
5kR4n4_2015
5kR4n4_2016
5kR4n4_2017
5kR4n4_2018
5kR4n4_2019
5kR4n4_2020
5kR4n4_87
5kR4n4_8701
5kR4n4_871
5kR4n4_987
5kR4n4_9871
5k_009
5k_00901
5k_0090109
5k_009011
5k_00909
5k_0090901
5k_009091
5k_0091
5k_009101
5k_009109
5k_00912009
5k_0092009
5k_00920091
5k_01009
5k_0100909
5k_010091
5k_0109
5k_0109009
5k_01091
5k_01092009
5k_011
5k_011009
5k_01109
5k_0111987
5k_0112009
5k_01187
5k_011987
5k_0119871
5k_01198787
5k_012009
5k_01200909
5k_0120091
5k_0187
5k_01871
5k_01871987
5k_0187987
5k_01987
5k_019871
5k_0198787
5k_09009
5k_0900901
5k_090091
5k_0901
5k_0901009
5k_09011
5k_09012009
5k_091
5k_091009
5k_09101
5k_0912009
5k_092009
5k_09200901
5k_0920091
5k_1009
5k_100901
5k_100909
5k_10092009
5k_101
5k_101009
5k_10109
5k_1011987
5k_1012009
5k_10187
5k_101987
5k_109
5k_109009
5k_10901
5k_1092009
5k_11987
5k_1198701
5k_1198787
5k_11987987
5k_12009
5k_12009009
5k_1200901
5k_1200909
5k_187
5k_18701
5k_1871987
5k_187987
5k_1987
5k_198701
5k_1987011
5k_19870187
5k_19871
5k_1987101
5k_1987187
5k_19871987
5k_198787
5k_19878701
5k_1987871
5k_1987987
5k_19879871
5k_1990
5k_1991
5k_1992
5k_1993
5k_1994
5k_1995
5k_1996
5k_1997
5k_1998
5k_1999
5k_2000
5k_2001
5k_2002
5k_2003
5k_2004
5k_2005
5k_2006
5k_2007
5k_2008
5k_2009
5k_2009009
5k_20090091
5k_200901
5k_20090109
5k_2009011
5k_200909
5k_20090901
5k_2009091
5k_20091
5k_20091009
5k_2009101
5k_2009109
5k_2010
5k_2011
5k_2012
5k_2013
5k_2014
5k_2015
5k_2016
5k_2017
5k_2018
5k_2019
5k_2020
5k_8701
5k_87011
5k_87011987
5k_8701987
5k_871
5k_87101
5k_8711987
5k_871987
5k_87198701
5k_8719871
5k_87987
5k_8798701
5k_879871
5k_987
5k_98701
5k_987011
5k_9870187
5k_9871
5k_987101
5k_98711987
5k_987187
5k_9871987
5k_98719871
5k_98787
5k_9878701
5k_987871
5kr4n4
5kr4n4!
5kr4n4!!
5kr4n4!!!
5kr4n4!!$
5kr4n4!!%
5kr4n4!!&
5kr4n4!!'#'
5kr4n4!!*
5kr4n4!!@
5kr4n4!$
5kr4n4!$!
5kr4n4!$$
5kr4n4!$%
5kr4n4!$&
5kr4n4!$'#'
5kr4n4!$*
5kr4n4!$@
5kr4n4!%
5kr4n4!%!
5kr4n4!%$
5kr4n4!%%
5kr4n4!%&
5kr4n4!%'#'
5kr4n4!%*
5kr4n4!%@
5kr4n4!&
5kr4n4!&!
5kr4n4!&$
5kr4n4!&%
5kr4n4!&&
5kr4n4!&'#'
5kr4n4!&*
5kr4n4!&@
5kr4n4!'#'
5kr4n4!'#'!
5kr4n4!'#'$
5kr4n4!'#'%
5kr4n4!'#'&
5kr4n4!'#'*
5kr4n4!'#'@
5kr4n4!*
5kr4n4!*!
5kr4n4!*$
5kr4n4!*%
5kr4n4!*&
5kr4n4!*'#'
5kr4n4!**
5kr4n4!*@
5kr4n4!@
5kr4n4!@!
5kr4n4!@$
5kr4n4!@%
5kr4n4!@&
5kr4n4!@'#'
5kr4n4!@*
5kr4n4!@@
5kr4n4$
5kr4n4$!
5kr4n4$!!
5kr4n4$!$
5kr4n4$!%
5kr4n4$!&
5kr4n4$!'#'
5kr4n4$!*
5kr4n4$!@
5kr4n4$$
5kr4n4$$!
5kr4n4$$$
5kr4n4$$%
5kr4n4$$&
5kr4n4$$'#'
5kr4n4$$*
5kr4n4$$@
5kr4n4$%
5kr4n4$%!
5kr4n4$%$
5kr4n4$%%
5kr4n4$%&
5kr4n4$%'#'
5kr4n4$%*
5kr4n4$%@
5kr4n4$&
5kr4n4$&!
5kr4n4$&$
5kr4n4$&%
5kr4n4$&&
5kr4n4$&'#'
5kr4n4$&*
5kr4n4$&@
5kr4n4$'#'
5kr4n4$'#'!
5kr4n4$'#'$
5kr4n4$'#'%
5kr4n4$'#'&
5kr4n4$'#'*
5kr4n4$'#'@
5kr4n4$*
5kr4n4$*!
5kr4n4$*$
5kr4n4$*%
5kr4n4$*&
5kr4n4$*'#'
5kr4n4$**
5kr4n4$*@
5kr4n4$@
5kr4n4$@!
5kr4n4$@$
5kr4n4$@%
5kr4n4$@&
5kr4n4$@'#'
5kr4n4$@*
5kr4n4$@@
5kr4n4%
5kr4n4%!
5kr4n4%!!
5kr4n4%!$
5kr4n4%!%
5kr4n4%!&
5kr4n4%!'#'
5kr4n4%!*
5kr4n4%!@
5kr4n4%$
5kr4n4%$!
5kr4n4%$$
5kr4n4%$%
5kr4n4%$&
5kr4n4%$'#'
5kr4n4%$*
5kr4n4%$@
5kr4n4%%
5kr4n4%%!
5kr4n4%%$
5kr4n4%%%
5kr4n4%%&
5kr4n4%%'#'
5kr4n4%%*
5kr4n4%%@
5kr4n4%&
5kr4n4%&!
5kr4n4%&$
5kr4n4%&%
5kr4n4%&&
5kr4n4%&'#'
5kr4n4%&*
5kr4n4%&@
5kr4n4%'#'
5kr4n4%'#'!
5kr4n4%'#'$
5kr4n4%'#'%
5kr4n4%'#'&
5kr4n4%'#'*
5kr4n4%'#'@
5kr4n4%*
5kr4n4%*!
5kr4n4%*$
5kr4n4%*%
5kr4n4%*&
5kr4n4%*'#'
5kr4n4%**
5kr4n4%*@
5kr4n4%@
5kr4n4%@!
5kr4n4%@$
5kr4n4%@%
5kr4n4%@&
5kr4n4%@'#'
5kr4n4%@*
5kr4n4%@@
5kr4n4&
5kr4n4&!
5kr4n4&!!
5kr4n4&!$
5kr4n4&!%
5kr4n4&!&
5kr4n4&!'#'
5kr4n4&!*
5kr4n4&!@
5kr4n4&$
5kr4n4&$!
5kr4n4&$$
5kr4n4&$%
5kr4n4&$&
5kr4n4&$'#'
5kr4n4&$*
5kr4n4&$@
5kr4n4&%
5kr4n4&%!
5kr4n4&%$
5kr4n4&%%
5kr4n4&%&
5kr4n4&%'#'
5kr4n4&%*
5kr4n4&%@
5kr4n4&&
5kr4n4&&!
5kr4n4&&$
5kr4n4&&%
5kr4n4&&&
5kr4n4&&'#'
5kr4n4&&*
5kr4n4&&@
5kr4n4&'#'
5kr4n4&'#'!
5kr4n4&'#'$
5kr4n4&'#'%
5kr4n4&'#'&
5kr4n4&'#'*
5kr4n4&'#'@
5kr4n4&*
5kr4n4&*!
5kr4n4&*$
5kr4n4&*%
5kr4n4&*&
5kr4n4&*'#'
5kr4n4&**
5kr4n4&*@
5kr4n4&@
5kr4n4&@!
5kr4n4&@$
5kr4n4&@%
5kr4n4&@&
5kr4n4&@'#'
5kr4n4&@*
5kr4n4&@@
5kr4n4'#'
5kr4n4'#'!
5kr4n4'#'!!
5kr4n4'#'!$
5kr4n4'#'!%
5kr4n4'#'!&
5kr4n4'#'!*
5kr4n4'#'!@
5kr4n4'#'$
5kr4n4'#'$!
5kr4n4'#'$$
5kr4n4'#'$%
5kr4n4'#'$&
5kr4n4'#'$*
5kr4n4'#'$@
5kr4n4'#'%
5kr4n4'#'%!
5kr4n4'#'%$
5kr4n4'#'%%
5kr4n4'#'%&
5kr4n4'#'%*
5kr4n4'#'%@
5kr4n4'#'&
5kr4n4'#'&!
5kr4n4'#'&$
5kr4n4'#'&%
5kr4n4'#'&&
5kr4n4'#'&*
5kr4n4'#'&@
5kr4n4'#'*
5kr4n4'#'*!
5kr4n4'#'*$
5kr4n4'#'*%
5kr4n4'#'*&
5kr4n4'#'**
5kr4n4'#'*@
5kr4n4'#'@
5kr4n4'#'@!
5kr4n4'#'@$
5kr4n4'#'@%
5kr4n4'#'@&
5kr4n4'#'@*
5kr4n4'#'@@
5kr4n4*
5kr4n4*!
5kr4n4*!!
5kr4n4*!$
5kr4n4*!%
5kr4n4*!&
5kr4n4*!'#'
5kr4n4*!*
5kr4n4*!@
5kr4n4*$
5kr4n4*$!
5kr4n4*$$
5kr4n4*$%
5kr4n4*$&
5kr4n4*$'#'
5kr4n4*$*
5kr4n4*$@
5kr4n4*%
5kr4n4*%!
5kr4n4*%$
5kr4n4*%%
5kr4n4*%&
5kr4n4*%'#'
5kr4n4*%*
5kr4n4*%@
5kr4n4*&
5kr4n4*&!
5kr4n4*&$
5kr4n4*&%
5kr4n4*&&
5kr4n4*&'#'
5kr4n4*&*
5kr4n4*&@
5kr4n4*'#'
5kr4n4*'#'!
5kr4n4*'#'$
5kr4n4*'#'%
5kr4n4*'#'&
5kr4n4*'#'*
5kr4n4*'#'@
5kr4n4**
5kr4n4**!
5kr4n4**$
5kr4n4**%
5kr4n4**&
5kr4n4**'#'
5kr4n4***
5kr4n4**@
5kr4n4*@
5kr4n4*@!
5kr4n4*@$
5kr4n4*@%
5kr4n4*@&
5kr4n4*@'#'
5kr4n4*@*
5kr4n4*@@
5kr4n40
5kr4n4009
5kr4n400901
5kr4n400909
5kr4n40091
5kr4n401
5kr4n401009
5kr4n40109
5kr4n401091
5kr4n4011
5kr4n401109
5kr4n401187
5kr4n40187
5kr4n401871
5kr4n401987
5kr4n409
5kr4n409009
5kr4n40901
5kr4n409011
5kr4n4091
5kr4n409101
5kr4n41
5kr4n410
5kr4n41009
5kr4n4101
5kr4n410109
5kr4n410187
5kr4n4109
5kr4n410901
5kr4n411
5kr4n411987
5kr4n412
5kr4n412009
5kr4n413
5kr4n414
5kr4n415
5kr4n416
5kr4n417
5kr4n418
5kr4n4187
5kr4n418701
5kr4n419
5kr4n41987
5kr4n419871
5kr4n41990
5kr4n41991
5kr4n41992
5kr4n41993
5kr4n41994
5kr4n41995
5kr4n41996
5kr4n41997
5kr4n41998
5kr4n41999
5kr4n42
5kr4n420
5kr4n42000
5kr4n42001
5kr4n42002
5kr4n42003
5kr4n42004
5kr4n42005
5kr4n42006
5kr4n42007
5kr4n42008
5kr4n42009
5kr4n420091
5kr4n42010
5kr4n42011
5kr4n42012
5kr4n42013
5kr4n42014
5kr4n42015
5kr4n42016
5kr4n42017
5kr4n42018
5kr4n42019
5kr4n42020
5kr4n421
5kr4n422
5kr4n423
5kr4n424
5kr4n425
5kr4n426
5kr4n427
5kr4n428
5kr4n429
5kr4n43
5kr4n430
5kr4n431
5kr4n432
5kr4n433
5kr4n434
5kr4n435
5kr4n436
5kr4n437
5kr4n438
5kr4n439
5kr4n44
5kr4n440
5kr4n441
5kr4n442
5kr4n443
5kr4n444
5kr4n445
5kr4n446
5kr4n447
5kr4n448
5kr4n449
5kr4n45
5kr4n450
5kr4n451
5kr4n452
5kr4n453
5kr4n454
5kr4n455
5kr4n456
5kr4n457
5kr4n458
5kr4n459
5kr4n46
5kr4n460
5kr4n461
5kr4n462
5kr4n463
5kr4n464
5kr4n465
5kr4n466
5kr4n467
5kr4n468
5kr4n469
5kr4n47
5kr4n470
5kr4n471
5kr4n472
5kr4n473
5kr4n474
5kr4n475
5kr4n476
5kr4n477
5kr4n478
5kr4n479
5kr4n48
5kr4n480
5kr4n481
5kr4n482
5kr4n483
5kr4n484
5kr4n485
5kr4n486
5kr4n487
5kr4n48701
5kr4n487011
5kr4n4871
5kr4n487101
5kr4n487987
5kr4n488
5kr4n489
5kr4n49
5kr4n490
5kr4n491
5kr4n492
5kr4n493
5kr4n494
5kr4n495
5kr4n496
5kr4n497
5kr4n498
5kr4n4987
5kr4n498701
5kr4n49871
5kr4n498787
5kr4n499
5kr4n4@
5kr4n4@!
5kr4n4@!!
5kr4n4@!$
5kr4n4@!%
5kr4n4@!&
5kr4n4@!'#'
5kr4n4@!*
5kr4n4@!@
5kr4n4@$
5kr4n4@$!
5kr4n4@$$
5kr4n4@$%
5kr4n4@$&
5kr4n4@$'#'
5kr4n4@$*
5kr4n4@$@
5kr4n4@%
5kr4n4@%!
5kr4n4@%$
5kr4n4@%%
5kr4n4@%&
5kr4n4@%'#'
5kr4n4@%*
5kr4n4@%@
5kr4n4@&
5kr4n4@&!
5kr4n4@&$
5kr4n4@&%
5kr4n4@&&
5kr4n4@&'#'
5kr4n4@&*
5kr4n4@&@
5kr4n4@'#'
5kr4n4@'#'!
5kr4n4@'#'$
5kr4n4@'#'%
5kr4n4@'#'&
5kr4n4@'#'*
5kr4n4@'#'@
5kr4n4@*
5kr4n4@*!
5kr4n4@*$
5kr4n4@*%
5kr4n4@*&
5kr4n4@*'#'
5kr4n4@**
5kr4n4@*@
5kr4n4@@
5kr4n4@@!
5kr4n4@@$
5kr4n4@@%
5kr4n4@@&
5kr4n4@@'#'
5kr4n4@@*
5kr4n4@@@
5kr4n4_009
5kr4n4_0091
5kr4n4_01
5kr4n4_0109
5kr4n4_011
5kr4n4_0187
5kr4n4_09
5kr4n4_0901
5kr4n4_091
5kr4n4_1
5kr4n4_1009
5kr4n4_101
5kr4n4_109
5kr4n4_187
5kr4n4_1987
5kr4n4_1990
5kr4n4_1991
5kr4n4_1992
5kr4n4_1993
5kr4n4_1994
5kr4n4_1995
5kr4n4_1996
5kr4n4_1997
5kr4n4_1998
5kr4n4_1999
5kr4n4_2000
5kr4n4_2001
5kr4n4_2002
5kr4n4_2003
5kr4n4_2004
5kr4n4_2005
5kr4n4_2006
5kr4n4_2007
5kr4n4_2008
5kr4n4_2009
5kr4n4_2010
5kr4n4_2011
5kr4n4_2012
5kr4n4_2013
5kr4n4_2014
5kr4n4_2015
5kr4n4_2016
5kr4n4_2017
5kr4n4_2018
5kr4n4_2019
5kr4n4_2020
5kr4n4_87
5kr4n4_8701
5kr4n4_871
5kr4n4_987
5kr4n4_9871
600606
600606
600607
600607
60062006
60062006
606006
606006
6062006
6062006
607006
607006
6072006
6072006
62006006
62006006
6200606
6200606
6200607
6200607
620067
620067
672006
672006
700606
700606
700607
700607
70062006
70062006
706006
706006
7062006
7062006
707006
707006
7072006
7072006
72006006
72006006
7200606
7200606
7200607
7200607
720066
720066
762006
762006
87011987
87011987
8701987
8701987
8711987
8711987
871987
871987
87198701
87198701
8719871
8719871
871987987
871987987
8798701
8798701
879871
879871
879871987
879871987
987011
987011
987011987
987011987
9870187
9870187
987101
987101
98711987
98711987
987187
987187
9871987
9871987
987198701
987198701
98719871
98719871
987198787
987198787
9878701
9878701
987871
987871
987871987
987871987
@'#''#'
@'#''#'
B1070x
B1070x!
B1070x!!
B1070x!!!
B1070x!!$
B1070x!!%
B1070x!!&
B1070x!!'#'
B1070x!!*
B1070x!!@
B1070x!$
B1070x!$!
B1070x!$$
B1070x!$%
B1070x!$&
B1070x!$'#'
B1070x!$*
B1070x!$@
B1070x!%
B1070x!%!
B1070x!%$
B1070x!%%
B1070x!%&
B1070x!%'#'
B1070x!%*
B1070x!%@
B1070x!&
B1070x!&!
B1070x!&$
B1070x!&%
B1070x!&&
B1070x!&'#'
B1070x!&*
B1070x!&@
B1070x!'#'
B1070x!'#'!
B1070x!'#'$
B1070x!'#'%
B1070x!'#'&
B1070x!'#'*
B1070x!'#'@
B1070x!*
B1070x!*!
B1070x!*$
B1070x!*%
B1070x!*&
B1070x!*'#'
B1070x!**
B1070x!*@
B1070x!@
B1070x!@!
B1070x!@$
B1070x!@%
B1070x!@&
B1070x!@'#'
B1070x!@*
B1070x!@@
B1070x$
B1070x$!
B1070x$!!
B1070x$!$
B1070x$!%
B1070x$!&
B1070x$!'#'
B1070x$!*
B1070x$!@
B1070x$$
B1070x$$!
B1070x$$$
B1070x$$%
B1070x$$&
B1070x$$'#'
B1070x$$*
B1070x$$@
B1070x$%
B1070x$%!
B1070x$%$
B1070x$%%
B1070x$%&
B1070x$%'#'
B1070x$%*
B1070x$%@
B1070x$&
B1070x$&!
B1070x$&$
B1070x$&%
B1070x$&&
B1070x$&'#'
B1070x$&*
B1070x$&@
B1070x$'#'
B1070x$'#'!
B1070x$'#'$
B1070x$'#'%
B1070x$'#'&
B1070x$'#'*
B1070x$'#'@
B1070x$*
B1070x$*!
B1070x$*$
B1070x$*%
B1070x$*&
B1070x$*'#'
B1070x$**
B1070x$*@
B1070x$@
B1070x$@!
B1070x$@$
B1070x$@%
B1070x$@&
B1070x$@'#'
B1070x$@*
B1070x$@@
B1070x%
B1070x%!
B1070x%!!
B1070x%!$
B1070x%!%
B1070x%!&
B1070x%!'#'
B1070x%!*
B1070x%!@
B1070x%$
B1070x%$!
B1070x%$$
B1070x%$%
B1070x%$&
B1070x%$'#'
B1070x%$*
B1070x%$@
B1070x%%
B1070x%%!
B1070x%%$
B1070x%%%
B1070x%%&
B1070x%%'#'
B1070x%%*
B1070x%%@
B1070x%&
B1070x%&!
B1070x%&$
B1070x%&%
B1070x%&&
B1070x%&'#'
B1070x%&*
B1070x%&@
B1070x%'#'
B1070x%'#'!
B1070x%'#'$
B1070x%'#'%
B1070x%'#'&
B1070x%'#'*
B1070x%'#'@
B1070x%*
B1070x%*!
B1070x%*$
B1070x%*%
B1070x%*&
B1070x%*'#'
B1070x%**
B1070x%*@
B1070x%@
B1070x%@!
B1070x%@$
B1070x%@%
B1070x%@&
B1070x%@'#'
B1070x%@*
B1070x%@@
B1070x&
B1070x&!
B1070x&!!
B1070x&!$
B1070x&!%
B1070x&!&
B1070x&!'#'
B1070x&!*
B1070x&!@
B1070x&$
B1070x&$!
B1070x&$$
B1070x&$%
B1070x&$&
B1070x&$'#'
B1070x&$*
B1070x&$@
B1070x&%
B1070x&%!
B1070x&%$
B1070x&%%
B1070x&%&
B1070x&%'#'
B1070x&%*
B1070x&%@
B1070x&&
B1070x&&!
B1070x&&$
B1070x&&%
B1070x&&&
B1070x&&'#'
B1070x&&*
B1070x&&@
B1070x&'#'
B1070x&'#'!
B1070x&'#'$
B1070x&'#'%
B1070x&'#'&
B1070x&'#'*
B1070x&'#'@
B1070x&*
B1070x&*!
B1070x&*$
B1070x&*%
B1070x&*&
B1070x&*'#'
B1070x&**
B1070x&*@
B1070x&@
B1070x&@!
B1070x&@$
B1070x&@%
B1070x&@&
B1070x&@'#'
B1070x&@*
B1070x&@@
B1070x'#'
B1070x'#'!
B1070x'#'!!
B1070x'#'!$
B1070x'#'!%
B1070x'#'!&
B1070x'#'!*
B1070x'#'!@
B1070x'#'$
B1070x'#'$!
B1070x'#'$$
B1070x'#'$%
B1070x'#'$&
B1070x'#'$*
B1070x'#'$@
B1070x'#'%
B1070x'#'%!
B1070x'#'%$
B1070x'#'%%
B1070x'#'%&
B1070x'#'%*
B1070x'#'%@
B1070x'#'&
B1070x'#'&!
B1070x'#'&$
B1070x'#'&%
B1070x'#'&&
B1070x'#'&*
B1070x'#'&@
B1070x'#'*
B1070x'#'*!
B1070x'#'*$
B1070x'#'*%
B1070x'#'*&
B1070x'#'**
B1070x'#'*@
B1070x'#'@
B1070x'#'@!
B1070x'#'@$
B1070x'#'@%
B1070x'#'@&
B1070x'#'@*
B1070x'#'@@
B1070x*
B1070x*!
B1070x*!!
B1070x*!$
B1070x*!%
B1070x*!&
B1070x*!'#'
B1070x*!*
B1070x*!@
B1070x*$
B1070x*$!
B1070x*$$
B1070x*$%
B1070x*$&
B1070x*$'#'
B1070x*$*
B1070x*$@
B1070x*%
B1070x*%!
B1070x*%$
B1070x*%%
B1070x*%&
B1070x*%'#'
B1070x*%*
B1070x*%@
B1070x*&
B1070x*&!
B1070x*&$
B1070x*&%
B1070x*&&
B1070x*&'#'
B1070x*&*
B1070x*&@
B1070x*'#'
B1070x*'#'!
B1070x*'#'$
B1070x*'#'%
B1070x*'#'&
B1070x*'#'*
B1070x*'#'@
B1070x**
B1070x**!
B1070x**$
B1070x**%
B1070x**&
B1070x**'#'
B1070x***
B1070x**@
B1070x*@
B1070x*@!
B1070x*@$
B1070x*@%
B1070x*@&
B1070x*@'#'
B1070x*@*
B1070x*@@
B1070x0
B1070x1
B1070x10
B1070x11
B1070x12
B1070x13
B1070x14
B1070x15
B1070x16
B1070x17
B1070x18
B1070x19
B1070x1990
B1070x1991
B1070x1992
B1070x1993
B1070x1994
B1070x1995
B1070x1996
B1070x1997
B1070x1998
B1070x1999
B1070x2
B1070x20
B1070x2000
B1070x2001
B1070x2002
B1070x2003
B1070x2004
B1070x2005
B1070x2006
B1070x2007
B1070x2008
B1070x2009
B1070x2010
B1070x2011
B1070x2012
B1070x2013
B1070x2014
B1070x2015
B1070x2016
B1070x2017
B1070x2018
B1070x2019
B1070x2020
B1070x21
B1070x22
B1070x23
B1070x24
B1070x25
B1070x26
B1070x27
B1070x28
B1070x29
B1070x3
B1070x30
B1070x31
B1070x32
B1070x33
B1070x34
B1070x35
B1070x36
B1070x37
B1070x38
B1070x39
B1070x4
B1070x40
B1070x41
B1070x42
B1070x43
B1070x44
B1070x45
B1070x46
B1070x47
B1070x48
B1070x49
B1070x5
B1070x50
B1070x51
B1070x52
B1070x53
B1070x54
B1070x55
B1070x56
B1070x57
B1070x58
B1070x59
B1070x6
B1070x60
B1070x61
B1070x62
B1070x63
B1070x64
B1070x65
B1070x66
B1070x67
B1070x68
B1070x69
B1070x7
B1070x70
B1070x71
B1070x72
B1070x73
B1070x74
B1070x75
B1070x76
B1070x77
B1070x78
B1070x79
B1070x8
B1070x80
B1070x81
B1070x82
B1070x83
B1070x84
B1070x85
B1070x86
B1070x87
B1070x88
B1070x89
B1070x9
B1070x90
B1070x91
B1070x92
B1070x93
B1070x94
B1070x95
B1070x96
B1070x97
B1070x98
B1070x99
B1070x@
B1070x@!
B1070x@!!
B1070x@!$
B1070x@!%
B1070x@!&
B1070x@!'#'
B1070x@!*
B1070x@!@
B1070x@$
B1070x@$!
B1070x@$$
B1070x@$%
B1070x@$&
B1070x@$'#'
B1070x@$*
B1070x@$@
B1070x@%
B1070x@%!
B1070x@%$
B1070x@%%
B1070x@%&
B1070x@%'#'
B1070x@%*
B1070x@%@
B1070x@&
B1070x@&!
B1070x@&$
B1070x@&%
B1070x@&&
B1070x@&'#'
B1070x@&*
B1070x@&@
B1070x@'#'
B1070x@'#'!
B1070x@'#'$
B1070x@'#'%
B1070x@'#'&
B1070x@'#'*
B1070x@'#'@
B1070x@*
B1070x@*!
B1070x@*$
B1070x@*%
B1070x@*&
B1070x@*'#'
B1070x@**
B1070x@*@
B1070x@@
B1070x@@!
B1070x@@$
B1070x@@%
B1070x@@&
B1070x@@'#'
B1070x@@*
B1070x@@@
B1070x_1990
B1070x_1991
B1070x_1992
B1070x_1993
B1070x_1994
B1070x_1995
B1070x_1996
B1070x_1997
B1070x_1998
B1070x_1999
B1070x_2000
B1070x_2001
B1070x_2002
B1070x_2003
B1070x_2004
B1070x_2005
B1070x_2006
B1070x_2007
B1070x_2008
B1070x_2009
B1070x_2010
B1070x_2011
B1070x_2012
B1070x_2013
B1070x_2014
B1070x_2015
B1070x_2016
B1070x_2017
B1070x_2018
B1070x_2019
B1070x_2020
Biotox
Biotox!
Biotox!!
Biotox!!!
Biotox!!$
Biotox!!%
Biotox!!&
Biotox!!'#'
Biotox!!*
Biotox!!@
Biotox!$
Biotox!$!
Biotox!$$
Biotox!$%
Biotox!$&
Biotox!$'#'
Biotox!$*
Biotox!$@
Biotox!%
Biotox!%!
Biotox!%$
Biotox!%%
Biotox!%&
Biotox!%'#'
Biotox!%*
Biotox!%@
Biotox!&
Biotox!&!
Biotox!&$
Biotox!&%
Biotox!&&
Biotox!&'#'
Biotox!&*
Biotox!&@
Biotox!'#'
Biotox!'#'!
Biotox!'#'$
Biotox!'#'%
Biotox!'#'&
Biotox!'#'*
Biotox!'#'@
Biotox!*
Biotox!*!
Biotox!*$
Biotox!*%
Biotox!*&
Biotox!*'#'
Biotox!**
Biotox!*@
Biotox!@
Biotox!@!
Biotox!@$
Biotox!@%
Biotox!@&
Biotox!@'#'
Biotox!@*
Biotox!@@
Biotox$
Biotox$!
Biotox$!!
Biotox$!$
Biotox$!%
Biotox$!&
Biotox$!'#'
Biotox$!*
Biotox$!@
Biotox$$
Biotox$$!
Biotox$$$
Biotox$$%
Biotox$$&
Biotox$$'#'
Biotox$$*
Biotox$$@
Biotox$%
Biotox$%!
Biotox$%$
Biotox$%%
Biotox$%&
Biotox$%'#'
Biotox$%*
Biotox$%@
Biotox$&
Biotox$&!
Biotox$&$
Biotox$&%
Biotox$&&
Biotox$&'#'
Biotox$&*
Biotox$&@
Biotox$'#'
Biotox$'#'!
Biotox$'#'$
Biotox$'#'%
Biotox$'#'&
Biotox$'#'*
Biotox$'#'@
Biotox$*
Biotox$*!
Biotox$*$
Biotox$*%
Biotox$*&
Biotox$*'#'
Biotox$**
Biotox$*@
Biotox$@
Biotox$@!
Biotox$@$
Biotox$@%
Biotox$@&
Biotox$@'#'
Biotox$@*
Biotox$@@
Biotox%
Biotox%!
Biotox%!!
Biotox%!$
Biotox%!%
Biotox%!&
Biotox%!'#'
Biotox%!*
Biotox%!@
Biotox%$
Biotox%$!
Biotox%$$
Biotox%$%
Biotox%$&
Biotox%$'#'
Biotox%$*
Biotox%$@
Biotox%%
Biotox%%!
Biotox%%$
Biotox%%%
Biotox%%&
Biotox%%'#'
Biotox%%*
Biotox%%@
Biotox%&
Biotox%&!
Biotox%&$
Biotox%&%
Biotox%&&
Biotox%&'#'
Biotox%&*
Biotox%&@
Biotox%'#'
Biotox%'#'!
Biotox%'#'$
Biotox%'#'%
Biotox%'#'&
Biotox%'#'*
Biotox%'#'@
Biotox%*
Biotox%*!
Biotox%*$
Biotox%*%
Biotox%*&
Biotox%*'#'
Biotox%**
Biotox%*@
Biotox%@
Biotox%@!
Biotox%@$
Biotox%@%
Biotox%@&
Biotox%@'#'
Biotox%@*
Biotox%@@
Biotox&
Biotox&!
Biotox&!!
Biotox&!$
Biotox&!%
Biotox&!&
Biotox&!'#'
Biotox&!*
Biotox&!@
Biotox&$
Biotox&$!
Biotox&$$
Biotox&$%
Biotox&$&
Biotox&$'#'
Biotox&$*
Biotox&$@
Biotox&%
Biotox&%!
Biotox&%$
Biotox&%%
Biotox&%&
Biotox&%'#'
Biotox&%*
Biotox&%@
Biotox&&
Biotox&&!
Biotox&&$
Biotox&&%
Biotox&&&
Biotox&&'#'
Biotox&&*
Biotox&&@
Biotox&'#'
Biotox&'#'!
Biotox&'#'$
Biotox&'#'%
Biotox&'#'&
Biotox&'#'*
Biotox&'#'@
Biotox&*
Biotox&*!
Biotox&*$
Biotox&*%
Biotox&*&
Biotox&*'#'
Biotox&**
Biotox&*@
Biotox&@
Biotox&@!
Biotox&@$
Biotox&@%
Biotox&@&
Biotox&@'#'
Biotox&@*
Biotox&@@
Biotox'#'
Biotox'#'!
Biotox'#'!!
Biotox'#'!$
Biotox'#'!%
Biotox'#'!&
Biotox'#'!*
Biotox'#'!@
Biotox'#'$
Biotox'#'$!
Biotox'#'$$
Biotox'#'$%
Biotox'#'$&
Biotox'#'$*
Biotox'#'$@
Biotox'#'%
Biotox'#'%!
Biotox'#'%$
Biotox'#'%%
Biotox'#'%&
Biotox'#'%*
Biotox'#'%@
Biotox'#'&
Biotox'#'&!
Biotox'#'&$
Biotox'#'&%
Biotox'#'&&
Biotox'#'&*
Biotox'#'&@
Biotox'#'*
Biotox'#'*!
Biotox'#'*$
Biotox'#'*%
Biotox'#'*&
Biotox'#'**
Biotox'#'*@
Biotox'#'@
Biotox'#'@!
Biotox'#'@$
Biotox'#'@%
Biotox'#'@&
Biotox'#'@*
Biotox'#'@@
Biotox*
Biotox*!
Biotox*!!
Biotox*!$
Biotox*!%
Biotox*!&
Biotox*!'#'
Biotox*!*
Biotox*!@
Biotox*$
Biotox*$!
Biotox*$$
Biotox*$%
Biotox*$&
Biotox*$'#'
Biotox*$*
Biotox*$@
Biotox*%
Biotox*%!
Biotox*%$
Biotox*%%
Biotox*%&
Biotox*%'#'
Biotox*%*
Biotox*%@
Biotox*&
Biotox*&!
Biotox*&$
Biotox*&%
Biotox*&&
Biotox*&'#'
Biotox*&*
Biotox*&@
Biotox*'#'
Biotox*'#'!
Biotox*'#'$
Biotox*'#'%
Biotox*'#'&
Biotox*'#'*
Biotox*'#'@
Biotox**
Biotox**!
Biotox**$
Biotox**%
Biotox**&
Biotox**'#'
Biotox***
Biotox**@
Biotox*@
Biotox*@!
Biotox*@$
Biotox*@%
Biotox*@&
Biotox*@'#'
Biotox*@*
Biotox*@@
Biotox0
Biotox1
Biotox10
Biotox11
Biotox12
Biotox13
Biotox14
Biotox15
Biotox16
Biotox17
Biotox18
Biotox19
Biotox1990
Biotox1991
Biotox1992
Biotox1993
Biotox1994
Biotox1995
Biotox1996
Biotox1997
Biotox1998
Biotox1999
Biotox2
Biotox20
Biotox2000
Biotox2001
Biotox2002
Biotox2003
Biotox2004
Biotox2005
Biotox2006
Biotox2007
Biotox2008
Biotox2009
Biotox2010
Biotox2011
Biotox2012
Biotox2013
Biotox2014
Biotox2015
Biotox2016
Biotox2017
Biotox2018
Biotox2019
Biotox2020
Biotox21
Biotox22
Biotox23
Biotox24
Biotox25
Biotox26
Biotox27
Biotox28
Biotox29
Biotox3
Biotox30
Biotox31
Biotox32
Biotox33
Biotox34
Biotox35
Biotox36
Biotox37
Biotox38
Biotox39
Biotox4
Biotox40
Biotox41
Biotox42
Biotox43
Biotox44
Biotox45
Biotox46
Biotox47
Biotox48
Biotox49
Biotox5
Biotox50
Biotox51
Biotox52
Biotox53
Biotox54
Biotox55
Biotox56
Biotox57
Biotox58
Biotox59
Biotox6
Biotox60
Biotox61
Biotox62
Biotox63
Biotox64
Biotox65
Biotox66
Biotox67
Biotox68
Biotox69
Biotox7
Biotox70
Biotox71
Biotox72
Biotox73
Biotox74
Biotox75
Biotox76
Biotox77
Biotox78
Biotox79
Biotox8
Biotox80
Biotox81
Biotox82
Biotox83
Biotox84
Biotox85
Biotox86
Biotox87
Biotox88
Biotox89
Biotox9
Biotox90
Biotox91
Biotox92
Biotox93
Biotox94
Biotox95
Biotox96
Biotox97
Biotox98
Biotox99
Biotox@
Biotox@!
Biotox@!!
Biotox@!$
Biotox@!%
Biotox@!&
Biotox@!'#'
Biotox@!*
Biotox@!@
Biotox@$
Biotox@$!
Biotox@$$
Biotox@$%
Biotox@$&
Biotox@$'#'
Biotox@$*
Biotox@$@
Biotox@%
Biotox@%!
Biotox@%$
Biotox@%%
Biotox@%&
Biotox@%'#'
Biotox@%*
Biotox@%@
Biotox@&
Biotox@&!
Biotox@&$
Biotox@&%
Biotox@&&
Biotox@&'#'
Biotox@&*
Biotox@&@
Biotox@'#'
Biotox@'#'!
Biotox@'#'$
Biotox@'#'%
Biotox@'#'&
Biotox@'#'*
Biotox@'#'@
Biotox@*
Biotox@*!
Biotox@*$
Biotox@*%
Biotox@*&
Biotox@*'#'
Biotox@**
Biotox@*@
Biotox@@
Biotox@@!
Biotox@@$
Biotox@@%
Biotox@@&
Biotox@@'#'
Biotox@@*
Biotox@@@
Biotox_1990
Biotox_1991
Biotox_1992
Biotox_1993
Biotox_1994
Biotox_1995
Biotox_1996
Biotox_1997
Biotox_1998
Biotox_1999
Biotox_2000
Biotox_2001
Biotox_2002
Biotox_2003
Biotox_2004
Biotox_2005
Biotox_2006
Biotox_2007
Biotox_2008
Biotox_2009
Biotox_2010
Biotox_2011
Biotox_2012
Biotox_2013
Biotox_2014
Biotox_2015
Biotox_2016
Biotox_2017
Biotox_2018
Biotox_2019
Biotox_2020
Bu51n355
Bu51n355!
Bu51n355!!
Bu51n355!!!
Bu51n355!!$
Bu51n355!!%
Bu51n355!!&
Bu51n355!!*
Bu51n355!!@
Bu51n355!$
Bu51n355!$!
Bu51n355!$$
Bu51n355!$%
Bu51n355!$&
Bu51n355!$*
Bu51n355!$@
Bu51n355!%
Bu51n355!%!
Bu51n355!%$
Bu51n355!%%
Bu51n355!%&
Bu51n355!%*
Bu51n355!%@
Bu51n355!&
Bu51n355!&!
Bu51n355!&$
Bu51n355!&%
Bu51n355!&&
Bu51n355!&*
Bu51n355!&@
Bu51n355!*
Bu51n355!*!
Bu51n355!*$
Bu51n355!*%
Bu51n355!*&
Bu51n355!**
Bu51n355!*@
Bu51n355!@
Bu51n355!@!
Bu51n355!@$
Bu51n355!@%
Bu51n355!@&
Bu51n355!@*
Bu51n355!@@
Bu51n355$
Bu51n355$!
Bu51n355$!!
Bu51n355$!$
Bu51n355$!%
Bu51n355$!&
Bu51n355$!*
Bu51n355$!@
Bu51n355$$
Bu51n355$$!
Bu51n355$$$
Bu51n355$$%
Bu51n355$$&
Bu51n355$$*
Bu51n355$$@
Bu51n355$%
Bu51n355$%!
Bu51n355$%$
Bu51n355$%%
Bu51n355$%&
Bu51n355$%*
Bu51n355$%@
Bu51n355$&
Bu51n355$&!
Bu51n355$&$
Bu51n355$&%
Bu51n355$&&
Bu51n355$&*
Bu51n355$&@
Bu51n355$*
Bu51n355$*!
Bu51n355$*$
Bu51n355$*%
Bu51n355$*&
Bu51n355$**
Bu51n355$*@
Bu51n355$@
Bu51n355$@!
Bu51n355$@$
Bu51n355$@%
Bu51n355$@&
Bu51n355$@*
Bu51n355$@@
Bu51n355%
Bu51n355%!
Bu51n355%!!
Bu51n355%!$
Bu51n355%!%
Bu51n355%!&
Bu51n355%!*
Bu51n355%!@
Bu51n355%$
Bu51n355%$!
Bu51n355%$$
Bu51n355%$%
Bu51n355%$&
Bu51n355%$*
Bu51n355%$@
Bu51n355%%
Bu51n355%%!
Bu51n355%%$
Bu51n355%%%
Bu51n355%%&
Bu51n355%%*
Bu51n355%%@
Bu51n355%&
Bu51n355%&!
Bu51n355%&$
Bu51n355%&%
Bu51n355%&&
Bu51n355%&*
Bu51n355%&@
Bu51n355%*
Bu51n355%*!
Bu51n355%*$
Bu51n355%*%
Bu51n355%*&
Bu51n355%**
Bu51n355%*@
Bu51n355%@
Bu51n355%@!
Bu51n355%@$
Bu51n355%@%
Bu51n355%@&
Bu51n355%@*
Bu51n355%@@
Bu51n355&
Bu51n355&!
Bu51n355&!!
Bu51n355&!$
Bu51n355&!%
Bu51n355&!&
Bu51n355&!*
Bu51n355&!@
Bu51n355&$
Bu51n355&$!
Bu51n355&$$
Bu51n355&$%
Bu51n355&$&
Bu51n355&$*
Bu51n355&$@
Bu51n355&%
Bu51n355&%!
Bu51n355&%$
Bu51n355&%%
Bu51n355&%&
Bu51n355&%*
Bu51n355&%@
Bu51n355&&
Bu51n355&&!
Bu51n355&&$
Bu51n355&&%
Bu51n355&&&
Bu51n355&&*
Bu51n355&&@
Bu51n355&*
Bu51n355&*!
Bu51n355&*$
Bu51n355&*%
Bu51n355&*&
Bu51n355&**
Bu51n355&*@
Bu51n355&@
Bu51n355&@!
Bu51n355&@$
Bu51n355&@%
Bu51n355&@&
Bu51n355&@*
Bu51n355&@@
Bu51n355'#'
Bu51n355*
Bu51n355*!
Bu51n355*!!
Bu51n355*!$
Bu51n355*!%
Bu51n355*!&
Bu51n355*!*
Bu51n355*!@
Bu51n355*$
Bu51n355*$!
Bu51n355*$$
Bu51n355*$%
Bu51n355*$&
Bu51n355*$*
Bu51n355*$@
Bu51n355*%
Bu51n355*%!
Bu51n355*%$
Bu51n355*%%
Bu51n355*%&
Bu51n355*%*
Bu51n355*%@
Bu51n355*&
Bu51n355*&!
Bu51n355*&$
Bu51n355*&%
Bu51n355*&&
Bu51n355*&*
Bu51n355*&@
Bu51n355**
Bu51n355**!
Bu51n355**$
Bu51n355**%
Bu51n355**&
Bu51n355***
Bu51n355**@
Bu51n355*@
Bu51n355*@!
Bu51n355*@$
Bu51n355*@%
Bu51n355*@&
Bu51n355*@*
Bu51n355*@@
Bu51n3550
Bu51n355006
Bu51n355009
Bu51n35501
Bu51n355011
Bu51n35506
Bu51n355066
Bu51n355067
Bu51n35507
Bu51n355076
Bu51n355077
Bu51n35509
Bu51n355091
Bu51n3551
Bu51n35510
Bu51n355101
Bu51n355109
Bu51n35511
Bu51n35512
Bu51n35513
Bu51n35514
Bu51n35515
Bu51n35516
Bu51n35517
Bu51n35518
Bu51n355187
Bu51n35519
Bu51n3552
Bu51n35520
Bu51n35521
Bu51n35522
Bu51n35523
Bu51n35524
Bu51n35525
Bu51n35526
Bu51n35527
Bu51n35528
Bu51n35529
Bu51n3553
Bu51n35530
Bu51n35531
Bu51n35532
Bu51n35533
Bu51n35534
Bu51n35535
Bu51n35536
Bu51n35537
Bu51n35538
Bu51n35539
Bu51n3554
Bu51n35540
Bu51n35541
Bu51n35542
Bu51n35543
Bu51n35544
Bu51n35545
Bu51n35546
Bu51n35547
Bu51n35548
Bu51n35549
Bu51n3555
Bu51n35550
Bu51n35551
Bu51n35552
Bu51n35553
Bu51n35554
Bu51n35555
Bu51n35556
Bu51n35557
Bu51n35558
Bu51n35559
Bu51n3556
Bu51n35560
Bu51n355606
Bu51n355607
Bu51n35561
Bu51n35562
Bu51n35563
Bu51n35564
Bu51n35565
Bu51n35566
Bu51n35567
Bu51n35568
Bu51n35569
Bu51n3557
Bu51n35570
Bu51n355706
Bu51n355707
Bu51n35571
Bu51n35572
Bu51n35573
Bu51n35574
Bu51n35575
Bu51n35576
Bu51n35577
Bu51n35578
Bu51n35579
Bu51n3558
Bu51n35580
Bu51n35581
Bu51n35582
Bu51n35583
Bu51n35584
Bu51n35585
Bu51n35586
Bu51n35587
Bu51n355871
Bu51n35588
Bu51n35589
Bu51n3559
Bu51n35590
Bu51n35591
Bu51n35592
Bu51n35593
Bu51n35594
Bu51n35595
Bu51n35596
Bu51n35597
Bu51n35598
Bu51n355987
Bu51n35599
Bu51n355@
Bu51n355@!
Bu51n355@!!
Bu51n355@!$
Bu51n355@!%
Bu51n355@!&
Bu51n355@!*
Bu51n355@!@
Bu51n355@$
Bu51n355@$!
Bu51n355@$$
Bu51n355@$%
Bu51n355@$&
Bu51n355@$*
Bu51n355@$@
Bu51n355@%
Bu51n355@%!
Bu51n355@%$
Bu51n355@%%
Bu51n355@%&
Bu51n355@%*
Bu51n355@%@
Bu51n355@&
Bu51n355@&!
Bu51n355@&$
Bu51n355@&%
Bu51n355@&&
Bu51n355@&*
Bu51n355@&@
Bu51n355@*
Bu51n355@*!
Bu51n355@*$
Bu51n355@*%
Bu51n355@*&
Bu51n355@**
Bu51n355@*@
Bu51n355@@
Bu51n355@@!
Bu51n355@@$
Bu51n355@@%
Bu51n355@@&
Bu51n355@@*
Bu51n355@@@
Bu51n355_01
Bu51n355_06
Bu51n355_07
Bu51n355_09
Bu51n355_1
Bu51n355_6
Bu51n355_67
Bu51n355_7
Bu51n355_76
Bu51n355_87
Business
Business!
Business!!
Business!!!
Business!!$
Business!!%
Business!!&
Business!!*
Business!!@
Business!$
Business!$!
Business!$$
Business!$%
Business!$&
Business!$*
Business!$@
Business!%
Business!%!
Business!%$
Business!%%
Business!%&
Business!%*
Business!%@
Business!&
Business!&!
Business!&$
Business!&%
Business!&&
Business!&*
Business!&@
Business!*
Business!*!
Business!*$
Business!*%
Business!*&
Business!**
Business!*@
Business!@
Business!@!
Business!@$
Business!@%
Business!@&
Business!@*
Business!@@
Business$
Business$!
Business$!!
Business$!$
Business$!%
Business$!&
Business$!*
Business$!@
Business$$
Business$$!
Business$$$
Business$$%
Business$$&
Business$$*
Business$$@
Business$%
Business$%!
Business$%$
Business$%%
Business$%&
Business$%*
Business$%@
Business$&
Business$&!
Business$&$
Business$&%
Business$&&
Business$&*
Business$&@
Business$*
Business$*!
Business$*$
Business$*%
Business$*&
Business$**
Business$*@
Business$@
Business$@!
Business$@$
Business$@%
Business$@&
Business$@*
Business$@@
Business%
Business%!
Business%!!
Business%!$
Business%!%
Business%!&
Business%!*
Business%!@
Business%$
Business%$!
Business%$$
Business%$%
Business%$&
Business%$*
Business%$@
Business%%
Business%%!
Business%%$
Business%%%
Business%%&
Business%%*
Business%%@
Business%&
Business%&!
Business%&$
Business%&%
Business%&&
Business%&*
Business%&@
Business%*
Business%*!
Business%*$
Business%*%
Business%*&
Business%**
Business%*@
Business%@
Business%@!
Business%@$
Business%@%
Business%@&
Business%@*
Business%@@
Business&
Business&!
Business&!!
Business&!$
Business&!%
Business&!&
Business&!*
Business&!@
Business&$
Business&$!
Business&$$
Business&$%
Business&$&
Business&$*
Business&$@
Business&%
Business&%!
Business&%$
Business&%%
Business&%&
Business&%*
Business&%@
Business&&
Business&&!
Business&&$
Business&&%
Business&&&
Business&&*
Business&&@
Business&*
Business&*!
Business&*$
Business&*%
Business&*&
Business&**
Business&*@
Business&@
Business&@!
Business&@$
Business&@%
Business&@&
Business&@*
Business&@@
Business'#'
Business*
Business*!
Business*!!
Business*!$
Business*!%
Business*!&
Business*!*
Business*!@
Business*$
Business*$!
Business*$$
Business*$%
Business*$&
Business*$*
Business*$@
Business*%
Business*%!
Business*%$
Business*%%
Business*%&
Business*%*
Business*%@
Business*&
Business*&!
Business*&$
Business*&%
Business*&&
Business*&*
Business*&@
Business**
Business**!
Business**$
Business**%
Business**&
Business***
Business**@
Business*@
Business*@!
Business*@$
Business*@%
Business*@&
Business*@*
Business*@@
Business0
Business006
Business009
Business01
Business011
Business06
Business066
Business067
Business07
Business076
Business077
Business09
Business091
Business1
Business10
Business101
Business109
Business11
Business12
Business13
Business14
Business15
Business16
Business17
Business18
Business187
Business19
Business2
Business20
Business21
Business22
Business23
Business24
Business25
Business26
Business27
Business28
Business29
Business3
Business30
Business31
Business32
Business33
Business34
Business35
Business36
Business37
Business38
Business39
Business4
Business40
Business41
Business42
Business43
Business44
Business45
Business46
Business47
Business48
Business49
Business5
Business50
Business51
Business52
Business53
Business54
Business55
Business56
Business57
Business58
Business59
Business6
Business60
Business606
Business607
Business61
Business62
Business63
Business64
Business65
Business66
Business67
Business68
Business69
Business7
Business70
Business706
Business707
Business71
Business72
Business73
Business74
Business75
Business76
Business77
Business78
Business79
Business8
Business80
Business81
Business82
Business83
Business84
Business85
Business86
Business87
Business871
Business88
Business89
Business9
Business90
Business91
Business92
Business93
Business94
Business95
Business96
Business97
Business98
Business987
Business99
Business@
Business@!
Business@!!
Business@!$
Business@!%
Business@!&
Business@!*
Business@!@
Business@$
Business@$!
Business@$$
Business@$%
Business@$&
Business@$*
Business@$@
Business@%
Business@%!
Business@%$
Business@%%
Business@%&
Business@%*
Business@%@
Business@&
Business@&!
Business@&$
Business@&%
Business@&&
Business@&*
Business@&@
Business@*
Business@*!
Business@*$
Business@*%
Business@*&
Business@**
Business@*@
Business@@
Business@@!
Business@@$
Business@@%
Business@@&
Business@@*
Business@@@
Business_01
Business_06
Business_07
Business_09
Business_1
Business_6
Business_67
Business_7
Business_76
Business_87
N4j1mudd1n
N4j1mudd1n!
N4j1mudd1n$
N4j1mudd1n%
N4j1mudd1n&
N4j1mudd1n*
N4j1mudd1n0
N4j1mudd1n1
N4j1mudd1n2
N4j1mudd1n3
N4j1mudd1n4
N4j1mudd1n5
N4j1mudd1n6
N4j1mudd1n7
N4j1mudd1n8
N4j1mudd1n9
N4j1mudd1n@
Najimuddin
Najimuddin!
Najimuddin$
Najimuddin%
Najimuddin&
Najimuddin*
Najimuddin0
Najimuddin1
Najimuddin2
Najimuddin3
Najimuddin4
Najimuddin5
Najimuddin6
Najimuddin7
Najimuddin8
Najimuddin9
Najimuddin@
R0ck!!
R0ck!!!
R0ck!!$
R0ck!!%
R0ck!!&
R0ck!!'#'
R0ck!!*
R0ck!!@
R0ck!$
R0ck!$!
R0ck!$$
R0ck!$%
R0ck!$&
R0ck!$'#'
R0ck!$*
R0ck!$@
R0ck!%
R0ck!%!
R0ck!%$
R0ck!%%
R0ck!%&
R0ck!%'#'
R0ck!%*
R0ck!%@
R0ck!&
R0ck!&!
R0ck!&$
R0ck!&%
R0ck!&&
R0ck!&'#'
R0ck!&*
R0ck!&@
R0ck!'#'
R0ck!'#'!
R0ck!'#'$
R0ck!'#'%
R0ck!'#'&
R0ck!'#''#'
R0ck!'#'*
R0ck!'#'@
R0ck!*
R0ck!*!
R0ck!*$
R0ck!*%
R0ck!*&
R0ck!*'#'
R0ck!**
R0ck!*@
R0ck!@
R0ck!@!
R0ck!@$
R0ck!@%
R0ck!@&
R0ck!@'#'
R0ck!@*
R0ck!@@
R0ck$!
R0ck$!!
R0ck$!$
R0ck$!%
R0ck$!&
R0ck$!'#'
R0ck$!*
R0ck$!@
R0ck$$
R0ck$$!
R0ck$$$
R0ck$$%
R0ck$$&
R0ck$$'#'
R0ck$$*
R0ck$$@
R0ck$%
R0ck$%!
R0ck$%$
R0ck$%%
R0ck$%&
R0ck$%'#'
R0ck$%*
R0ck$%@
R0ck$&
R0ck$&!
R0ck$&$
R0ck$&%
R0ck$&&
R0ck$&'#'
R0ck$&*
R0ck$&@
R0ck$'#'
R0ck$'#'!
R0ck$'#'$
R0ck$'#'%
R0ck$'#'&
R0ck$'#''#'
R0ck$'#'*
R0ck$'#'@
R0ck$*
R0ck$*!
R0ck$*$
R0ck$*%
R0ck$*&
R0ck$*'#'
R0ck$**
R0ck$*@
R0ck$@
R0ck$@!
R0ck$@$
R0ck$@%
R0ck$@&
R0ck$@'#'
R0ck$@*
R0ck$@@
R0ck%!
R0ck%!!
R0ck%!$
R0ck%!%
R0ck%!&
R0ck%!'#'
R0ck%!*
R0ck%!@
R0ck%$
R0ck%$!
R0ck%$$
R0ck%$%
R0ck%$&
R0ck%$'#'
R0ck%$*
R0ck%$@
R0ck%%
R0ck%%!
R0ck%%$
R0ck%%%
R0ck%%&
R0ck%%'#'
R0ck%%*
R0ck%%@
R0ck%&
R0ck%&!
R0ck%&$
R0ck%&%
R0ck%&&
R0ck%&'#'
R0ck%&*
R0ck%&@
R0ck%'#'
R0ck%'#'!
R0ck%'#'$
R0ck%'#'%
R0ck%'#'&
R0ck%'#''#'
R0ck%'#'*
R0ck%'#'@
R0ck%*
R0ck%*!
R0ck%*$
R0ck%*%
R0ck%*&
R0ck%*'#'
R0ck%**
R0ck%*@
R0ck%@
R0ck%@!
R0ck%@$
R0ck%@%
R0ck%@&
R0ck%@'#'
R0ck%@*
R0ck%@@
R0ck&!
R0ck&!!
R0ck&!$
R0ck&!%
R0ck&!&
R0ck&!'#'
R0ck&!*
R0ck&!@
R0ck&$
R0ck&$!
R0ck&$$
R0ck&$%
R0ck&$&
R0ck&$'#'
R0ck&$*
R0ck&$@
R0ck&%
R0ck&%!
R0ck&%$
R0ck&%%
R0ck&%&
R0ck&%'#'
R0ck&%*
R0ck&%@
R0ck&&
R0ck&&!
R0ck&&$
R0ck&&%
R0ck&&&
R0ck&&'#'
R0ck&&*
R0ck&&@
R0ck&'#'
R0ck&'#'!
R0ck&'#'$
R0ck&'#'%
R0ck&'#'&
R0ck&'#''#'
R0ck&'#'*
R0ck&'#'@
R0ck&*
R0ck&*!
R0ck&*$
R0ck&*%
R0ck&*&
R0ck&*'#'
R0ck&**
R0ck&*@
R0ck&@
R0ck&@!
R0ck&@$
R0ck&@%
R0ck&@&
R0ck&@'#'
R0ck&@*
R0ck&@@
R0ck'#'
R0ck'#'!
R0ck'#'!!
R0ck'#'!$
R0ck'#'!%
R0ck'#'!&
R0ck'#'!'#'
R0ck'#'!*
R0ck'#'!@
R0ck'#'$
R0ck'#'$!
R0ck'#'$$
R0ck'#'$%
R0ck'#'$&
R0ck'#'$'#'
R0ck'#'$*
R0ck'#'$@
R0ck'#'%
R0ck'#'%!
R0ck'#'%$
R0ck'#'%%
R0ck'#'%&
R0ck'#'%'#'
R0ck'#'%*
R0ck'#'%@
R0ck'#'&
R0ck'#'&!
R0ck'#'&$
R0ck'#'&%
R0ck'#'&&
R0ck'#'&'#'
R0ck'#'&*
R0ck'#'&@
R0ck'#''#'
R0ck'#''#'!
R0ck'#''#'$
R0ck'#''#'%
R0ck'#''#'&
R0ck'#''#'*
R0ck'#''#'@
R0ck'#'*
R0ck'#'*!
R0ck'#'*$
R0ck'#'*%
R0ck'#'*&
R0ck'#'*'#'
R0ck'#'**
R0ck'#'*@
R0ck'#'@
R0ck'#'@!
R0ck'#'@$
R0ck'#'@%
R0ck'#'@&
R0ck'#'@'#'
R0ck'#'@*
R0ck'#'@@
R0ck*!
R0ck*!!
R0ck*!$
R0ck*!%
R0ck*!&
R0ck*!'#'
R0ck*!*
R0ck*!@
R0ck*$
R0ck*$!
R0ck*$$
R0ck*$%
R0ck*$&
R0ck*$'#'
R0ck*$*
R0ck*$@
R0ck*%
R0ck*%!
R0ck*%$
R0ck*%%
R0ck*%&
R0ck*%'#'
R0ck*%*
R0ck*%@
R0ck*&
R0ck*&!
R0ck*&$
R0ck*&%
R0ck*&&
R0ck*&'#'
R0ck*&*
R0ck*&@
R0ck*'#'
R0ck*'#'!
R0ck*'#'$
R0ck*'#'%
R0ck*'#'&
R0ck*'#''#'
R0ck*'#'*
R0ck*'#'@
R0ck**
R0ck**!
R0ck**$
R0ck**%
R0ck**&
R0ck**'#'
R0ck***
R0ck**@
R0ck*@
R0ck*@!
R0ck*@$
R0ck*@%
R0ck*@&
R0ck*@'#'
R0ck*@*
R0ck*@@
R0ck10
R0ck11
R0ck12
R0ck13
R0ck14
R0ck15
R0ck16
R0ck17
R0ck18
R0ck19
R0ck1990
R0ck1991
R0ck1992
R0ck1993
R0ck1994
R0ck1995
R0ck1996
R0ck1997
R0ck1998
R0ck1999
R0ck20
R0ck2000
R0ck2001
R0ck2002
R0ck2003
R0ck2004
R0ck2005
R0ck2006
R0ck2007
R0ck2008
R0ck2009
R0ck2010
R0ck2011
R0ck2012
R0ck2013
R0ck2014
R0ck2015
R0ck2016
R0ck2017
R0ck2018
R0ck2019
R0ck2020
R0ck21
R0ck22
R0ck23
R0ck24
R0ck25
R0ck26
R0ck27
R0ck28
R0ck29
R0ck30
R0ck31
R0ck32
R0ck33
R0ck34
R0ck35
R0ck36
R0ck37
R0ck38
R0ck39
R0ck40
R0ck41
R0ck42
R0ck43
R0ck44
R0ck45
R0ck46
R0ck47
R0ck48
R0ck49
R0ck50
R0ck51
R0ck52
R0ck53
R0ck54
R0ck55
R0ck56
R0ck57
R0ck58
R0ck59
R0ck60
R0ck61
R0ck62
R0ck63
R0ck64
R0ck65
R0ck66
R0ck67
R0ck68
R0ck69
R0ck70
R0ck71
R0ck72
R0ck73
R0ck74
R0ck75
R0ck76
R0ck77
R0ck78
R0ck79
R0ck80
R0ck81
R0ck82
R0ck83
R0ck84
R0ck85
R0ck86
R0ck87
R0ck88
R0ck89
R0ck90
R0ck91
R0ck92
R0ck93
R0ck94
R0ck95
R0ck96
R0ck97
R0ck98
R0ck99
R0ck@!
R0ck@!!
R0ck@!$
R0ck@!%
R0ck@!&
R0ck@!'#'
R0ck@!*
R0ck@!@
R0ck@$
R0ck@$!
R0ck@$$
R0ck@$%
R0ck@$&
R0ck@$'#'
R0ck@$*
R0ck@$@
R0ck@%
R0ck@%!
R0ck@%$
R0ck@%%
R0ck@%&
R0ck@%'#'
R0ck@%*
R0ck@%@
R0ck@&
R0ck@&!
R0ck@&$
R0ck@&%
R0ck@&&
R0ck@&'#'
R0ck@&*
R0ck@&@
R0ck@'#'
R0ck@'#'!
R0ck@'#'$
R0ck@'#'%
R0ck@'#'&
R0ck@'#''#'
R0ck@'#'*
R0ck@'#'@
R0ck@*
R0ck@*!
R0ck@*$
R0ck@*%
R0ck@*&
R0ck@*'#'
R0ck@**
R0ck@*@
R0ck@@
R0ck@@!
R0ck@@$
R0ck@@%
R0ck@@&
R0ck@@'#'
R0ck@@*
R0ck@@@
R0ck_1990
R0ck_1991
R0ck_1992
R0ck_1993
R0ck_1994
R0ck_1995
R0ck_1996
R0ck_1997
R0ck_1998
R0ck_1999
R0ck_2000
R0ck_2001
R0ck_2002
R0ck_2003
R0ck_2004
R0ck_2005
R0ck_2006
R0ck_2007
R0ck_2008
R0ck_2009
R0ck_2010
R0ck_2011
R0ck_2012
R0ck_2013
R0ck_2014
R0ck_2015
R0ck_2016
R0ck_2017
R0ck_2018
R0ck_2019
R0ck_2020
R4n4!!
R4n4!!!
R4n4!!$
R4n4!!%
R4n4!!&
R4n4!!'#'
R4n4!!*
R4n4!!@
R4n4!$
R4n4!$!
R4n4!$$
R4n4!$%
R4n4!$&
R4n4!$'#'
R4n4!$*
R4n4!$@
R4n4!%
R4n4!%!
R4n4!%$
R4n4!%%
R4n4!%&
R4n4!%'#'
R4n4!%*
R4n4!%@
R4n4!&
R4n4!&!
R4n4!&$
R4n4!&%
R4n4!&&
R4n4!&'#'
R4n4!&*
R4n4!&@
R4n4!'#'
R4n4!'#'!
R4n4!'#'$
R4n4!'#'%
R4n4!'#'&
R4n4!'#''#'
R4n4!'#'*
R4n4!'#'@
R4n4!*
R4n4!*!
R4n4!*$
R4n4!*%
R4n4!*&
R4n4!*'#'
R4n4!**
R4n4!*@
R4n4!@
R4n4!@!
R4n4!@$
R4n4!@%
R4n4!@&
R4n4!@'#'
R4n4!@*
R4n4!@@
R4n4$!
R4n4$!!
R4n4$!$
R4n4$!%
R4n4$!&
R4n4$!'#'
R4n4$!*
R4n4$!@
R4n4$$
R4n4$$!
R4n4$$$
R4n4$$%
R4n4$$&
R4n4$$'#'
R4n4$$*
R4n4$$@
R4n4$%
R4n4$%!
R4n4$%$
R4n4$%%
R4n4$%&
R4n4$%'#'
R4n4$%*
R4n4$%@
R4n4$&
R4n4$&!
R4n4$&$
R4n4$&%
R4n4$&&
R4n4$&'#'
R4n4$&*
R4n4$&@
R4n4$'#'
R4n4$'#'!
R4n4$'#'$
R4n4$'#'%
R4n4$'#'&
R4n4$'#''#'
R4n4$'#'*
R4n4$'#'@
R4n4$*
R4n4$*!
R4n4$*$
R4n4$*%
R4n4$*&
R4n4$*'#'
R4n4$**
R4n4$*@
R4n4$@
R4n4$@!
R4n4$@$
R4n4$@%
R4n4$@&
R4n4$@'#'
R4n4$@*
R4n4$@@
R4n4%!
R4n4%!!
R4n4%!$
R4n4%!%
R4n4%!&
R4n4%!'#'
R4n4%!*
R4n4%!@
R4n4%$
R4n4%$!
R4n4%$$
R4n4%$%
R4n4%$&
R4n4%$'#'
R4n4%$*
R4n4%$@
R4n4%%
R4n4%%!
R4n4%%$
R4n4%%%
R4n4%%&
R4n4%%'#'
R4n4%%*
R4n4%%@
R4n4%&
R4n4%&!
R4n4%&$
R4n4%&%
R4n4%&&
R4n4%&'#'
R4n4%&*
R4n4%&@
R4n4%'#'
R4n4%'#'!
R4n4%'#'$
R4n4%'#'%
R4n4%'#'&
R4n4%'#''#'
R4n4%'#'*
R4n4%'#'@
R4n4%*
R4n4%*!
R4n4%*$
R4n4%*%
R4n4%*&
R4n4%*'#'
R4n4%**
R4n4%*@
R4n4%@
R4n4%@!
R4n4%@$
R4n4%@%
R4n4%@&
R4n4%@'#'
R4n4%@*
R4n4%@@
R4n4&!
R4n4&!!
R4n4&!$
R4n4&!%
R4n4&!&
R4n4&!'#'
R4n4&!*
R4n4&!@
R4n4&$
R4n4&$!
R4n4&$$
R4n4&$%
R4n4&$&
R4n4&$'#'
R4n4&$*
R4n4&$@
R4n4&%
R4n4&%!
R4n4&%$
R4n4&%%
R4n4&%&
R4n4&%'#'
R4n4&%*
R4n4&%@
R4n4&&
R4n4&&!
R4n4&&$
R4n4&&%
R4n4&&&
R4n4&&'#'
R4n4&&*
R4n4&&@
R4n4&'#'
R4n4&'#'!
R4n4&'#'$
R4n4&'#'%
R4n4&'#'&
R4n4&'#''#'
R4n4&'#'*
R4n4&'#'@
R4n4&*
R4n4&*!
R4n4&*$
R4n4&*%
R4n4&*&
R4n4&*'#'
R4n4&**
R4n4&*@
R4n4&@
R4n4&@!
R4n4&@$
R4n4&@%
R4n4&@&
R4n4&@'#'
R4n4&@*
R4n4&@@
R4n4'#'
R4n4'#'!
R4n4'#'!!
R4n4'#'!$
R4n4'#'!%
R4n4'#'!&
R4n4'#'!'#'
R4n4'#'!*
R4n4'#'!@
R4n4'#'$
R4n4'#'$!
R4n4'#'$$
R4n4'#'$%
R4n4'#'$&
R4n4'#'$'#'
R4n4'#'$*
R4n4'#'$@
R4n4'#'%
R4n4'#'%!
R4n4'#'%$
R4n4'#'%%
R4n4'#'%&
R4n4'#'%'#'
R4n4'#'%*
R4n4'#'%@
R4n4'#'&
R4n4'#'&!
R4n4'#'&$
R4n4'#'&%
R4n4'#'&&
R4n4'#'&'#'
R4n4'#'&*
R4n4'#'&@
R4n4'#''#'
R4n4'#''#'!
R4n4'#''#'$
R4n4'#''#'%
R4n4'#''#'&
R4n4'#''#'*
R4n4'#''#'@
R4n4'#'*
R4n4'#'*!
R4n4'#'*$
R4n4'#'*%
R4n4'#'*&
R4n4'#'*'#'
R4n4'#'**
R4n4'#'*@
R4n4'#'@
R4n4'#'@!
R4n4'#'@$
R4n4'#'@%
R4n4'#'@&
R4n4'#'@'#'
R4n4'#'@*
R4n4'#'@@
R4n4*!
R4n4*!!
R4n4*!$
R4n4*!%
R4n4*!&
R4n4*!'#'
R4n4*!*
R4n4*!@
R4n4*$
R4n4*$!
R4n4*$$
R4n4*$%
R4n4*$&
R4n4*$'#'
R4n4*$*
R4n4*$@
R4n4*%
R4n4*%!
R4n4*%$
R4n4*%%
R4n4*%&
R4n4*%'#'
R4n4*%*
R4n4*%@
R4n4*&
R4n4*&!
R4n4*&$
R4n4*&%
R4n4*&&
R4n4*&'#'
R4n4*&*
R4n4*&@
R4n4*'#'
R4n4*'#'!
R4n4*'#'$
R4n4*'#'%
R4n4*'#'&
R4n4*'#''#'
R4n4*'#'*
R4n4*'#'@
R4n4**
R4n4**!
R4n4**$
R4n4**%
R4n4**&
R4n4**'#'
R4n4***
R4n4**@
R4n4*@
R4n4*@!
R4n4*@$
R4n4*@%
R4n4*@&
R4n4*@'#'
R4n4*@*
R4n4*@@
R4n4006
R4n400606
R4n40060607
R4n4006066
R4n4006067
R4n400607
R4n40060706
R4n4006076
R4n4006077
R4n40062006
R4n40066
R4n4006606
R4n4006607
R4n400667
R4n40067
R4n4006706
R4n4006707
R4n400676
R4n4009
R4n400901
R4n40090109
R4n4009011
R4n400909
R4n40090901
R4n4009091
R4n40091
R4n4009101
R4n4009109
R4n40092009
R4n401
R4n401009
R4n40100909
R4n4010091
R4n40109
R4n40109009
R4n401091
R4n4011
R4n4011009
R4n401109
R4n40111987
R4n40112009
R4n401187
R4n4011987
R4n40119871
R4n4012009
R4n40120091
R4n40187
R4n401871
R4n40187987
R4n401987
R4n4019871
R4n40198787
R4n406
R4n406006
R4n40600607
R4n4060066
R4n4060067
R4n40607
R4n40607006
R4n406076
R4n406077
R4n4062006
R4n40620066
R4n40620067
R4n4066
R4n4066006
R4n406607
R4n40662006
R4n40667
R4n4067
R4n4067006
R4n406707
R4n40672006
R4n40676
R4n407
R4n407006
R4n40700606
R4n4070066
R4n4070067
R4n40706
R4n40706006
R4n407066
R4n407067
R4n4072006
R4n40720066
R4n40720067
R4n4076
R4n4076006
R4n407606
R4n40762006
R4n40767
R4n4077
R4n4077006
R4n407706
R4n40772006
R4n40776
R4n409
R4n409009
R4n40900901
R4n4090091
R4n40901
R4n40901009
R4n409011
R4n4091
R4n4091009
R4n409101
R4n40912009
R4n4092009
R4n40920091
R4n410
R4n41009
R4n4100901
R4n4100909
R4n4101
R4n4101009
R4n410109
R4n41011987
R4n41012009
R4n410187
R4n4101987
R4n4109
R4n4109009
R4n410901
R4n41092009
R4n411
R4n411987
R4n41198701
R4n41198787
R4n412
R4n412009
R4n41200901
R4n41200909
R4n413
R4n414
R4n415
R4n416
R4n417
R4n418
R4n4187
R4n418701
R4n41871987
R4n4187987
R4n419
R4n41987
R4n4198701
R4n41987011
R4n419871
R4n41987101
R4n41987187
R4n4198787
R4n41987871
R4n41987987
R4n41990
R4n41991
R4n41992
R4n41993
R4n41994
R4n41995
R4n41996
R4n41997
R4n41998
R4n41999
R4n420
R4n42000
R4n42001
R4n42002
R4n42003
R4n42004
R4n42005
R4n42006
R4n42006006
R4n4200606
R4n42006066
R4n42006067
R4n4200607
R4n42006076
R4n42006077
R4n420066
R4n42006606
R4n42006607
R4n4200667
R4n420067
R4n42006706
R4n42006707
R4n4200676
R4n42007
R4n42008
R4n42009
R4n42009009
R4n4200901
R4n42009011
R4n4200909
R4n42009091
R4n420091
R4n42009101
R4n42009109
R4n42010
R4n42011
R4n42012
R4n42013
R4n42014
R4n42015
R4n42016
R4n42017
R4n42018
R4n42019
R4n42020
R4n421
R4n422
R4n423
R4n424
R4n425
R4n426
R4n427
R4n428
R4n429
R4n430
R4n431
R4n432
R4n433
R4n434
R4n435
R4n436
R4n437
R4n438
R4n439
R4n440
R4n441
R4n442
R4n443
R4n444
R4n445
R4n446
R4n447
R4n448
R4n449
R4n450
R4n451
R4n452
R4n453
R4n454
R4n455
R4n456
R4n457
R4n458
R4n459
R4n45k
R4n45k!
R4n45k!!
R4n45k!!!
R4n45k!!$
R4n45k!!%
R4n45k!!&
R4n45k!!'#'
R4n45k!!*
R4n45k!!@
R4n45k!$
R4n45k!$!
R4n45k!$$
R4n45k!$%
R4n45k!$&
R4n45k!$'#'
R4n45k!$*
R4n45k!$@
R4n45k!%
R4n45k!%!
R4n45k!%$
R4n45k!%%
R4n45k!%&
R4n45k!%'#'
R4n45k!%*
R4n45k!%@
R4n45k!&
R4n45k!&!
R4n45k!&$
R4n45k!&%
R4n45k!&&
R4n45k!&'#'
R4n45k!&*
R4n45k!&@
R4n45k!'#'
R4n45k!'#'!
R4n45k!'#'$
R4n45k!'#'%
R4n45k!'#'&
R4n45k!'#'*
R4n45k!'#'@
R4n45k!*
R4n45k!*!
R4n45k!*$
R4n45k!*%
R4n45k!*&
R4n45k!*'#'
R4n45k!**
R4n45k!*@
R4n45k!@
R4n45k!@!
R4n45k!@$
R4n45k!@%
R4n45k!@&
R4n45k!@'#'
R4n45k!@*
R4n45k!@@
R4n45k$
R4n45k$!
R4n45k$!!
R4n45k$!$
R4n45k$!%
R4n45k$!&
R4n45k$!'#'
R4n45k$!*
R4n45k$!@
R4n45k$$
R4n45k$$!
R4n45k$$$
R4n45k$$%
R4n45k$$&
R4n45k$$'#'
R4n45k$$*
R4n45k$$@
R4n45k$%
R4n45k$%!
R4n45k$%$
R4n45k$%%
R4n45k$%&
R4n45k$%'#'
R4n45k$%*
R4n45k$%@
R4n45k$&
R4n45k$&!
R4n45k$&$
R4n45k$&%
R4n45k$&&
R4n45k$&'#'
R4n45k$&*
R4n45k$&@
R4n45k$'#'
R4n45k$'#'!
R4n45k$'#'$
R4n45k$'#'%
R4n45k$'#'&
R4n45k$'#'*
R4n45k$'#'@
R4n45k$*
R4n45k$*!
R4n45k$*$
R4n45k$*%
R4n45k$*&
R4n45k$*'#'
R4n45k$**
R4n45k$*@
R4n45k$@
R4n45k$@!
R4n45k$@$
R4n45k$@%
R4n45k$@&
R4n45k$@'#'
R4n45k$@*
R4n45k$@@
R4n45k%
R4n45k%!
R4n45k%!!
R4n45k%!$
R4n45k%!%
R4n45k%!&
R4n45k%!'#'
R4n45k%!*
R4n45k%!@
R4n45k%$
R4n45k%$!
R4n45k%$$
R4n45k%$%
R4n45k%$&
R4n45k%$'#'
R4n45k%$*
R4n45k%$@
R4n45k%%
R4n45k%%!
R4n45k%%$
R4n45k%%%
R4n45k%%&
R4n45k%%'#'
R4n45k%%*
R4n45k%%@
R4n45k%&
R4n45k%&!
R4n45k%&$
R4n45k%&%
R4n45k%&&
R4n45k%&'#'
R4n45k%&*
R4n45k%&@
R4n45k%'#'
R4n45k%'#'!
R4n45k%'#'$
R4n45k%'#'%
R4n45k%'#'&
R4n45k%'#'*
R4n45k%'#'@
R4n45k%*
R4n45k%*!
R4n45k%*$
R4n45k%*%
R4n45k%*&
R4n45k%*'#'
R4n45k%**
R4n45k%*@
R4n45k%@
R4n45k%@!
R4n45k%@$
R4n45k%@%
R4n45k%@&
R4n45k%@'#'
R4n45k%@*
R4n45k%@@
R4n45k&
R4n45k&!
R4n45k&!!
R4n45k&!$
R4n45k&!%
R4n45k&!&
R4n45k&!'#'
R4n45k&!*
R4n45k&!@
R4n45k&$
R4n45k&$!
R4n45k&$$
R4n45k&$%
R4n45k&$&
R4n45k&$'#'
R4n45k&$*
R4n45k&$@
R4n45k&%
R4n45k&%!
R4n45k&%$
R4n45k&%%
R4n45k&%&
R4n45k&%'#'
R4n45k&%*
R4n45k&%@
R4n45k&&
R4n45k&&!
R4n45k&&$
R4n45k&&%
R4n45k&&&
R4n45k&&'#'
R4n45k&&*
R4n45k&&@
R4n45k&'#'
R4n45k&'#'!
R4n45k&'#'$
R4n45k&'#'%
R4n45k&'#'&
R4n45k&'#'*
R4n45k&'#'@
R4n45k&*
R4n45k&*!
R4n45k&*$
R4n45k&*%
R4n45k&*&
R4n45k&*'#'
R4n45k&**
R4n45k&*@
R4n45k&@
R4n45k&@!
R4n45k&@$
R4n45k&@%
R4n45k&@&
R4n45k&@'#'
R4n45k&@*
R4n45k&@@
R4n45k'#'
R4n45k'#'!
R4n45k'#'!!
R4n45k'#'!$
R4n45k'#'!%
R4n45k'#'!&
R4n45k'#'!*
R4n45k'#'!@
R4n45k'#'$
R4n45k'#'$!
R4n45k'#'$$
R4n45k'#'$%
R4n45k'#'$&
R4n45k'#'$*
R4n45k'#'$@
R4n45k'#'%
R4n45k'#'%!
R4n45k'#'%$
R4n45k'#'%%
R4n45k'#'%&
R4n45k'#'%*
R4n45k'#'%@
R4n45k'#'&
R4n45k'#'&!
R4n45k'#'&$
R4n45k'#'&%
R4n45k'#'&&
R4n45k'#'&*
R4n45k'#'&@
R4n45k'#'*
R4n45k'#'*!
R4n45k'#'*$
R4n45k'#'*%
R4n45k'#'*&
R4n45k'#'**
R4n45k'#'*@
R4n45k'#'@
R4n45k'#'@!
R4n45k'#'@$
R4n45k'#'@%
R4n45k'#'@&
R4n45k'#'@*
R4n45k'#'@@
R4n45k*
R4n45k*!
R4n45k*!!
R4n45k*!$
R4n45k*!%
R4n45k*!&
R4n45k*!'#'
R4n45k*!*
R4n45k*!@
R4n45k*$
R4n45k*$!
R4n45k*$$
R4n45k*$%
R4n45k*$&
R4n45k*$'#'
R4n45k*$*
R4n45k*$@
R4n45k*%
R4n45k*%!
R4n45k*%$
R4n45k*%%
R4n45k*%&
R4n45k*%'#'
R4n45k*%*
R4n45k*%@
R4n45k*&
R4n45k*&!
R4n45k*&$
R4n45k*&%
R4n45k*&&
R4n45k*&'#'
R4n45k*&*
R4n45k*&@
R4n45k*'#'
R4n45k*'#'!
R4n45k*'#'$
R4n45k*'#'%
R4n45k*'#'&
R4n45k*'#'*
R4n45k*'#'@
R4n45k**
R4n45k**!
R4n45k**$
R4n45k**%
R4n45k**&
R4n45k**'#'
R4n45k***
R4n45k**@
R4n45k*@
R4n45k*@!
R4n45k*@$
R4n45k*@%
R4n45k*@&
R4n45k*@'#'
R4n45k*@*
R4n45k*@@
R4n45k0
R4n45k009
R4n45k00901
R4n45k00909
R4n45k0091
R4n45k01
R4n45k01009
R4n45k0109
R4n45k01091
R4n45k011
R4n45k01109
R4n45k01187
R4n45k0187
R4n45k01871
R4n45k01987
R4n45k09
R4n45k09009
R4n45k0901
R4n45k09011
R4n45k091
R4n45k09101
R4n45k1
R4n45k10
R4n45k1009
R4n45k101
R4n45k10109
R4n45k10187
R4n45k109
R4n45k10901
R4n45k11
R4n45k11987
R4n45k12
R4n45k12009
R4n45k13
R4n45k14
R4n45k15
R4n45k16
R4n45k17
R4n45k18
R4n45k187
R4n45k18701
R4n45k19
R4n45k1987
R4n45k19871
R4n45k1990
R4n45k1991
R4n45k1992
R4n45k1993
R4n45k1994
R4n45k1995
R4n45k1996
R4n45k1997
R4n45k1998
R4n45k1999
R4n45k2
R4n45k20
R4n45k2000
R4n45k2001
R4n45k2002
R4n45k2003
R4n45k2004
R4n45k2005
R4n45k2006
R4n45k2007
R4n45k2008
R4n45k2009
R4n45k20091
R4n45k2010
R4n45k2011
R4n45k2012
R4n45k2013
R4n45k2014
R4n45k2015
R4n45k2016
R4n45k2017
R4n45k2018
R4n45k2019
R4n45k2020
R4n45k21
R4n45k22
R4n45k23
R4n45k24
R4n45k25
R4n45k26
R4n45k27
R4n45k28
R4n45k29
R4n45k3
R4n45k30
R4n45k31
R4n45k32
R4n45k33
R4n45k34
R4n45k35
R4n45k36
R4n45k37
R4n45k38
R4n45k39
R4n45k4
R4n45k40
R4n45k41
R4n45k42
R4n45k43
R4n45k44
R4n45k45
R4n45k46
R4n45k47
R4n45k48
R4n45k49
R4n45k5
R4n45k50
R4n45k51
R4n45k52
R4n45k53
R4n45k54
R4n45k55
R4n45k56
R4n45k57
R4n45k58
R4n45k59
R4n45k6
R4n45k60
R4n45k61
R4n45k62
R4n45k63
R4n45k64
R4n45k65
R4n45k66
R4n45k67
R4n45k68
R4n45k69
R4n45k7
R4n45k70
R4n45k71
R4n45k72
R4n45k73
R4n45k74
R4n45k75
R4n45k76
R4n45k77
R4n45k78
R4n45k79
R4n45k8
R4n45k80
R4n45k81
R4n45k82
R4n45k83
R4n45k84
R4n45k85
R4n45k86
R4n45k87
R4n45k8701
R4n45k87011
R4n45k871
R4n45k87101
R4n45k87987
R4n45k88
R4n45k89
R4n45k9
R4n45k90
R4n45k91
R4n45k92
R4n45k93
R4n45k94
R4n45k95
R4n45k96
R4n45k97
R4n45k98
R4n45k987
R4n45k98701
R4n45k9871
R4n45k98787
R4n45k99
R4n45k@
R4n45k@!
R4n45k@!!
R4n45k@!$
R4n45k@!%
R4n45k@!&
R4n45k@!'#'
R4n45k@!*
R4n45k@!@
R4n45k@$
R4n45k@$!
R4n45k@$$
R4n45k@$%
R4n45k@$&
R4n45k@$'#'
R4n45k@$*
R4n45k@$@
R4n45k@%
R4n45k@%!
R4n45k@%$
R4n45k@%%
R4n45k@%&
R4n45k@%'#'
R4n45k@%*
R4n45k@%@
R4n45k@&
R4n45k@&!
R4n45k@&$
R4n45k@&%
R4n45k@&&
R4n45k@&'#'
R4n45k@&*
R4n45k@&@
R4n45k@'#'
R4n45k@'#'!
R4n45k@'#'$
R4n45k@'#'%
R4n45k@'#'&
R4n45k@'#'*
R4n45k@'#'@
R4n45k@*
R4n45k@*!
R4n45k@*$
R4n45k@*%
R4n45k@*&
R4n45k@*'#'
R4n45k@**
R4n45k@*@
R4n45k@@
R4n45k@@!
R4n45k@@$
R4n45k@@%
R4n45k@@&
R4n45k@@'#'
R4n45k@@*
R4n45k@@@
R4n45k_009
R4n45k_0091
R4n45k_01
R4n45k_0109
R4n45k_011
R4n45k_0187
R4n45k_09
R4n45k_0901
R4n45k_091
R4n45k_1
R4n45k_1009
R4n45k_101
R4n45k_109
R4n45k_187
R4n45k_1987
R4n45k_1990
R4n45k_1991
R4n45k_1992
R4n45k_1993
R4n45k_1994
R4n45k_1995
R4n45k_1996
R4n45k_1997
R4n45k_1998
R4n45k_1999
R4n45k_2000
R4n45k_2001
R4n45k_2002
R4n45k_2003
R4n45k_2004
R4n45k_2005
R4n45k_2006
R4n45k_2007
R4n45k_2008
R4n45k_2009
R4n45k_2010
R4n45k_2011
R4n45k_2012
R4n45k_2013
R4n45k_2014
R4n45k_2015
R4n45k_2016
R4n45k_2017
R4n45k_2018
R4n45k_2019
R4n45k_2020
R4n45k_87
R4n45k_8701
R4n45k_871
R4n45k_987
R4n45k_9871
R4n460
R4n46006
R4n4600606
R4n4600607
R4n460067
R4n4606
R4n4606006
R4n460607
R4n46062006
R4n46067
R4n4607
R4n4607006
R4n460706
R4n46072006
R4n46077
R4n461
R4n462
R4n462006
R4n46200606
R4n46200607
R4n4620067
R4n463
R4n464
R4n465
R4n466
R4n467
R4n467006
R4n46706
R4n46707
R4n4672006
R4n468
R4n469
R4n470
R4n47006
R4n4700606
R4n4700607
R4n470066
R4n4706
R4n4706006
R4n470607
R4n47062006
R4n47066
R4n4707
R4n4707006
R4n470706
R4n47072006
R4n47076
R4n471
R4n472
R4n472006
R4n47200606
R4n47200607
R4n4720066
R4n473
R4n474
R4n475
R4n476
R4n476006
R4n47606
R4n47607
R4n4762006
R4n477
R4n478
R4n479
R4n480
R4n481
R4n482
R4n483
R4n484
R4n485
R4n486
R4n487
R4n48701
R4n487011
R4n48701987
R4n4871
R4n487101
R4n48711987
R4n4871987
R4n48719871
R4n487987
R4n48798701
R4n4879871
R4n488
R4n489
R4n490
R4n491
R4n492
R4n493
R4n494
R4n495
R4n496
R4n497
R4n498
R4n4987
R4n498701
R4n4987011
R4n49870187
R4n49871
R4n4987101
R4n4987187
R4n49871987
R4n498787
R4n49878701
R4n4987871
R4n499
R4n4@!
R4n4@!!
R4n4@!$
R4n4@!%
R4n4@!&
R4n4@!'#'
R4n4@!*
R4n4@!@
R4n4@$
R4n4@$!
R4n4@$$
R4n4@$%
R4n4@$&
R4n4@$'#'
R4n4@$*
R4n4@$@
R4n4@%
R4n4@%!
R4n4@%$
R4n4@%%
R4n4@%&
R4n4@%'#'
R4n4@%*
R4n4@%@
R4n4@&
R4n4@&!
R4n4@&$
R4n4@&%
R4n4@&&
R4n4@&'#'
R4n4@&*
R4n4@&@
R4n4@'#'
R4n4@'#'!
R4n4@'#'$
R4n4@'#'%
R4n4@'#'&
R4n4@'#''#'
R4n4@'#'*
R4n4@'#'@
R4n4@*
R4n4@*!
R4n4@*$
R4n4@*%
R4n4@*&
R4n4@*'#'
R4n4@**
R4n4@*@
R4n4@@
R4n4@@!
R4n4@@$
R4n4@@%
R4n4@@&
R4n4@@'#'
R4n4@@*
R4n4@@@
R4n4Sk
R4n4Sk!
R4n4Sk!!
R4n4Sk!!!
R4n4Sk!!$
R4n4Sk!!%
R4n4Sk!!&
R4n4Sk!!'#'
R4n4Sk!!*
R4n4Sk!!@
R4n4Sk!$
R4n4Sk!$!
R4n4Sk!$$
R4n4Sk!$%
R4n4Sk!$&
R4n4Sk!$'#'
R4n4Sk!$*
R4n4Sk!$@
R4n4Sk!%
R4n4Sk!%!
R4n4Sk!%$
R4n4Sk!%%
R4n4Sk!%&
R4n4Sk!%'#'
R4n4Sk!%*
R4n4Sk!%@
R4n4Sk!&
R4n4Sk!&!
R4n4Sk!&$
R4n4Sk!&%
R4n4Sk!&&
R4n4Sk!&'#'
R4n4Sk!&*
R4n4Sk!&@
R4n4Sk!'#'
R4n4Sk!'#'!
R4n4Sk!'#'$
R4n4Sk!'#'%
R4n4Sk!'#'&
R4n4Sk!'#'*
R4n4Sk!'#'@
R4n4Sk!*
R4n4Sk!*!
R4n4Sk!*$
R4n4Sk!*%
R4n4Sk!*&
R4n4Sk!*'#'
R4n4Sk!**
R4n4Sk!*@
R4n4Sk!@
R4n4Sk!@!
R4n4Sk!@$
R4n4Sk!@%
R4n4Sk!@&
R4n4Sk!@'#'
R4n4Sk!@*
R4n4Sk!@@
R4n4Sk$
R4n4Sk$!
R4n4Sk$!!
R4n4Sk$!$
R4n4Sk$!%
R4n4Sk$!&
R4n4Sk$!'#'
R4n4Sk$!*
R4n4Sk$!@
R4n4Sk$$
R4n4Sk$$!
R4n4Sk$$$
R4n4Sk$$%
R4n4Sk$$&
R4n4Sk$$'#'
R4n4Sk$$*
R4n4Sk$$@
R4n4Sk$%
R4n4Sk$%!
R4n4Sk$%$
R4n4Sk$%%
R4n4Sk$%&
R4n4Sk$%'#'
R4n4Sk$%*
R4n4Sk$%@
R4n4Sk$&
R4n4Sk$&!
R4n4Sk$&$
R4n4Sk$&%
R4n4Sk$&&
R4n4Sk$&'#'
R4n4Sk$&*
R4n4Sk$&@
R4n4Sk$'#'
R4n4Sk$'#'!
R4n4Sk$'#'$
R4n4Sk$'#'%
R4n4Sk$'#'&
R4n4Sk$'#'*
R4n4Sk$'#'@
R4n4Sk$*
R4n4Sk$*!
R4n4Sk$*$
R4n4Sk$*%
R4n4Sk$*&
R4n4Sk$*'#'
R4n4Sk$**
R4n4Sk$*@
R4n4Sk$@
R4n4Sk$@!
R4n4Sk$@$
R4n4Sk$@%
R4n4Sk$@&
R4n4Sk$@'#'
R4n4Sk$@*
R4n4Sk$@@
R4n4Sk%
R4n4Sk%!
R4n4Sk%!!
R4n4Sk%!$
R4n4Sk%!%
R4n4Sk%!&
R4n4Sk%!'#'
R4n4Sk%!*
R4n4Sk%!@
R4n4Sk%$
R4n4Sk%$!
R4n4Sk%$$
R4n4Sk%$%
R4n4Sk%$&
R4n4Sk%$'#'
R4n4Sk%$*
R4n4Sk%$@
R4n4Sk%%
R4n4Sk%%!
R4n4Sk%%$
R4n4Sk%%%
R4n4Sk%%&
R4n4Sk%%'#'
R4n4Sk%%*
R4n4Sk%%@
R4n4Sk%&
R4n4Sk%&!
R4n4Sk%&$
R4n4Sk%&%
R4n4Sk%&&
R4n4Sk%&'#'
R4n4Sk%&*
R4n4Sk%&@
R4n4Sk%'#'
R4n4Sk%'#'!
R4n4Sk%'#'$
R4n4Sk%'#'%
R4n4Sk%'#'&
R4n4Sk%'#'*
R4n4Sk%'#'@
R4n4Sk%*
R4n4Sk%*!
R4n4Sk%*$
R4n4Sk%*%
R4n4Sk%*&
R4n4Sk%*'#'
R4n4Sk%**
R4n4Sk%*@
R4n4Sk%@
R4n4Sk%@!
R4n4Sk%@$
R4n4Sk%@%
R4n4Sk%@&
R4n4Sk%@'#'
R4n4Sk%@*
R4n4Sk%@@
R4n4Sk&
R4n4Sk&!
R4n4Sk&!!
R4n4Sk&!$
R4n4Sk&!%
R4n4Sk&!&
R4n4Sk&!'#'
R4n4Sk&!*
R4n4Sk&!@
R4n4Sk&$
R4n4Sk&$!
R4n4Sk&$$
R4n4Sk&$%
R4n4Sk&$&
R4n4Sk&$'#'
R4n4Sk&$*
R4n4Sk&$@
R4n4Sk&%
R4n4Sk&%!
R4n4Sk&%$
R4n4Sk&%%
R4n4Sk&%&
R4n4Sk&%'#'
R4n4Sk&%*
R4n4Sk&%@
R4n4Sk&&
R4n4Sk&&!
R4n4Sk&&$
R4n4Sk&&%
R4n4Sk&&&
R4n4Sk&&'#'
R4n4Sk&&*
R4n4Sk&&@
R4n4Sk&'#'
R4n4Sk&'#'!
R4n4Sk&'#'$
R4n4Sk&'#'%
R4n4Sk&'#'&
R4n4Sk&'#'*
R4n4Sk&'#'@
R4n4Sk&*
R4n4Sk&*!
R4n4Sk&*$
R4n4Sk&*%
R4n4Sk&*&
R4n4Sk&*'#'
R4n4Sk&**
R4n4Sk&*@
R4n4Sk&@
R4n4Sk&@!
R4n4Sk&@$
R4n4Sk&@%
R4n4Sk&@&
R4n4Sk&@'#'
R4n4Sk&@*
R4n4Sk&@@
R4n4Sk'#'
R4n4Sk'#'!
R4n4Sk'#'!!
R4n4Sk'#'!$
R4n4Sk'#'!%
R4n4Sk'#'!&
R4n4Sk'#'!*
R4n4Sk'#'!@
R4n4Sk'#'$
R4n4Sk'#'$!
R4n4Sk'#'$$
R4n4Sk'#'$%
R4n4Sk'#'$&
R4n4Sk'#'$*
R4n4Sk'#'$@
R4n4Sk'#'%
R4n4Sk'#'%!
R4n4Sk'#'%$
R4n4Sk'#'%%
R4n4Sk'#'%&
R4n4Sk'#'%*
R4n4Sk'#'%@
R4n4Sk'#'&
R4n4Sk'#'&!
R4n4Sk'#'&$
R4n4Sk'#'&%
R4n4Sk'#'&&
R4n4Sk'#'&*
R4n4Sk'#'&@
R4n4Sk'#'*
R4n4Sk'#'*!
R4n4Sk'#'*$
R4n4Sk'#'*%
R4n4Sk'#'*&
R4n4Sk'#'**
R4n4Sk'#'*@
R4n4Sk'#'@
R4n4Sk'#'@!
R4n4Sk'#'@$
R4n4Sk'#'@%
R4n4Sk'#'@&
R4n4Sk'#'@*
R4n4Sk'#'@@
R4n4Sk*
R4n4Sk*!
R4n4Sk*!!
R4n4Sk*!$
R4n4Sk*!%
R4n4Sk*!&
R4n4Sk*!'#'
R4n4Sk*!*
R4n4Sk*!@
R4n4Sk*$
R4n4Sk*$!
R4n4Sk*$$
R4n4Sk*$%
R4n4Sk*$&
R4n4Sk*$'#'
R4n4Sk*$*
R4n4Sk*$@
R4n4Sk*%
R4n4Sk*%!
R4n4Sk*%$
R4n4Sk*%%
R4n4Sk*%&
R4n4Sk*%'#'
R4n4Sk*%*
R4n4Sk*%@
R4n4Sk*&
R4n4Sk*&!
R4n4Sk*&$
R4n4Sk*&%
R4n4Sk*&&
R4n4Sk*&'#'
R4n4Sk*&*
R4n4Sk*&@
R4n4Sk*'#'
R4n4Sk*'#'!
R4n4Sk*'#'$
R4n4Sk*'#'%
R4n4Sk*'#'&
R4n4Sk*'#'*
R4n4Sk*'#'@
R4n4Sk**
R4n4Sk**!
R4n4Sk**$
R4n4Sk**%
R4n4Sk**&
R4n4Sk**'#'
R4n4Sk***
R4n4Sk**@
R4n4Sk*@
R4n4Sk*@!
R4n4Sk*@$
R4n4Sk*@%
R4n4Sk*@&
R4n4Sk*@'#'
R4n4Sk*@*
R4n4Sk*@@
R4n4Sk0
R4n4Sk009
R4n4Sk00901
R4n4Sk00909
R4n4Sk0091
R4n4Sk01
R4n4Sk01009
R4n4Sk0109
R4n4Sk01091
R4n4Sk011
R4n4Sk01109
R4n4Sk01187
R4n4Sk0187
R4n4Sk01871
R4n4Sk01987
R4n4Sk09
R4n4Sk09009
R4n4Sk0901
R4n4Sk09011
R4n4Sk091
R4n4Sk09101
R4n4Sk1
R4n4Sk10
R4n4Sk1009
R4n4Sk101
R4n4Sk10109
R4n4Sk10187
R4n4Sk109
R4n4Sk10901
R4n4Sk11
R4n4Sk11987
R4n4Sk12
R4n4Sk12009
R4n4Sk13
R4n4Sk14
R4n4Sk15
R4n4Sk16
R4n4Sk17
R4n4Sk18
R4n4Sk187
R4n4Sk18701
R4n4Sk19
R4n4Sk1987
R4n4Sk19871
R4n4Sk1990
R4n4Sk1991
R4n4Sk1992
R4n4Sk1993
R4n4Sk1994
R4n4Sk1995
R4n4Sk1996
R4n4Sk1997
R4n4Sk1998
R4n4Sk1999
R4n4Sk2
R4n4Sk20
R4n4Sk2000
R4n4Sk2001
R4n4Sk2002
R4n4Sk2003
R4n4Sk2004
R4n4Sk2005
R4n4Sk2006
R4n4Sk2007
R4n4Sk2008
R4n4Sk2009
R4n4Sk20091
R4n4Sk2010
R4n4Sk2011
R4n4Sk2012
R4n4Sk2013
R4n4Sk2014
R4n4Sk2015
R4n4Sk2016
R4n4Sk2017
R4n4Sk2018
R4n4Sk2019
R4n4Sk2020
R4n4Sk21
R4n4Sk22
R4n4Sk23
R4n4Sk24
R4n4Sk25
R4n4Sk26
R4n4Sk27
R4n4Sk28
R4n4Sk29
R4n4Sk3
R4n4Sk30
R4n4Sk31
R4n4Sk32
R4n4Sk33
R4n4Sk34
R4n4Sk35
R4n4Sk36
R4n4Sk37
R4n4Sk38
R4n4Sk39
R4n4Sk4
R4n4Sk40
R4n4Sk41
R4n4Sk42
R4n4Sk43
R4n4Sk44
R4n4Sk45
R4n4Sk46
R4n4Sk47
R4n4Sk48
R4n4Sk49
R4n4Sk5
R4n4Sk50
R4n4Sk51
R4n4Sk52
R4n4Sk53
R4n4Sk54
R4n4Sk55
R4n4Sk56
R4n4Sk57
R4n4Sk58
R4n4Sk59
R4n4Sk6
R4n4Sk60
R4n4Sk61
R4n4Sk62
R4n4Sk63
R4n4Sk64
R4n4Sk65
R4n4Sk66
R4n4Sk67
R4n4Sk68
R4n4Sk69
R4n4Sk7
R4n4Sk70
R4n4Sk71
R4n4Sk72
R4n4Sk73
R4n4Sk74
R4n4Sk75
R4n4Sk76
R4n4Sk77
R4n4Sk78
R4n4Sk79
R4n4Sk8
R4n4Sk80
R4n4Sk81
R4n4Sk82
R4n4Sk83
R4n4Sk84
R4n4Sk85
R4n4Sk86
R4n4Sk87
R4n4Sk8701
R4n4Sk87011
R4n4Sk871
R4n4Sk87101
R4n4Sk87987
R4n4Sk88
R4n4Sk89
R4n4Sk9
R4n4Sk90
R4n4Sk91
R4n4Sk92
R4n4Sk93
R4n4Sk94
R4n4Sk95
R4n4Sk96
R4n4Sk97
R4n4Sk98
R4n4Sk987
R4n4Sk98701
R4n4Sk9871
R4n4Sk98787
R4n4Sk99
R4n4Sk@
R4n4Sk@!
R4n4Sk@!!
R4n4Sk@!$
R4n4Sk@!%
R4n4Sk@!&
R4n4Sk@!'#'
R4n4Sk@!*
R4n4Sk@!@
R4n4Sk@$
R4n4Sk@$!
R4n4Sk@$$
R4n4Sk@$%
R4n4Sk@$&
R4n4Sk@$'#'
R4n4Sk@$*
R4n4Sk@$@
R4n4Sk@%
R4n4Sk@%!
R4n4Sk@%$
R4n4Sk@%%
R4n4Sk@%&
R4n4Sk@%'#'
R4n4Sk@%*
R4n4Sk@%@
R4n4Sk@&
R4n4Sk@&!
R4n4Sk@&$
R4n4Sk@&%
R4n4Sk@&&
R4n4Sk@&'#'
R4n4Sk@&*
R4n4Sk@&@
R4n4Sk@'#'
R4n4Sk@'#'!
R4n4Sk@'#'$
R4n4Sk@'#'%
R4n4Sk@'#'&
R4n4Sk@'#'*
R4n4Sk@'#'@
R4n4Sk@*
R4n4Sk@*!
R4n4Sk@*$
R4n4Sk@*%
R4n4Sk@*&
R4n4Sk@*'#'
R4n4Sk@**
R4n4Sk@*@
R4n4Sk@@
R4n4Sk@@!
R4n4Sk@@$
R4n4Sk@@%
R4n4Sk@@&
R4n4Sk@@'#'
R4n4Sk@@*
R4n4Sk@@@
R4n4Sk_009
R4n4Sk_0091
R4n4Sk_01
R4n4Sk_0109
R4n4Sk_011
R4n4Sk_0187
R4n4Sk_09
R4n4Sk_0901
R4n4Sk_091
R4n4Sk_1
R4n4Sk_1009
R4n4Sk_101
R4n4Sk_109
R4n4Sk_187
R4n4Sk_1987
R4n4Sk_1990
R4n4Sk_1991
R4n4Sk_1992
R4n4Sk_1993
R4n4Sk_1994
R4n4Sk_1995
R4n4Sk_1996
R4n4Sk_1997
R4n4Sk_1998
R4n4Sk_1999
R4n4Sk_2000
R4n4Sk_2001
R4n4Sk_2002
R4n4Sk_2003
R4n4Sk_2004
R4n4Sk_2005
R4n4Sk_2006
R4n4Sk_2007
R4n4Sk_2008
R4n4Sk_2009
R4n4Sk_2010
R4n4Sk_2011
R4n4Sk_2012
R4n4Sk_2013
R4n4Sk_2014
R4n4Sk_2015
R4n4Sk_2016
R4n4Sk_2017
R4n4Sk_2018
R4n4Sk_2019
R4n4Sk_2020
R4n4Sk_87
R4n4Sk_8701
R4n4Sk_871
R4n4Sk_987
R4n4Sk_9871
R4n4Y451r
R4n4Y451r!
R4n4Y451r!!
R4n4Y451r!$
R4n4Y451r!%
R4n4Y451r!&
R4n4Y451r!*
R4n4Y451r!@
R4n4Y451r$
R4n4Y451r$!
R4n4Y451r$$
R4n4Y451r$%
R4n4Y451r$&
R4n4Y451r$*
R4n4Y451r$@
R4n4Y451r%
R4n4Y451r%!
R4n4Y451r%$
R4n4Y451r%%
R4n4Y451r%&
R4n4Y451r%*
R4n4Y451r%@
R4n4Y451r&
R4n4Y451r&!
R4n4Y451r&$
R4n4Y451r&%
R4n4Y451r&&
R4n4Y451r&*
R4n4Y451r&@
R4n4Y451r*
R4n4Y451r*!
R4n4Y451r*$
R4n4Y451r*%
R4n4Y451r*&
R4n4Y451r**
R4n4Y451r*@
R4n4Y451r0
R4n4Y451r06
R4n4Y451r07
R4n4Y451r1
R4n4Y451r10
R4n4Y451r11
R4n4Y451r12
R4n4Y451r13
R4n4Y451r14
R4n4Y451r15
R4n4Y451r16
R4n4Y451r17
R4n4Y451r18
R4n4Y451r19
R4n4Y451r2
R4n4Y451r20
R4n4Y451r21
R4n4Y451r22
R4n4Y451r23
R4n4Y451r24
R4n4Y451r25
R4n4Y451r26
R4n4Y451r27
R4n4Y451r28
R4n4Y451r29
R4n4Y451r3
R4n4Y451r30
R4n4Y451r31
R4n4Y451r32
R4n4Y451r33
R4n4Y451r34
R4n4Y451r35
R4n4Y451r36
R4n4Y451r37
R4n4Y451r38
R4n4Y451r39
R4n4Y451r4
R4n4Y451r40
R4n4Y451r41
R4n4Y451r42
R4n4Y451r43
R4n4Y451r44
R4n4Y451r45
R4n4Y451r46
R4n4Y451r47
R4n4Y451r48
R4n4Y451r49
R4n4Y451r5
R4n4Y451r50
R4n4Y451r51
R4n4Y451r52
R4n4Y451r53
R4n4Y451r54
R4n4Y451r55
R4n4Y451r56
R4n4Y451r57
R4n4Y451r58
R4n4Y451r59
R4n4Y451r6
R4n4Y451r60
R4n4Y451r61
R4n4Y451r62
R4n4Y451r63
R4n4Y451r64
R4n4Y451r65
R4n4Y451r66
R4n4Y451r67
R4n4Y451r68
R4n4Y451r69
R4n4Y451r7
R4n4Y451r70
R4n4Y451r71
R4n4Y451r72
R4n4Y451r73
R4n4Y451r74
R4n4Y451r75
R4n4Y451r76
R4n4Y451r77
R4n4Y451r78
R4n4Y451r79
R4n4Y451r8
R4n4Y451r80
R4n4Y451r81
R4n4Y451r82
R4n4Y451r83
R4n4Y451r84
R4n4Y451r85
R4n4Y451r86
R4n4Y451r87
R4n4Y451r88
R4n4Y451r89
R4n4Y451r9
R4n4Y451r90
R4n4Y451r91
R4n4Y451r92
R4n4Y451r93
R4n4Y451r94
R4n4Y451r95
R4n4Y451r96
R4n4Y451r97
R4n4Y451r98
R4n4Y451r99
R4n4Y451r@
R4n4Y451r@!
R4n4Y451r@$
R4n4Y451r@%
R4n4Y451r@&
R4n4Y451r@*
R4n4Y451r@@
R4n4Y451r_6
R4n4Y451r_7
R4n4_006
R4n4_00606
R4n4_006066
R4n4_006067
R4n4_00607
R4n4_006076
R4n4_006077
R4n4_0066
R4n4_006606
R4n4_006607
R4n4_00667
R4n4_0067
R4n4_006706
R4n4_006707
R4n4_00676
R4n4_009
R4n4_00901
R4n4_009011
R4n4_00909
R4n4_009091
R4n4_0091
R4n4_009101
R4n4_009109
R4n4_01
R4n4_01009
R4n4_010091
R4n4_0109
R4n4_01091
R4n4_011
R4n4_011009
R4n4_01109
R4n4_01187
R4n4_011987
R4n4_012009
R4n4_0187
R4n4_01871
R4n4_01987
R4n4_019871
R4n4_06
R4n4_06006
R4n4_060066
R4n4_060067
R4n4_0607
R4n4_06076
R4n4_06077
R4n4_062006
R4n4_066
R4n4_066006
R4n4_06607
R4n4_0667
R4n4_067
R4n4_067006
R4n4_06707
R4n4_0676
R4n4_07
R4n4_07006
R4n4_070066
R4n4_070067
R4n4_0706
R4n4_07066
R4n4_07067
R4n4_072006
R4n4_076
R4n4_076006
R4n4_07606
R4n4_0767
R4n4_077
R4n4_077006
R4n4_07706
R4n4_0776
R4n4_09
R4n4_09009
R4n4_090091
R4n4_0901
R4n4_09011
R4n4_091
R4n4_091009
R4n4_09101
R4n4_092009
R4n4_1
R4n4_1009
R4n4_100901
R4n4_100909
R4n4_101
R4n4_101009
R4n4_10109
R4n4_10187
R4n4_101987
R4n4_109
R4n4_109009
R4n4_10901
R4n4_11987
R4n4_12009
R4n4_187
R4n4_18701
R4n4_187987
R4n4_1987
R4n4_198701
R4n4_19871
R4n4_198787
R4n4_1990
R4n4_1991
R4n4_1992
R4n4_1993
R4n4_1994
R4n4_1995
R4n4_1996
R4n4_1997
R4n4_1998
R4n4_1999
R4n4_2000
R4n4_2001
R4n4_2002
R4n4_2003
R4n4_2004
R4n4_2005
R4n4_2006
R4n4_200606
R4n4_200607
R4n4_20066
R4n4_200667
R4n4_20067
R4n4_200676
R4n4_2007
R4n4_2008
R4n4_2009
R4n4_200901
R4n4_200909
R4n4_20091
R4n4_2010
R4n4_2011
R4n4_2012
R4n4_2013
R4n4_2014
R4n4_2015
R4n4_2016
R4n4_2017
R4n4_2018
R4n4_2019
R4n4_2020
R4n4_6
R4n4_6006
R4n4_600606
R4n4_600607
R4n4_60067
R4n4_606
R4n4_606006
R4n4_60607
R4n4_6067
R4n4_607
R4n4_607006
R4n4_60706
R4n4_6077
R4n4_62006
R4n4_620067
R4n4_67
R4n4_67006
R4n4_6706
R4n4_6707
R4n4_672006
R4n4_7
R4n4_7006
R4n4_700606
R4n4_700607
R4n4_70066
R4n4_706
R4n4_706006
R4n4_70607
R4n4_7066
R4n4_707
R4n4_707006
R4n4_70706
R4n4_7076
R4n4_72006
R4n4_720066
R4n4_76
R4n4_76006
R4n4_7606
R4n4_7607
R4n4_762006
R4n4_87
R4n4_8701
R4n4_87011
R4n4_871
R4n4_87101
R4n4_871987
R4n4_87987
R4n4_879871
R4n4_987
R4n4_98701
R4n4_987011
R4n4_9871
R4n4_987101
R4n4_987187
R4n4_98787
R4n4_987871
R4n4y451r
R4n4y451r!
R4n4y451r!!
R4n4y451r!$
R4n4y451r!%
R4n4y451r!&
R4n4y451r!*
R4n4y451r!@
R4n4y451r$
R4n4y451r$!
R4n4y451r$$
R4n4y451r$%
R4n4y451r$&
R4n4y451r$*
R4n4y451r$@
R4n4y451r%
R4n4y451r%!
R4n4y451r%$
R4n4y451r%%
R4n4y451r%&
R4n4y451r%*
R4n4y451r%@
R4n4y451r&
R4n4y451r&!
R4n4y451r&$
R4n4y451r&%
R4n4y451r&&
R4n4y451r&*
R4n4y451r&@
R4n4y451r*
R4n4y451r*!
R4n4y451r*$
R4n4y451r*%
R4n4y451r*&
R4n4y451r**
R4n4y451r*@
R4n4y451r0
R4n4y451r06
R4n4y451r07
R4n4y451r1
R4n4y451r10
R4n4y451r11
R4n4y451r12
R4n4y451r13
R4n4y451r14
R4n4y451r15
R4n4y451r16
R4n4y451r17
R4n4y451r18
R4n4y451r19
R4n4y451r2
R4n4y451r20
R4n4y451r21
R4n4y451r22
R4n4y451r23
R4n4y451r24
R4n4y451r25
R4n4y451r26
R4n4y451r27
R4n4y451r28
R4n4y451r29
R4n4y451r3
R4n4y451r30
R4n4y451r31
R4n4y451r32
R4n4y451r33
R4n4y451r34
R4n4y451r35
R4n4y451r36
R4n4y451r37
R4n4y451r38
R4n4y451r39
R4n4y451r4
R4n4y451r40
R4n4y451r41
R4n4y451r42
R4n4y451r43
R4n4y451r44
R4n4y451r45
R4n4y451r46
R4n4y451r47
R4n4y451r48
R4n4y451r49
R4n4y451r5
R4n4y451r50
R4n4y451r51
R4n4y451r52
R4n4y451r53
R4n4y451r54
R4n4y451r55
R4n4y451r56
R4n4y451r57
R4n4y451r58
R4n4y451r59
R4n4y451r6
R4n4y451r60
R4n4y451r61
R4n4y451r62
R4n4y451r63
R4n4y451r64
R4n4y451r65
R4n4y451r66
R4n4y451r67
R4n4y451r68
R4n4y451r69
R4n4y451r7
R4n4y451r70
R4n4y451r71
R4n4y451r72
R4n4y451r73
R4n4y451r74
R4n4y451r75
R4n4y451r76
R4n4y451r77
R4n4y451r78
R4n4y451r79
R4n4y451r8
R4n4y451r80
R4n4y451r81
R4n4y451r82
R4n4y451r83
R4n4y451r84
R4n4y451r85
R4n4y451r86
R4n4y451r87
R4n4y451r88
R4n4y451r89
R4n4y451r9
R4n4y451r90
R4n4y451r91
R4n4y451r92
R4n4y451r93
R4n4y451r94
R4n4y451r95
R4n4y451r96
R4n4y451r97
R4n4y451r98
R4n4y451r99
R4n4y451r@
R4n4y451r@!
R4n4y451r@$
R4n4y451r@%
R4n4y451r@&
R4n4y451r@*
R4n4y451r@@
R4n4y451r_6
R4n4y451r_7
Rana!!
Rana!!!
Rana!!$
Rana!!%
Rana!!&
Rana!!'#'
Rana!!*
Rana!!@
Rana!$
Rana!$!
Rana!$$
Rana!$%
Rana!$&
Rana!$'#'
Rana!$*
Rana!$@
Rana!%
Rana!%!
Rana!%$
Rana!%%
Rana!%&
Rana!%'#'
Rana!%*
Rana!%@
Rana!&
Rana!&!
Rana!&$
Rana!&%
Rana!&&
Rana!&'#'
Rana!&*
Rana!&@
Rana!'#'
Rana!'#'!
Rana!'#'$
Rana!'#'%
Rana!'#'&
Rana!'#''#'
Rana!'#'*
Rana!'#'@
Rana!*
Rana!*!
Rana!*$
Rana!*%
Rana!*&
Rana!*'#'
Rana!**
Rana!*@
Rana!@
Rana!@!
Rana!@$
Rana!@%
Rana!@&
Rana!@'#'
Rana!@*
Rana!@@
Rana$!
Rana$!!
Rana$!$
Rana$!%
Rana$!&
Rana$!'#'
Rana$!*
Rana$!@
Rana$$
Rana$$!
Rana$$$
Rana$$%
Rana$$&
Rana$$'#'
Rana$$*
Rana$$@
Rana$%
Rana$%!
Rana$%$
Rana$%%
Rana$%&
Rana$%'#'
Rana$%*
Rana$%@
Rana$&
Rana$&!
Rana$&$
Rana$&%
Rana$&&
Rana$&'#'
Rana$&*
Rana$&@
Rana$'#'
Rana$'#'!
Rana$'#'$
Rana$'#'%
Rana$'#'&
Rana$'#''#'
Rana$'#'*
Rana$'#'@
Rana$*
Rana$*!
Rana$*$
Rana$*%
Rana$*&
Rana$*'#'
Rana$**
Rana$*@
Rana$@
Rana$@!
Rana$@$
Rana$@%
Rana$@&
Rana$@'#'
Rana$@*
Rana$@@
Rana%!
Rana%!!
Rana%!$
Rana%!%
Rana%!&
Rana%!'#'
Rana%!*
Rana%!@
Rana%$
Rana%$!
Rana%$$
Rana%$%
Rana%$&
Rana%$'#'
Rana%$*
Rana%$@
Rana%%
Rana%%!
Rana%%$
Rana%%%
Rana%%&
Rana%%'#'
Rana%%*
Rana%%@
Rana%&
Rana%&!
Rana%&$
Rana%&%
Rana%&&
Rana%&'#'
Rana%&*
Rana%&@
Rana%'#'
Rana%'#'!
Rana%'#'$
Rana%'#'%
Rana%'#'&
Rana%'#''#'
Rana%'#'*
Rana%'#'@
Rana%*
Rana%*!
Rana%*$
Rana%*%
Rana%*&
Rana%*'#'
Rana%**
Rana%*@
Rana%@
Rana%@!
Rana%@$
Rana%@%
Rana%@&
Rana%@'#'
Rana%@*
Rana%@@
Rana&!
Rana&!!
Rana&!$
Rana&!%
Rana&!&
Rana&!'#'
Rana&!*
Rana&!@
Rana&$
Rana&$!
Rana&$$
Rana&$%
Rana&$&
Rana&$'#'
Rana&$*
Rana&$@
Rana&%
Rana&%!
Rana&%$
Rana&%%
Rana&%&
Rana&%'#'
Rana&%*
Rana&%@
Rana&&
Rana&&!
Rana&&$
Rana&&%
Rana&&&
Rana&&'#'
Rana&&*
Rana&&@
Rana&'#'
Rana&'#'!
Rana&'#'$
Rana&'#'%
Rana&'#'&
Rana&'#''#'
Rana&'#'*
Rana&'#'@
Rana&*
Rana&*!
Rana&*$
Rana&*%
Rana&*&
Rana&*'#'
Rana&**
Rana&*@
Rana&@
Rana&@!
Rana&@$
Rana&@%
Rana&@&
Rana&@'#'
Rana&@*
Rana&@@
Rana'#'
Rana'#'!
Rana'#'!!
Rana'#'!$
Rana'#'!%
Rana'#'!&
Rana'#'!'#'
Rana'#'!*
Rana'#'!@
Rana'#'$
Rana'#'$!
Rana'#'$$
Rana'#'$%
Rana'#'$&
Rana'#'$'#'
Rana'#'$*
Rana'#'$@
Rana'#'%
Rana'#'%!
Rana'#'%$
Rana'#'%%
Rana'#'%&
Rana'#'%'#'
Rana'#'%*
Rana'#'%@
Rana'#'&
Rana'#'&!
Rana'#'&$
Rana'#'&%
Rana'#'&&
Rana'#'&'#'
Rana'#'&*
Rana'#'&@
Rana'#''#'
Rana'#''#'!
Rana'#''#'$
Rana'#''#'%
Rana'#''#'&
Rana'#''#'*
Rana'#''#'@
Rana'#'*
Rana'#'*!
Rana'#'*$
Rana'#'*%
Rana'#'*&
Rana'#'*'#'
Rana'#'**
Rana'#'*@
Rana'#'@
Rana'#'@!
Rana'#'@$
Rana'#'@%
Rana'#'@&
Rana'#'@'#'
Rana'#'@*
Rana'#'@@
Rana*!
Rana*!!
Rana*!$
Rana*!%
Rana*!&
Rana*!'#'
Rana*!*
Rana*!@
Rana*$
Rana*$!
Rana*$$
Rana*$%
Rana*$&
Rana*$'#'
Rana*$*
Rana*$@
Rana*%
Rana*%!
Rana*%$
Rana*%%
Rana*%&
Rana*%'#'
Rana*%*
Rana*%@
Rana*&
Rana*&!
Rana*&$
Rana*&%
Rana*&&
Rana*&'#'
Rana*&*
Rana*&@
Rana*'#'
Rana*'#'!
Rana*'#'$
Rana*'#'%
Rana*'#'&
Rana*'#''#'
Rana*'#'*
Rana*'#'@
Rana**
Rana**!
Rana**$
Rana**%
Rana**&
Rana**'#'
Rana***
Rana**@
Rana*@
Rana*@!
Rana*@$
Rana*@%
Rana*@&
Rana*@'#'
Rana*@*
Rana*@@
Rana006
Rana00606
Rana0060607
Rana006066
Rana006067
Rana00607
Rana0060706
Rana006076
Rana006077
Rana0062006
Rana0066
Rana006606
Rana006607
Rana00667
Rana0067
Rana006706
Rana006707
Rana00676
Rana009
Rana00901
Rana0090109
Rana009011
Rana00909
Rana0090901
Rana009091
Rana0091
Rana009101
Rana009109
Rana0092009
Rana01
Rana01009
Rana0100909
Rana010091
Rana0109
Rana0109009
Rana01091
Rana011
Rana011009
Rana01109
Rana0111987
Rana0112009
Rana01187
Rana011987
Rana0119871
Rana012009
Rana0120091
Rana0187
Rana01871
Rana0187987
Rana01987
Rana019871
Rana0198787
Rana06
Rana06006
Rana0600607
Rana060066
Rana060067
Rana0607
Rana0607006
Rana06076
Rana06077
Rana062006
Rana0620066
Rana0620067
Rana066
Rana066006
Rana06607
Rana0662006
Rana0667
Rana067
Rana067006
Rana06707
Rana0672006
Rana0676
Rana07
Rana07006
Rana0700606
Rana070066
Rana070067
Rana0706
Rana0706006
Rana07066
Rana07067
Rana072006
Rana0720066
Rana0720067
Rana076
Rana076006
Rana07606
Rana0762006
Rana0767
Rana077
Rana077006
Rana07706
Rana0772006
Rana0776
Rana09
Rana09009
Rana0900901
Rana090091
Rana0901
Rana0901009
Rana09011
Rana091
Rana091009
Rana09101
Rana0912009
Rana092009
Rana0920091
Rana10
Rana1009
Rana100901
Rana100909
Rana101
Rana101009
Rana10109
Rana1011987
Rana1012009
Rana10187
Rana101987
Rana109
Rana109009
Rana10901
Rana1092009
Rana11
Rana11987
Rana1198701
Rana1198787
Rana12
Rana12009
Rana1200901
Rana1200909
Rana13
Rana14
Rana15
Rana16
Rana17
Rana18
Rana187
Rana18701
Rana1871987
Rana187987
Rana19
Rana1987
Rana198701
Rana1987011
Rana19871
Rana1987101
Rana1987187
Rana198787
Rana1987871
Rana1987987
Rana1990
Rana1991
Rana1992
Rana1993
Rana1994
Rana1995
Rana1996
Rana1997
Rana1998
Rana1999
Rana20
Rana2000
Rana2001
Rana2002
Rana2003
Rana2004
Rana2005
Rana2006
Rana2006006
Rana200606
Rana2006066
Rana2006067
Rana200607
Rana2006076
Rana2006077
Rana20066
Rana2006606
Rana2006607
Rana200667
Rana20067
Rana2006706
Rana2006707
Rana200676
Rana2007
Rana2008
Rana2009
Rana2009009
Rana200901
Rana2009011
Rana200909
Rana2009091
Rana20091
Rana2009101
Rana2009109
Rana2010
Rana2011
Rana2012
Rana2013
Rana2014
Rana2015
Rana2016
Rana2017
Rana2018
Rana2019
Rana2020
Rana21
Rana22
Rana23
Rana24
Rana25
Rana26
Rana27
Rana28
Rana29
Rana30
Rana31
Rana32
Rana33
Rana34
Rana35
Rana36
Rana37
Rana38
Rana39
Rana40
Rana41
Rana42
Rana43
Rana44
Rana45
Rana46
Rana47
Rana48
Rana49
Rana50
Rana51
Rana52
Rana53
Rana54
Rana55
Rana56
Rana57
Rana58
Rana59
Rana60
Rana6006
Rana600606
Rana600607
Rana60067
Rana606
Rana606006
Rana60607
Rana6062006
Rana6067
Rana607
Rana607006
Rana60706
Rana6072006
Rana6077
Rana61
Rana62
Rana62006
Rana6200606
Rana6200607
Rana620067
Rana63
Rana64
Rana65
Rana66
Rana67
Rana67006
Rana6706
Rana6707
Rana672006
Rana68
Rana69
Rana70
Rana7006
Rana700606
Rana700607
Rana70066
Rana706
Rana706006
Rana70607
Rana7062006
Rana7066
Rana707
Rana707006
Rana70706
Rana7072006
Rana7076
Rana71
Rana72
Rana72006
Rana7200606
Rana7200607
Rana720066
Rana73
Rana74
Rana75
Rana76
Rana76006
Rana7606
Rana7607
Rana762006
Rana77
Rana78
Rana79
Rana80
Rana81
Rana82
Rana83
Rana84
Rana85
Rana86
Rana87
Rana8701
Rana87011
Rana8701987
Rana871
Rana87101
Rana8711987
Rana871987
Rana8719871
Rana87987
Rana8798701
Rana879871
Rana88
Rana89
Rana90
Rana91
Rana92
Rana93
Rana94
Rana95
Rana96
Rana97
Rana98
Rana987
Rana98701
Rana987011
Rana9870187
Rana9871
Rana987101
Rana987187
Rana9871987
Rana98787
Rana9878701
Rana987871
Rana99
Rana@!
Rana@!!
Rana@!$
Rana@!%
Rana@!&
Rana@!'#'
Rana@!*
Rana@!@
Rana@$
Rana@$!
Rana@$$
Rana@$%
Rana@$&
Rana@$'#'
Rana@$*
Rana@$@
Rana@%
Rana@%!
Rana@%$
Rana@%%
Rana@%&
Rana@%'#'
Rana@%*
Rana@%@
Rana@&
Rana@&!
Rana@&$
Rana@&%
Rana@&&
Rana@&'#'
Rana@&*
Rana@&@
Rana@'#'
Rana@'#'!
Rana@'#'$
Rana@'#'%
Rana@'#'&
Rana@'#''#'
Rana@'#'*
Rana@'#'@
Rana@*
Rana@*!
Rana@*$
Rana@*%
Rana@*&
Rana@*'#'
Rana@**
Rana@*@
Rana@@
Rana@@!
Rana@@$
Rana@@%
Rana@@&
Rana@@'#'
Rana@@*
Rana@@@
RanaSk
RanaSk!
RanaSk!!
RanaSk!!!
RanaSk!!$
RanaSk!!%
RanaSk!!&
RanaSk!!'#'
RanaSk!!*
RanaSk!!@
RanaSk!$
RanaSk!$!
RanaSk!$$
RanaSk!$%
RanaSk!$&
RanaSk!$'#'
RanaSk!$*
RanaSk!$@
RanaSk!%
RanaSk!%!
RanaSk!%$
RanaSk!%%
RanaSk!%&
RanaSk!%'#'
RanaSk!%*
RanaSk!%@
RanaSk!&
RanaSk!&!
RanaSk!&$
RanaSk!&%
RanaSk!&&
RanaSk!&'#'
RanaSk!&*
RanaSk!&@
RanaSk!'#'
RanaSk!'#'!
RanaSk!'#'$
RanaSk!'#'%
RanaSk!'#'&
RanaSk!'#'*
RanaSk!'#'@
RanaSk!*
RanaSk!*!
RanaSk!*$
RanaSk!*%
RanaSk!*&
RanaSk!*'#'
RanaSk!**
RanaSk!*@
RanaSk!@
RanaSk!@!
RanaSk!@$
RanaSk!@%
RanaSk!@&
RanaSk!@'#'
RanaSk!@*
RanaSk!@@
RanaSk$
RanaSk$!
RanaSk$!!
RanaSk$!$
RanaSk$!%
RanaSk$!&
RanaSk$!'#'
RanaSk$!*
RanaSk$!@
RanaSk$$
RanaSk$$!
RanaSk$$$
RanaSk$$%
RanaSk$$&
RanaSk$$'#'
RanaSk$$*
RanaSk$$@
RanaSk$%
RanaSk$%!
RanaSk$%$
RanaSk$%%
RanaSk$%&
RanaSk$%'#'
RanaSk$%*
RanaSk$%@
RanaSk$&
RanaSk$&!
RanaSk$&$
RanaSk$&%
RanaSk$&&
RanaSk$&'#'
RanaSk$&*
RanaSk$&@
RanaSk$'#'
RanaSk$'#'!
RanaSk$'#'$
RanaSk$'#'%
RanaSk$'#'&
RanaSk$'#'*
RanaSk$'#'@
RanaSk$*
RanaSk$*!
RanaSk$*$
RanaSk$*%
RanaSk$*&
RanaSk$*'#'
RanaSk$**
RanaSk$*@
RanaSk$@
RanaSk$@!
RanaSk$@$
RanaSk$@%
RanaSk$@&
RanaSk$@'#'
RanaSk$@*
RanaSk$@@
RanaSk%
RanaSk%!
RanaSk%!!
RanaSk%!$
RanaSk%!%
RanaSk%!&
RanaSk%!'#'
RanaSk%!*
RanaSk%!@
RanaSk%$
RanaSk%$!
RanaSk%$$
RanaSk%$%
RanaSk%$&
RanaSk%$'#'
RanaSk%$*
RanaSk%$@
RanaSk%%
RanaSk%%!
RanaSk%%$
RanaSk%%%
RanaSk%%&
RanaSk%%'#'
RanaSk%%*
RanaSk%%@
RanaSk%&
RanaSk%&!
RanaSk%&$
RanaSk%&%
RanaSk%&&
RanaSk%&'#'
RanaSk%&*
RanaSk%&@
RanaSk%'#'
RanaSk%'#'!
RanaSk%'#'$
RanaSk%'#'%
RanaSk%'#'&
RanaSk%'#'*
RanaSk%'#'@
RanaSk%*
RanaSk%*!
RanaSk%*$
RanaSk%*%
RanaSk%*&
RanaSk%*'#'
RanaSk%**
RanaSk%*@
RanaSk%@
RanaSk%@!
RanaSk%@$
RanaSk%@%
RanaSk%@&
RanaSk%@'#'
RanaSk%@*
RanaSk%@@
RanaSk&
RanaSk&!
RanaSk&!!
RanaSk&!$
RanaSk&!%
RanaSk&!&
RanaSk&!'#'
RanaSk&!*
RanaSk&!@
RanaSk&$
RanaSk&$!
RanaSk&$$
RanaSk&$%
RanaSk&$&
RanaSk&$'#'
RanaSk&$*
RanaSk&$@
RanaSk&%
RanaSk&%!
RanaSk&%$
RanaSk&%%
RanaSk&%&
RanaSk&%'#'
RanaSk&%*
RanaSk&%@
RanaSk&&
RanaSk&&!
RanaSk&&$
RanaSk&&%
RanaSk&&&
RanaSk&&'#'
RanaSk&&*
RanaSk&&@
RanaSk&'#'
RanaSk&'#'!
RanaSk&'#'$
RanaSk&'#'%
RanaSk&'#'&
RanaSk&'#'*
RanaSk&'#'@
RanaSk&*
RanaSk&*!
RanaSk&*$
RanaSk&*%
RanaSk&*&
RanaSk&*'#'
RanaSk&**
RanaSk&*@
RanaSk&@
RanaSk&@!
RanaSk&@$
RanaSk&@%
RanaSk&@&
RanaSk&@'#'
RanaSk&@*
RanaSk&@@
RanaSk'#'
RanaSk'#'!
RanaSk'#'!!
RanaSk'#'!$
RanaSk'#'!%
RanaSk'#'!&
RanaSk'#'!*
RanaSk'#'!@
RanaSk'#'$
RanaSk'#'$!
RanaSk'#'$$
RanaSk'#'$%
RanaSk'#'$&
RanaSk'#'$*
RanaSk'#'$@
RanaSk'#'%
RanaSk'#'%!
RanaSk'#'%$
RanaSk'#'%%
RanaSk'#'%&
RanaSk'#'%*
RanaSk'#'%@
RanaSk'#'&
RanaSk'#'&!
RanaSk'#'&$
RanaSk'#'&%
RanaSk'#'&&
RanaSk'#'&*
RanaSk'#'&@
RanaSk'#'*
RanaSk'#'*!
RanaSk'#'*$
RanaSk'#'*%
RanaSk'#'*&
RanaSk'#'**
RanaSk'#'*@
RanaSk'#'@
RanaSk'#'@!
RanaSk'#'@$
RanaSk'#'@%
RanaSk'#'@&
RanaSk'#'@*
RanaSk'#'@@
RanaSk*
RanaSk*!
RanaSk*!!
RanaSk*!$
RanaSk*!%
RanaSk*!&
RanaSk*!'#'
RanaSk*!*
RanaSk*!@
RanaSk*$
RanaSk*$!
RanaSk*$$
RanaSk*$%
RanaSk*$&
RanaSk*$'#'
RanaSk*$*
RanaSk*$@
RanaSk*%
RanaSk*%!
RanaSk*%$
RanaSk*%%
RanaSk*%&
RanaSk*%'#'
RanaSk*%*
RanaSk*%@
RanaSk*&
RanaSk*&!
RanaSk*&$
RanaSk*&%
RanaSk*&&
RanaSk*&'#'
RanaSk*&*
RanaSk*&@
RanaSk*'#'
RanaSk*'#'!
RanaSk*'#'$
RanaSk*'#'%
RanaSk*'#'&
RanaSk*'#'*
RanaSk*'#'@
RanaSk**
RanaSk**!
RanaSk**$
RanaSk**%
RanaSk**&
RanaSk**'#'
RanaSk***
RanaSk**@
RanaSk*@
RanaSk*@!
RanaSk*@$
RanaSk*@%
RanaSk*@&
RanaSk*@'#'
RanaSk*@*
RanaSk*@@
RanaSk0
RanaSk009
RanaSk00901
RanaSk00909
RanaSk0091
RanaSk01
RanaSk01009
RanaSk0109
RanaSk01091
RanaSk011
RanaSk01109
RanaSk01187
RanaSk0187
RanaSk01871
RanaSk01987
RanaSk09
RanaSk09009
RanaSk0901
RanaSk09011
RanaSk091
RanaSk09101
RanaSk1
RanaSk10
RanaSk1009
RanaSk101
RanaSk10109
RanaSk10187
RanaSk109
RanaSk10901
RanaSk11
RanaSk11987
RanaSk12
RanaSk12009
RanaSk13
RanaSk14
RanaSk15
RanaSk16
RanaSk17
RanaSk18
RanaSk187
RanaSk18701
RanaSk19
RanaSk1987
RanaSk19871
RanaSk1990
RanaSk1991
RanaSk1992
RanaSk1993
RanaSk1994
RanaSk1995
RanaSk1996
RanaSk1997
RanaSk1998
RanaSk1999
RanaSk2
RanaSk20
RanaSk2000
RanaSk2001
RanaSk2002
RanaSk2003
RanaSk2004
RanaSk2005
RanaSk2006
RanaSk2007
RanaSk2008
RanaSk2009
RanaSk20091
RanaSk2010
RanaSk2011
RanaSk2012
RanaSk2013
RanaSk2014
RanaSk2015
RanaSk2016
RanaSk2017
RanaSk2018
RanaSk2019
RanaSk2020
RanaSk21
RanaSk22
RanaSk23
RanaSk24
RanaSk25
RanaSk26
RanaSk27
RanaSk28
RanaSk29
RanaSk3
RanaSk30
RanaSk31
RanaSk32
RanaSk33
RanaSk34
RanaSk35
RanaSk36
RanaSk37
RanaSk38
RanaSk39
RanaSk4
RanaSk40
RanaSk41
RanaSk42
RanaSk43
RanaSk44
RanaSk45
RanaSk46
RanaSk47
RanaSk48
RanaSk49
RanaSk5
RanaSk50
RanaSk51
RanaSk52
RanaSk53
RanaSk54
RanaSk55
RanaSk56
RanaSk57
RanaSk58
RanaSk59
RanaSk6
RanaSk60
RanaSk61
RanaSk62
RanaSk63
RanaSk64
RanaSk65
RanaSk66
RanaSk67
RanaSk68
RanaSk69
RanaSk7
RanaSk70
RanaSk71
RanaSk72
RanaSk73
RanaSk74
RanaSk75
RanaSk76
RanaSk77
RanaSk78
RanaSk79
RanaSk8
RanaSk80
RanaSk81
RanaSk82
RanaSk83
RanaSk84
RanaSk85
RanaSk86
RanaSk87
RanaSk8701
RanaSk87011
RanaSk871
RanaSk87101
RanaSk87987
RanaSk88
RanaSk89
RanaSk9
RanaSk90
RanaSk91
RanaSk92
RanaSk93
RanaSk94
RanaSk95
RanaSk96
RanaSk97
RanaSk98
RanaSk987
RanaSk98701
RanaSk9871
RanaSk98787
RanaSk99
RanaSk@
RanaSk@!
RanaSk@!!
RanaSk@!$
RanaSk@!%
RanaSk@!&
RanaSk@!'#'
RanaSk@!*
RanaSk@!@
RanaSk@$
RanaSk@$!
RanaSk@$$
RanaSk@$%
RanaSk@$&
RanaSk@$'#'
RanaSk@$*
RanaSk@$@
RanaSk@%
RanaSk@%!
RanaSk@%$
RanaSk@%%
RanaSk@%&
RanaSk@%'#'
RanaSk@%*
RanaSk@%@
RanaSk@&
RanaSk@&!
RanaSk@&$
RanaSk@&%
RanaSk@&&
RanaSk@&'#'
RanaSk@&*
RanaSk@&@
RanaSk@'#'
RanaSk@'#'!
RanaSk@'#'$
RanaSk@'#'%
RanaSk@'#'&
RanaSk@'#'*
RanaSk@'#'@
RanaSk@*
RanaSk@*!
RanaSk@*$
RanaSk@*%
RanaSk@*&
RanaSk@*'#'
RanaSk@**
RanaSk@*@
RanaSk@@
RanaSk@@!
RanaSk@@$
RanaSk@@%
RanaSk@@&
RanaSk@@'#'
RanaSk@@*
RanaSk@@@
RanaSk_009
RanaSk_0091
RanaSk_01
RanaSk_0109
RanaSk_011
RanaSk_0187
RanaSk_09
RanaSk_0901
RanaSk_091
RanaSk_1
RanaSk_1009
RanaSk_101
RanaSk_109
RanaSk_187
RanaSk_1987
RanaSk_1990
RanaSk_1991
RanaSk_1992
RanaSk_1993
RanaSk_1994
RanaSk_1995
RanaSk_1996
RanaSk_1997
RanaSk_1998
RanaSk_1999
RanaSk_2000
RanaSk_2001
RanaSk_2002
RanaSk_2003
RanaSk_2004
RanaSk_2005
RanaSk_2006
RanaSk_2007
RanaSk_2008
RanaSk_2009
RanaSk_2010
RanaSk_2011
RanaSk_2012
RanaSk_2013
RanaSk_2014
RanaSk_2015
RanaSk_2016
RanaSk_2017
RanaSk_2018
RanaSk_2019
RanaSk_2020
RanaSk_87
RanaSk_8701
RanaSk_871
RanaSk_987
RanaSk_9871
RanaYasir
RanaYasir!
RanaYasir!!
RanaYasir!$
RanaYasir!%
RanaYasir!&
RanaYasir!*
RanaYasir!@
RanaYasir$
RanaYasir$!
RanaYasir$$
RanaYasir$%
RanaYasir$&
RanaYasir$*
RanaYasir$@
RanaYasir%
RanaYasir%!
RanaYasir%$
RanaYasir%%
RanaYasir%&
RanaYasir%*
RanaYasir%@
RanaYasir&
RanaYasir&!
RanaYasir&$
RanaYasir&%
RanaYasir&&
RanaYasir&*
RanaYasir&@
RanaYasir*
RanaYasir*!
RanaYasir*$
RanaYasir*%
RanaYasir*&
RanaYasir**
RanaYasir*@
RanaYasir0
RanaYasir06
RanaYasir07
RanaYasir1
RanaYasir10
RanaYasir11
RanaYasir12
RanaYasir13
RanaYasir14
RanaYasir15
RanaYasir16
RanaYasir17
RanaYasir18
RanaYasir19
RanaYasir2
RanaYasir20
RanaYasir21
RanaYasir22
RanaYasir23
RanaYasir24
RanaYasir25
RanaYasir26
RanaYasir27
RanaYasir28
RanaYasir29
RanaYasir3
RanaYasir30
RanaYasir31
RanaYasir32
RanaYasir33
RanaYasir34
RanaYasir35
RanaYasir36
RanaYasir37
RanaYasir38
RanaYasir39
RanaYasir4
RanaYasir40
RanaYasir41
RanaYasir42
RanaYasir43
RanaYasir44
RanaYasir45
RanaYasir46
RanaYasir47
RanaYasir48
RanaYasir49
RanaYasir5
RanaYasir50
RanaYasir51
RanaYasir52
RanaYasir53
RanaYasir54
RanaYasir55
RanaYasir56
RanaYasir57
RanaYasir58
RanaYasir59
RanaYasir6
RanaYasir60
RanaYasir61
RanaYasir62
RanaYasir63
RanaYasir64
RanaYasir65
RanaYasir66
RanaYasir67
RanaYasir68
RanaYasir69
RanaYasir7
RanaYasir70
RanaYasir71
RanaYasir72
RanaYasir73
RanaYasir74
RanaYasir75
RanaYasir76
RanaYasir77
RanaYasir78
RanaYasir79
RanaYasir8
RanaYasir80
RanaYasir81
RanaYasir82
RanaYasir83
RanaYasir84
RanaYasir85
RanaYasir86
RanaYasir87
RanaYasir88
RanaYasir89
RanaYasir9
RanaYasir90
RanaYasir91
RanaYasir92
RanaYasir93
RanaYasir94
RanaYasir95
RanaYasir96
RanaYasir97
RanaYasir98
RanaYasir99
RanaYasir@
RanaYasir@!
RanaYasir@$
RanaYasir@%
RanaYasir@&
RanaYasir@*
RanaYasir@@
RanaYasir_6
RanaYasir_7
Rana_006
Rana_00606
Rana_006066
Rana_006067
Rana_00607
Rana_006076
Rana_006077
Rana_0066
Rana_006606
Rana_006607
Rana_00667
Rana_0067
Rana_006706
Rana_006707
Rana_00676
Rana_009
Rana_00901
Rana_009011
Rana_00909
Rana_009091
Rana_0091
Rana_009101
Rana_009109
Rana_01
Rana_01009
Rana_010091
Rana_0109
Rana_01091
Rana_011
Rana_011009
Rana_01109
Rana_01187
Rana_011987
Rana_012009
Rana_0187
Rana_01871
Rana_01987
Rana_019871
Rana_06
Rana_06006
Rana_060066
Rana_060067
Rana_0607
Rana_06076
Rana_06077
Rana_062006
Rana_066
Rana_066006
Rana_06607
Rana_0667
Rana_067
Rana_067006
Rana_06707
Rana_0676
Rana_07
Rana_07006
Rana_070066
Rana_070067
Rana_0706
Rana_07066
Rana_07067
Rana_072006
Rana_076
Rana_076006
Rana_07606
Rana_0767
Rana_077
Rana_077006
Rana_07706
Rana_0776
Rana_09
Rana_09009
Rana_090091
Rana_0901
Rana_09011
Rana_091
Rana_091009
Rana_09101
Rana_092009
Rana_1
Rana_1009
Rana_100901
Rana_100909
Rana_101
Rana_101009
Rana_10109
Rana_10187
Rana_101987
Rana_109
Rana_109009
Rana_10901
Rana_11987
Rana_12009
Rana_187
Rana_18701
Rana_187987
Rana_1987
Rana_198701
Rana_19871
Rana_198787
Rana_1990
Rana_1991
Rana_1992
Rana_1993
Rana_1994
Rana_1995
Rana_1996
Rana_1997
Rana_1998
Rana_1999
Rana_2000
Rana_2001
Rana_2002
Rana_2003
Rana_2004
Rana_2005
Rana_2006
Rana_200606
Rana_200607
Rana_20066
Rana_200667
Rana_20067
Rana_200676
Rana_2007
Rana_2008
Rana_2009
Rana_200901
Rana_200909
Rana_20091
Rana_2010
Rana_2011
Rana_2012
Rana_2013
Rana_2014
Rana_2015
Rana_2016
Rana_2017
Rana_2018
Rana_2019
Rana_2020
Rana_6
Rana_6006
Rana_600606
Rana_600607
Rana_60067
Rana_606
Rana_606006
Rana_60607
Rana_6067
Rana_607
Rana_607006
Rana_60706
Rana_6077
Rana_62006
Rana_620067
Rana_67
Rana_67006
Rana_6706
Rana_6707
Rana_672006
Rana_7
Rana_7006
Rana_700606
Rana_700607
Rana_70066
Rana_706
Rana_706006
Rana_70607
Rana_7066
Rana_707
Rana_707006
Rana_70706
Rana_7076
Rana_72006
Rana_720066
Rana_76
Rana_76006
Rana_7606
Rana_7607
Rana_762006
Rana_87
Rana_8701
Rana_87011
Rana_871
Rana_87101
Rana_871987
Rana_87987
Rana_879871
Rana_987
Rana_98701
Rana_987011
Rana_9871
Rana_987101
Rana_987187
Rana_98787
Rana_987871
Ranask
Ranask!
Ranask!!
Ranask!!!
Ranask!!$
Ranask!!%
Ranask!!&
Ranask!!'#'
Ranask!!*
Ranask!!@
Ranask!$
Ranask!$!
Ranask!$$
Ranask!$%
Ranask!$&
Ranask!$'#'
Ranask!$*
Ranask!$@
Ranask!%
Ranask!%!
Ranask!%$
Ranask!%%
Ranask!%&
Ranask!%'#'
Ranask!%*
Ranask!%@
Ranask!&
Ranask!&!
Ranask!&$
Ranask!&%
Ranask!&&
Ranask!&'#'
Ranask!&*
Ranask!&@
Ranask!'#'
Ranask!'#'!
Ranask!'#'$
Ranask!'#'%
Ranask!'#'&
Ranask!'#'*
Ranask!'#'@
Ranask!*
Ranask!*!
Ranask!*$
Ranask!*%
Ranask!*&
Ranask!*'#'
Ranask!**
Ranask!*@
Ranask!@
Ranask!@!
Ranask!@$
Ranask!@%
Ranask!@&
Ranask!@'#'
Ranask!@*
Ranask!@@
Ranask$
Ranask$!
Ranask$!!
Ranask$!$
Ranask$!%
Ranask$!&
Ranask$!'#'
Ranask$!*
Ranask$!@
Ranask$$
Ranask$$!
Ranask$$$
Ranask$$%
Ranask$$&
Ranask$$'#'
Ranask$$*
Ranask$$@
Ranask$%
Ranask$%!
Ranask$%$
Ranask$%%
Ranask$%&
Ranask$%'#'
Ranask$%*
Ranask$%@
Ranask$&
Ranask$&!
Ranask$&$
Ranask$&%
Ranask$&&
Ranask$&'#'
Ranask$&*
Ranask$&@
Ranask$'#'
Ranask$'#'!
Ranask$'#'$
Ranask$'#'%
Ranask$'#'&
Ranask$'#'*
Ranask$'#'@
Ranask$*
Ranask$*!
Ranask$*$
Ranask$*%
Ranask$*&
Ranask$*'#'
Ranask$**
Ranask$*@
Ranask$@
Ranask$@!
Ranask$@$
Ranask$@%
Ranask$@&
Ranask$@'#'
Ranask$@*
Ranask$@@
Ranask%
Ranask%!
Ranask%!!
Ranask%!$
Ranask%!%
Ranask%!&
Ranask%!'#'
Ranask%!*
Ranask%!@
Ranask%$
Ranask%$!
Ranask%$$
Ranask%$%
Ranask%$&
Ranask%$'#'
Ranask%$*
Ranask%$@
Ranask%%
Ranask%%!
Ranask%%$
Ranask%%%
Ranask%%&
Ranask%%'#'
Ranask%%*
Ranask%%@
Ranask%&
Ranask%&!
Ranask%&$
Ranask%&%
Ranask%&&
Ranask%&'#'
Ranask%&*
Ranask%&@
Ranask%'#'
Ranask%'#'!
Ranask%'#'$
Ranask%'#'%
Ranask%'#'&
Ranask%'#'*
Ranask%'#'@
Ranask%*
Ranask%*!
Ranask%*$
Ranask%*%
Ranask%*&
Ranask%*'#'
Ranask%**
Ranask%*@
Ranask%@
Ranask%@!
Ranask%@$
Ranask%@%
Ranask%@&
Ranask%@'#'
Ranask%@*
Ranask%@@
Ranask&
Ranask&!
Ranask&!!
Ranask&!$
Ranask&!%
Ranask&!&
Ranask&!'#'
Ranask&!*
Ranask&!@
Ranask&$
Ranask&$!
Ranask&$$
Ranask&$%
Ranask&$&
Ranask&$'#'
Ranask&$*
Ranask&$@
Ranask&%
Ranask&%!
Ranask&%$
Ranask&%%
Ranask&%&
Ranask&%'#'
Ranask&%*
Ranask&%@
Ranask&&
Ranask&&!
Ranask&&$
Ranask&&%
Ranask&&&
Ranask&&'#'
Ranask&&*
Ranask&&@
Ranask&'#'
Ranask&'#'!
Ranask&'#'$
Ranask&'#'%
Ranask&'#'&
Ranask&'#'*
Ranask&'#'@
Ranask&*
Ranask&*!
Ranask&*$
Ranask&*%
Ranask&*&
Ranask&*'#'
Ranask&**
Ranask&*@
Ranask&@
Ranask&@!
Ranask&@$
Ranask&@%
Ranask&@&
Ranask&@'#'
Ranask&@*
Ranask&@@
Ranask'#'
Ranask'#'!
Ranask'#'!!
Ranask'#'!$
Ranask'#'!%
Ranask'#'!&
Ranask'#'!*
Ranask'#'!@
Ranask'#'$
Ranask'#'$!
Ranask'#'$$
Ranask'#'$%
Ranask'#'$&
Ranask'#'$*
Ranask'#'$@
Ranask'#'%
Ranask'#'%!
Ranask'#'%$
Ranask'#'%%
Ranask'#'%&
Ranask'#'%*
Ranask'#'%@
Ranask'#'&
Ranask'#'&!
Ranask'#'&$
Ranask'#'&%
Ranask'#'&&
Ranask'#'&*
Ranask'#'&@
Ranask'#'*
Ranask'#'*!
Ranask'#'*$
Ranask'#'*%
Ranask'#'*&
Ranask'#'**
Ranask'#'*@
Ranask'#'@
Ranask'#'@!
Ranask'#'@$
Ranask'#'@%
Ranask'#'@&
Ranask'#'@*
Ranask'#'@@
Ranask*
Ranask*!
Ranask*!!
Ranask*!$
Ranask*!%
Ranask*!&
Ranask*!'#'
Ranask*!*
Ranask*!@
Ranask*$
Ranask*$!
Ranask*$$
Ranask*$%
Ranask*$&
Ranask*$'#'
Ranask*$*
Ranask*$@
Ranask*%
Ranask*%!
Ranask*%$
Ranask*%%
Ranask*%&
Ranask*%'#'
Ranask*%*
Ranask*%@
Ranask*&
Ranask*&!
Ranask*&$
Ranask*&%
Ranask*&&
Ranask*&'#'
Ranask*&*
Ranask*&@
Ranask*'#'
Ranask*'#'!
Ranask*'#'$
Ranask*'#'%
Ranask*'#'&
Ranask*'#'*
Ranask*'#'@
Ranask**
Ranask**!
Ranask**$
Ranask**%
Ranask**&
Ranask**'#'
Ranask***
Ranask**@
Ranask*@
Ranask*@!
Ranask*@$
Ranask*@%
Ranask*@&
Ranask*@'#'
Ranask*@*
Ranask*@@
Ranask0
Ranask009
Ranask00901
Ranask00909
Ranask0091
Ranask01
Ranask01009
Ranask0109
Ranask01091
Ranask011
Ranask01109
Ranask01187
Ranask0187
Ranask01871
Ranask01987
Ranask09
Ranask09009
Ranask0901
Ranask09011
Ranask091
Ranask09101
Ranask1
Ranask10
Ranask1009
Ranask101
Ranask10109
Ranask10187
Ranask109
Ranask10901
Ranask11
Ranask11987
Ranask12
Ranask12009
Ranask13
Ranask14
Ranask15
Ranask16
Ranask17
Ranask18
Ranask187
Ranask18701
Ranask19
Ranask1987
Ranask19871
Ranask1990
Ranask1991
Ranask1992
Ranask1993
Ranask1994
Ranask1995
Ranask1996
Ranask1997
Ranask1998
Ranask1999
Ranask2
Ranask20
Ranask2000
Ranask2001
Ranask2002
Ranask2003
Ranask2004
Ranask2005
Ranask2006
Ranask2007
Ranask2008
Ranask2009
Ranask20091
Ranask2010
Ranask2011
Ranask2012
Ranask2013
Ranask2014
Ranask2015
Ranask2016
Ranask2017
Ranask2018
Ranask2019
Ranask2020
Ranask21
Ranask22
Ranask23
Ranask24
Ranask25
Ranask26
Ranask27
Ranask28
Ranask29
Ranask3
Ranask30
Ranask31
Ranask32
Ranask33
Ranask34
Ranask35
Ranask36
Ranask37
Ranask38
Ranask39
Ranask4
Ranask40
Ranask41
Ranask42
Ranask43
Ranask44
Ranask45
Ranask46
Ranask47
Ranask48
Ranask49
Ranask5
Ranask50
Ranask51
Ranask52
Ranask53
Ranask54
Ranask55
Ranask56
Ranask57
Ranask58
Ranask59
Ranask6
Ranask60
Ranask61
Ranask62
Ranask63
Ranask64
Ranask65
Ranask66
Ranask67
Ranask68
Ranask69
Ranask7
Ranask70
Ranask71
Ranask72
Ranask73
Ranask74
Ranask75
Ranask76
Ranask77
Ranask78
Ranask79
Ranask8
Ranask80
Ranask81
Ranask82
Ranask83
Ranask84
Ranask85
Ranask86
Ranask87
Ranask8701
Ranask87011
Ranask871
Ranask87101
Ranask87987
Ranask88
Ranask89
Ranask9
Ranask90
Ranask91
Ranask92
Ranask93
Ranask94
Ranask95
Ranask96
Ranask97
Ranask98
Ranask987
Ranask98701
Ranask9871
Ranask98787
Ranask99
Ranask@
Ranask@!
Ranask@!!
Ranask@!$
Ranask@!%
Ranask@!&
Ranask@!'#'
Ranask@!*
Ranask@!@
Ranask@$
Ranask@$!
Ranask@$$
Ranask@$%
Ranask@$&
Ranask@$'#'
Ranask@$*
Ranask@$@
Ranask@%
Ranask@%!
Ranask@%$
Ranask@%%
Ranask@%&
Ranask@%'#'
Ranask@%*
Ranask@%@
Ranask@&
Ranask@&!
Ranask@&$
Ranask@&%
Ranask@&&
Ranask@&'#'
Ranask@&*
Ranask@&@
Ranask@'#'
Ranask@'#'!
Ranask@'#'$
Ranask@'#'%
Ranask@'#'&
Ranask@'#'*
Ranask@'#'@
Ranask@*
Ranask@*!
Ranask@*$
Ranask@*%
Ranask@*&
Ranask@*'#'
Ranask@**
Ranask@*@
Ranask@@
Ranask@@!
Ranask@@$
Ranask@@%
Ranask@@&
Ranask@@'#'
Ranask@@*
Ranask@@@
Ranask_009
Ranask_0091
Ranask_01
Ranask_0109
Ranask_011
Ranask_0187
Ranask_09
Ranask_0901
Ranask_091
Ranask_1
Ranask_1009
Ranask_101
Ranask_109
Ranask_187
Ranask_1987
Ranask_1990
Ranask_1991
Ranask_1992
Ranask_1993
Ranask_1994
Ranask_1995
Ranask_1996
Ranask_1997
Ranask_1998
Ranask_1999
Ranask_2000
Ranask_2001
Ranask_2002
Ranask_2003
Ranask_2004
Ranask_2005
Ranask_2006
Ranask_2007
Ranask_2008
Ranask_2009
Ranask_2010
Ranask_2011
Ranask_2012
Ranask_2013
Ranask_2014
Ranask_2015
Ranask_2016
Ranask_2017
Ranask_2018
Ranask_2019
Ranask_2020
Ranask_87
Ranask_8701
Ranask_871
Ranask_987
Ranask_9871
Ranayasir
Ranayasir!
Ranayasir!!
Ranayasir!$
Ranayasir!%
Ranayasir!&
Ranayasir!*
Ranayasir!@
Ranayasir$
Ranayasir$!
Ranayasir$$
Ranayasir$%
Ranayasir$&
Ranayasir$*
Ranayasir$@
Ranayasir%
Ranayasir%!
Ranayasir%$
Ranayasir%%
Ranayasir%&
Ranayasir%*
Ranayasir%@
Ranayasir&
Ranayasir&!
Ranayasir&$
Ranayasir&%
Ranayasir&&
Ranayasir&*
Ranayasir&@
Ranayasir*
Ranayasir*!
Ranayasir*$
Ranayasir*%
Ranayasir*&
Ranayasir**
Ranayasir*@
Ranayasir0
Ranayasir06
Ranayasir07
Ranayasir1
Ranayasir10
Ranayasir11
Ranayasir12
Ranayasir13
Ranayasir14
Ranayasir15
Ranayasir16
Ranayasir17
Ranayasir18
Ranayasir19
Ranayasir2
Ranayasir20
Ranayasir21
Ranayasir22
Ranayasir23
Ranayasir24
Ranayasir25
Ranayasir26
Ranayasir27
Ranayasir28
Ranayasir29
Ranayasir3
Ranayasir30
Ranayasir31
Ranayasir32
Ranayasir33
Ranayasir34
Ranayasir35
Ranayasir36
Ranayasir37
Ranayasir38
Ranayasir39
Ranayasir4
Ranayasir40
Ranayasir41
Ranayasir42
Ranayasir43
Ranayasir44
Ranayasir45
Ranayasir46
Ranayasir47
Ranayasir48
Ranayasir49
Ranayasir5
Ranayasir50
Ranayasir51
Ranayasir52
Ranayasir53
Ranayasir54
Ranayasir55
Ranayasir56
Ranayasir57
Ranayasir58
Ranayasir59
Ranayasir6
Ranayasir60
Ranayasir61
Ranayasir62
Ranayasir63
Ranayasir64
Ranayasir65
Ranayasir66
Ranayasir67
Ranayasir68
Ranayasir69
Ranayasir7
Ranayasir70
Ranayasir71
Ranayasir72
Ranayasir73
Ranayasir74
Ranayasir75
Ranayasir76
Ranayasir77
Ranayasir78
Ranayasir79
Ranayasir8
Ranayasir80
Ranayasir81
Ranayasir82
Ranayasir83
Ranayasir84
Ranayasir85
Ranayasir86
Ranayasir87
Ranayasir88
Ranayasir89
Ranayasir9
Ranayasir90
Ranayasir91
Ranayasir92
Ranayasir93
Ranayasir94
Ranayasir95
Ranayasir96
Ranayasir97
Ranayasir98
Ranayasir99
Ranayasir@
Ranayasir@!
Ranayasir@$
Ranayasir@%
Ranayasir@&
Ranayasir@*
Ranayasir@@
Ranayasir_6
Ranayasir_7
Rock!!
Rock!!!
Rock!!$
Rock!!%
Rock!!&
Rock!!'#'
Rock!!*
Rock!!@
Rock!$
Rock!$!
Rock!$$
Rock!$%
Rock!$&
Rock!$'#'
Rock!$*
Rock!$@
Rock!%
Rock!%!
Rock!%$
Rock!%%
Rock!%&
Rock!%'#'
Rock!%*
Rock!%@
Rock!&
Rock!&!
Rock!&$
Rock!&%
Rock!&&
Rock!&'#'
Rock!&*
Rock!&@
Rock!'#'
Rock!'#'!
Rock!'#'$
Rock!'#'%
Rock!'#'&
Rock!'#''#'
Rock!'#'*
Rock!'#'@
Rock!*
Rock!*!
Rock!*$
Rock!*%
Rock!*&
Rock!*'#'
Rock!**
Rock!*@
Rock!@
Rock!@!
Rock!@$
Rock!@%
Rock!@&
Rock!@'#'
Rock!@*
Rock!@@
Rock$!
Rock$!!
Rock$!$
Rock$!%
Rock$!&
Rock$!'#'
Rock$!*
Rock$!@
Rock$$
Rock$$!
Rock$$$
Rock$$%
Rock$$&
Rock$$'#'
Rock$$*
Rock$$@
Rock$%
Rock$%!
Rock$%$
Rock$%%
Rock$%&
Rock$%'#'
Rock$%*
Rock$%@
Rock$&
Rock$&!
Rock$&$
Rock$&%
Rock$&&
Rock$&'#'
Rock$&*
Rock$&@
Rock$'#'
Rock$'#'!
Rock$'#'$
Rock$'#'%
Rock$'#'&
Rock$'#''#'
Rock$'#'*
Rock$'#'@
Rock$*
Rock$*!
Rock$*$
Rock$*%
Rock$*&
Rock$*'#'
Rock$**
Rock$*@
Rock$@
Rock$@!
Rock$@$
Rock$@%
Rock$@&
Rock$@'#'
Rock$@*
Rock$@@
Rock%!
Rock%!!
Rock%!$
Rock%!%
Rock%!&
Rock%!'#'
Rock%!*
Rock%!@
Rock%$
Rock%$!
Rock%$$
Rock%$%
Rock%$&
Rock%$'#'
Rock%$*
Rock%$@
Rock%%
Rock%%!
Rock%%$
Rock%%%
Rock%%&
Rock%%'#'
Rock%%*
Rock%%@
Rock%&
Rock%&!
Rock%&$
Rock%&%
Rock%&&
Rock%&'#'
Rock%&*
Rock%&@
Rock%'#'
Rock%'#'!
Rock%'#'$
Rock%'#'%
Rock%'#'&
Rock%'#''#'
Rock%'#'*
Rock%'#'@
Rock%*
Rock%*!
Rock%*$
Rock%*%
Rock%*&
Rock%*'#'
Rock%**
Rock%*@
Rock%@
Rock%@!
Rock%@$
Rock%@%
Rock%@&
Rock%@'#'
Rock%@*
Rock%@@
Rock&!
Rock&!!
Rock&!$
Rock&!%
Rock&!&
Rock&!'#'
Rock&!*
Rock&!@
Rock&$
Rock&$!
Rock&$$
Rock&$%
Rock&$&
Rock&$'#'
Rock&$*
Rock&$@
Rock&%
Rock&%!
Rock&%$
Rock&%%
Rock&%&
Rock&%'#'
Rock&%*
Rock&%@
Rock&&
Rock&&!
Rock&&$
Rock&&%
Rock&&&
Rock&&'#'
Rock&&*
Rock&&@
Rock&'#'
Rock&'#'!
Rock&'#'$
Rock&'#'%
Rock&'#'&
Rock&'#''#'
Rock&'#'*
Rock&'#'@
Rock&*
Rock&*!
Rock&*$
Rock&*%
Rock&*&
Rock&*'#'
Rock&**
Rock&*@
Rock&@
Rock&@!
Rock&@$
Rock&@%
Rock&@&
Rock&@'#'
Rock&@*
Rock&@@
Rock'#'
Rock'#'!
Rock'#'!!
Rock'#'!$
Rock'#'!%
Rock'#'!&
Rock'#'!'#'
Rock'#'!*
Rock'#'!@
Rock'#'$
Rock'#'$!
Rock'#'$$
Rock'#'$%
Rock'#'$&
Rock'#'$'#'
Rock'#'$*
Rock'#'$@
Rock'#'%
Rock'#'%!
Rock'#'%$
Rock'#'%%
Rock'#'%&
Rock'#'%'#'
Rock'#'%*
Rock'#'%@
Rock'#'&
Rock'#'&!
Rock'#'&$
Rock'#'&%
Rock'#'&&
Rock'#'&'#'
Rock'#'&*
Rock'#'&@
Rock'#''#'
Rock'#''#'!
Rock'#''#'$
Rock'#''#'%
Rock'#''#'&
Rock'#''#'*
Rock'#''#'@
Rock'#'*
Rock'#'*!
Rock'#'*$
Rock'#'*%
Rock'#'*&
Rock'#'*'#'
Rock'#'**
Rock'#'*@
Rock'#'@
Rock'#'@!
Rock'#'@$
Rock'#'@%
Rock'#'@&
Rock'#'@'#'
Rock'#'@*
Rock'#'@@
Rock*!
Rock*!!
Rock*!$
Rock*!%
Rock*!&
Rock*!'#'
Rock*!*
Rock*!@
Rock*$
Rock*$!
Rock*$$
Rock*$%
Rock*$&
Rock*$'#'
Rock*$*
Rock*$@
Rock*%
Rock*%!
Rock*%$
Rock*%%
Rock*%&
Rock*%'#'
Rock*%*
Rock*%@
Rock*&
Rock*&!
Rock*&$
Rock*&%
Rock*&&
Rock*&'#'
Rock*&*
Rock*&@
Rock*'#'
Rock*'#'!
Rock*'#'$
Rock*'#'%
Rock*'#'&
Rock*'#''#'
Rock*'#'*
Rock*'#'@
Rock**
Rock**!
Rock**$
Rock**%
Rock**&
Rock**'#'
Rock***
Rock**@
Rock*@
Rock*@!
Rock*@$
Rock*@%
Rock*@&
Rock*@'#'
Rock*@*
Rock*@@
Rock10
Rock11
Rock12
Rock13
Rock14
Rock15
Rock16
Rock17
Rock18
Rock19
Rock1990
Rock1991
Rock1992
Rock1993
Rock1994
Rock1995
Rock1996
Rock1997
Rock1998
Rock1999
Rock20
Rock2000
Rock2001
Rock2002
Rock2003
Rock2004
Rock2005
Rock2006
Rock2007
Rock2008
Rock2009
Rock2010
Rock2011
Rock2012
Rock2013
Rock2014
Rock2015
Rock2016
Rock2017
Rock2018
Rock2019
Rock2020
Rock21
Rock22
Rock23
Rock24
Rock25
Rock26
Rock27
Rock28
Rock29
Rock30
Rock31
Rock32
Rock33
Rock34
Rock35
Rock36
Rock37
Rock38
Rock39
Rock40
Rock41
Rock42
Rock43
Rock44
Rock45
Rock46
Rock47
Rock48
Rock49
Rock50
Rock51
Rock52
Rock53
Rock54
Rock55
Rock56
Rock57
Rock58
Rock59
Rock60
Rock61
Rock62
Rock63
Rock64
Rock65
Rock66
Rock67
Rock68
Rock69
Rock70
Rock71
Rock72
Rock73
Rock74
Rock75
Rock76
Rock77
Rock78
Rock79
Rock80
Rock81
Rock82
Rock83
Rock84
Rock85
Rock86
Rock87
Rock88
Rock89
Rock90
Rock91
Rock92
Rock93
Rock94
Rock95
Rock96
Rock97
Rock98
Rock99
Rock@!
Rock@!!
Rock@!$
Rock@!%
Rock@!&
Rock@!'#'
Rock@!*
Rock@!@
Rock@$
Rock@$!
Rock@$$
Rock@$%
Rock@$&
Rock@$'#'
Rock@$*
Rock@$@
Rock@%
Rock@%!
Rock@%$
Rock@%%
Rock@%&
Rock@%'#'
Rock@%*
Rock@%@
Rock@&
Rock@&!
Rock@&$
Rock@&%
Rock@&&
Rock@&'#'
Rock@&*
Rock@&@
Rock@'#'
Rock@'#'!
Rock@'#'$
Rock@'#'%
Rock@'#'&
Rock@'#''#'
Rock@'#'*
Rock@'#'@
Rock@*
Rock@*!
Rock@*$
Rock@*%
Rock@*&
Rock@*'#'
Rock@**
Rock@*@
Rock@@
Rock@@!
Rock@@$
Rock@@%
Rock@@&
Rock@@'#'
Rock@@*
Rock@@@
Rock_1990
Rock_1991
Rock_1992
Rock_1993
Rock_1994
Rock_1995
Rock_1996
Rock_1997
Rock_1998
Rock_1999
Rock_2000
Rock_2001
Rock_2002
Rock_2003
Rock_2004
Rock_2005
Rock_2006
Rock_2007
Rock_2008
Rock_2009
Rock_2010
Rock_2011
Rock_2012
Rock_2013
Rock_2014
Rock_2015
Rock_2016
Rock_2017
Rock_2018
Rock_2019
Rock_2020
Sk!!'#'
Sk!!'#'
Sk!$'#'
Sk!$'#'
Sk!%'#'
Sk!%'#'
Sk!&'#'
Sk!&'#'
Sk!'#'
Sk!'#'
Sk!'#'!
Sk!'#'!
Sk!'#'$
Sk!'#'$
Sk!'#'%
Sk!'#'%
Sk!'#'&
Sk!'#'&
Sk!'#''#'
Sk!'#''#'
Sk!'#'*
Sk!'#'*
Sk!'#'@
Sk!'#'@
Sk!*'#'
Sk!*'#'
Sk!@'#'
Sk!@'#'
Sk$!'#'
Sk$!'#'
Sk$$'#'
Sk$$'#'
Sk$%'#'
Sk$%'#'
Sk$&'#'
Sk$&'#'
Sk$'#'
Sk$'#'
Sk$'#'!
Sk$'#'!
Sk$'#'$
Sk$'#'$
Sk$'#'%
Sk$'#'%
Sk$'#'&
Sk$'#'&
Sk$'#''#'
Sk$'#''#'
Sk$'#'*
Sk$'#'*
Sk$'#'@
Sk$'#'@
Sk$*'#'
Sk$*'#'
Sk$@'#'
Sk$@'#'
Sk%!'#'
Sk%!'#'
Sk%$'#'
Sk%$'#'
Sk%%'#'
Sk%%'#'
Sk%&'#'
Sk%&'#'
Sk%'#'
Sk%'#'
Sk%'#'!
Sk%'#'!
Sk%'#'$
Sk%'#'$
Sk%'#'%
Sk%'#'%
Sk%'#'&
Sk%'#'&
Sk%'#''#'
Sk%'#''#'
Sk%'#'*
Sk%'#'*
Sk%'#'@
Sk%'#'@
Sk%*'#'
Sk%*'#'
Sk%@'#'
Sk%@'#'
Sk&!'#'
Sk&!'#'
Sk&$'#'
Sk&$'#'
Sk&%'#'
Sk&%'#'
Sk&&'#'
Sk&&'#'
Sk&'#'
Sk&'#'
Sk&'#'!
Sk&'#'!
Sk&'#'$
Sk&'#'$
Sk&'#'%
Sk&'#'%
Sk&'#'&
Sk&'#'&
Sk&'#''#'
Sk&'#''#'
Sk&'#'*
Sk&'#'*
Sk&'#'@
Sk&'#'@
Sk&*'#'
Sk&*'#'
Sk&@'#'
Sk&@'#'
Sk'#'!
Sk'#'!
Sk'#'!!
Sk'#'!!
Sk'#'!$
Sk'#'!$
Sk'#'!%
Sk'#'!%
Sk'#'!&
Sk'#'!&
Sk'#'!'#'
Sk'#'!'#'
Sk'#'!*
Sk'#'!*
Sk'#'!@
Sk'#'!@
Sk'#'$
Sk'#'$
Sk'#'$!
Sk'#'$!
Sk'#'$$
Sk'#'$$
Sk'#'$%
Sk'#'$%
Sk'#'$&
Sk'#'$&
Sk'#'$'#'
Sk'#'$'#'
Sk'#'$*
Sk'#'$*
Sk'#'$@
Sk'#'$@
Sk'#'%
Sk'#'%
Sk'#'%!
Sk'#'%!
Sk'#'%$
Sk'#'%$
Sk'#'%%
Sk'#'%%
Sk'#'%&
Sk'#'%&
Sk'#'%'#'
Sk'#'%'#'
Sk'#'%*
Sk'#'%*
Sk'#'%@
Sk'#'%@
Sk'#'&
Sk'#'&
Sk'#'&!
Sk'#'&!
Sk'#'&$
Sk'#'&$
Sk'#'&%
Sk'#'&%
Sk'#'&&
Sk'#'&&
Sk'#'&'#'
Sk'#'&'#'
Sk'#'&*
Sk'#'&*
Sk'#'&@
Sk'#'&@
Sk'#''#'
Sk'#''#'
Sk'#''#'!
Sk'#''#'!
Sk'#''#'$
Sk'#''#'$
Sk'#''#'%
Sk'#''#'%
Sk'#''#'&
Sk'#''#'&
Sk'#''#''#'
Sk'#''#''#'
Sk'#''#'*
Sk'#''#'*
Sk'#''#'@
Sk'#''#'@
Sk'#'*
Sk'#'*
Sk'#'*!
Sk'#'*!
Sk'#'*$
Sk'#'*$
Sk'#'*%
Sk'#'*%
Sk'#'*&
Sk'#'*&
Sk'#'*'#'
Sk'#'*'#'
Sk'#'**
Sk'#'**
Sk'#'*@
Sk'#'*@
Sk'#'@
Sk'#'@
Sk'#'@!
Sk'#'@!
Sk'#'@$
Sk'#'@$
Sk'#'@%
Sk'#'@%
Sk'#'@&
Sk'#'@&
Sk'#'@'#'
Sk'#'@'#'
Sk'#'@*
Sk'#'@*
Sk'#'@@
Sk'#'@@
Sk*!'#'
Sk*!'#'
Sk*$'#'
Sk*$'#'
Sk*%'#'
Sk*%'#'
Sk*&'#'
Sk*&'#'
Sk*'#'
Sk*'#'
Sk*'#'!
Sk*'#'!
Sk*'#'$
Sk*'#'$
Sk*'#'%
Sk*'#'%
Sk*'#'&
Sk*'#'&
Sk*'#''#'
Sk*'#''#'
Sk*'#'*
Sk*'#'*
Sk*'#'@
Sk*'#'@
Sk**'#'
Sk**'#'
Sk*@'#'
Sk*@'#'
Sk00901
Sk00901
Sk0090109
Sk0090109
Sk009011
Sk009011
Sk009012009
Sk009012009
Sk00909
Sk00909
Sk0090901
Sk0090901
Sk009091
Sk009091
Sk009092009
Sk009092009
Sk0091
Sk0091
Sk009101
Sk009101
Sk009109
Sk009109
Sk00912009
Sk00912009
Sk0092009
Sk0092009
Sk009200901
Sk009200901
Sk009200909
Sk009200909
Sk00920091
Sk00920091
Sk01009
Sk01009
Sk0100909
Sk0100909
Sk010091
Sk010091
Sk010092009
Sk010092009
Sk0109
Sk0109
Sk0109009
Sk0109009
Sk01091
Sk01091
Sk01092009
Sk01092009
Sk011009
Sk011009
Sk01109
Sk01109
Sk0111987
Sk0111987
Sk0112009
Sk0112009
Sk01187
Sk01187
Sk011987
Sk011987
Sk0119871
Sk0119871
Sk01198787
Sk01198787
Sk011987987
Sk011987987
Sk012009
Sk012009
Sk012009009
Sk012009009
Sk01200909
Sk01200909
Sk0120091
Sk0120091
Sk0187
Sk0187
Sk01871
Sk01871
Sk01871987
Sk01871987
Sk0187987
Sk0187987
Sk01987
Sk01987
Sk019871
Sk019871
Sk019871987
Sk019871987
Sk0198787
Sk0198787
Sk09009
Sk09009
Sk0900901
Sk0900901
Sk090091
Sk090091
Sk090092009
Sk090092009
Sk0901
Sk0901
Sk0901009
Sk0901009
Sk09011
Sk09011
Sk09012009
Sk09012009
Sk091009
Sk091009
Sk09101
Sk09101
Sk0912009
Sk0912009
Sk092009
Sk092009
Sk092009009
Sk092009009
Sk09200901
Sk09200901
Sk0920091
Sk0920091
Sk1009
Sk1009
Sk100901
Sk100901
Sk100909
Sk100909
Sk10092009
Sk10092009
Sk101009
Sk101009
Sk10109
Sk10109
Sk1011987
Sk1011987
Sk1012009
Sk1012009
Sk10187
Sk10187
Sk101987
Sk101987
Sk109009
Sk109009
Sk10901
Sk10901
Sk1092009
Sk1092009
Sk11987
Sk11987
Sk1198701
Sk1198701
Sk1198787
Sk1198787
Sk11987987
Sk11987987
Sk12009
Sk12009
Sk12009009
Sk12009009
Sk1200901
Sk1200901
Sk1200909
Sk1200909
Sk18701
Sk18701
Sk1871987
Sk1871987
Sk187987
Sk187987
Sk1987
Sk1987
Sk198701
Sk198701
Sk1987011
Sk1987011
Sk19870187
Sk19870187
Sk198701987
Sk198701987
Sk19871
Sk19871
Sk1987101
Sk1987101
Sk1987187
Sk1987187
Sk19871987
Sk19871987
Sk198787
Sk198787
Sk19878701
Sk19878701
Sk1987871
Sk1987871
Sk198787987
Sk198787987
Sk1987987
Sk1987987
Sk198798701
Sk198798701
Sk19879871
Sk19879871
Sk198798787
Sk198798787
Sk1990
Sk1990
Sk1991
Sk1991
Sk1992
Sk1992
Sk1993
Sk1993
Sk1994
Sk1994
Sk1995
Sk1995
Sk1996
Sk1996
Sk1997
Sk1997
Sk1998
Sk1998
Sk1999
Sk1999
Sk2000
Sk2000
Sk2001
Sk2001
Sk2002
Sk2002
Sk2003
Sk2003
Sk2004
Sk2004
Sk2005
Sk2005
Sk2006
Sk2006
Sk2007
Sk2007
Sk2008
Sk2008
Sk2009
Sk2009
Sk2009009
Sk2009009
Sk200900901
Sk200900901
Sk200900909
Sk200900909
Sk20090091
Sk20090091
Sk200901
Sk200901
Sk200901009
Sk200901009
Sk20090109
Sk20090109
Sk2009011
Sk2009011
Sk200909
Sk200909
Sk200909009
Sk200909009
Sk20090901
Sk20090901
Sk2009091
Sk2009091
Sk20091
Sk20091
Sk20091009
Sk20091009
Sk2009101
Sk2009101
Sk2009109
Sk2009109
Sk2010
Sk2010
Sk2011
Sk2011
Sk2012
Sk2012
Sk2013
Sk2013
Sk2014
Sk2014
Sk2015
Sk2015
Sk2016
Sk2016
Sk2017
Sk2017
Sk2018
Sk2018
Sk2019
Sk2019
Sk2020
Sk2020
Sk8701
Sk8701
Sk87011
Sk87011
Sk87011987
Sk87011987
Sk8701987
Sk8701987
Sk87101
Sk87101
Sk8711987
Sk8711987
Sk871987
Sk871987
Sk87198701
Sk87198701
Sk8719871
Sk8719871
Sk871987987
Sk871987987
Sk87987
Sk87987
Sk8798701
Sk8798701
Sk879871
Sk879871
Sk879871987
Sk879871987
Sk98701
Sk98701
Sk987011
Sk987011
Sk987011987
Sk987011987
Sk9870187
Sk9870187
Sk9871
Sk9871
Sk987101
Sk987101
Sk98711987
Sk98711987
Sk987187
Sk987187
Sk9871987
Sk9871987
Sk987198701
Sk987198701
Sk98719871
Sk98719871
Sk987198787
Sk987198787
Sk98787
Sk98787
Sk9878701
Sk9878701
Sk987871
Sk987871
Sk987871987
Sk987871987
Sk@!'#'
Sk@!'#'
Sk@$'#'
Sk@$'#'
Sk@%'#'
Sk@%'#'
Sk@&'#'
Sk@&'#'
Sk@'#'
Sk@'#'
Sk@'#'!
Sk@'#'!
Sk@'#'$
Sk@'#'$
Sk@'#'%
Sk@'#'%
Sk@'#'&
Sk@'#'&
Sk@'#''#'
Sk@'#''#'
Sk@'#'*
Sk@'#'*
Sk@'#'@
Sk@'#'@
Sk@*'#'
Sk@*'#'
Sk@@'#'
Sk@@'#'
SkR4n4
SkR4n4!
SkR4n4!!
SkR4n4!!!
SkR4n4!!$
SkR4n4!!%
SkR4n4!!&
SkR4n4!!'#'
SkR4n4!!*
SkR4n4!!@
SkR4n4!$
SkR4n4!$!
SkR4n4!$$
SkR4n4!$%
SkR4n4!$&
SkR4n4!$'#'
SkR4n4!$*
SkR4n4!$@
SkR4n4!%
SkR4n4!%!
SkR4n4!%$
SkR4n4!%%
SkR4n4!%&
SkR4n4!%'#'
SkR4n4!%*
SkR4n4!%@
SkR4n4!&
SkR4n4!&!
SkR4n4!&$
SkR4n4!&%
SkR4n4!&&
SkR4n4!&'#'
SkR4n4!&*
SkR4n4!&@
SkR4n4!'#'
SkR4n4!'#'!
SkR4n4!'#'$
SkR4n4!'#'%
SkR4n4!'#'&
SkR4n4!'#'*
SkR4n4!'#'@
SkR4n4!*
SkR4n4!*!
SkR4n4!*$
SkR4n4!*%
SkR4n4!*&
SkR4n4!*'#'
SkR4n4!**
SkR4n4!*@
SkR4n4!@
SkR4n4!@!
SkR4n4!@$
SkR4n4!@%
SkR4n4!@&
SkR4n4!@'#'
SkR4n4!@*
SkR4n4!@@
SkR4n4$
SkR4n4$!
SkR4n4$!!
SkR4n4$!$
SkR4n4$!%
SkR4n4$!&
SkR4n4$!'#'
SkR4n4$!*
SkR4n4$!@
SkR4n4$$
SkR4n4$$!
SkR4n4$$$
SkR4n4$$%
SkR4n4$$&
SkR4n4$$'#'
SkR4n4$$*
SkR4n4$$@
SkR4n4$%
SkR4n4$%!
SkR4n4$%$
SkR4n4$%%
SkR4n4$%&
SkR4n4$%'#'
SkR4n4$%*
SkR4n4$%@
SkR4n4$&
SkR4n4$&!
SkR4n4$&$
SkR4n4$&%
SkR4n4$&&
SkR4n4$&'#'
SkR4n4$&*
SkR4n4$&@
SkR4n4$'#'
SkR4n4$'#'!
SkR4n4$'#'$
SkR4n4$'#'%
SkR4n4$'#'&
SkR4n4$'#'*
SkR4n4$'#'@
SkR4n4$*
SkR4n4$*!
SkR4n4$*$
SkR4n4$*%
SkR4n4$*&
SkR4n4$*'#'
SkR4n4$**
SkR4n4$*@
SkR4n4$@
SkR4n4$@!
SkR4n4$@$
SkR4n4$@%
SkR4n4$@&
SkR4n4$@'#'
SkR4n4$@*
SkR4n4$@@
SkR4n4%
SkR4n4%!
SkR4n4%!!
SkR4n4%!$
SkR4n4%!%
SkR4n4%!&
SkR4n4%!'#'
SkR4n4%!*
SkR4n4%!@
SkR4n4%$
SkR4n4%$!
SkR4n4%$$
SkR4n4%$%
SkR4n4%$&
SkR4n4%$'#'
SkR4n4%$*
SkR4n4%$@
SkR4n4%%
SkR4n4%%!
SkR4n4%%$
SkR4n4%%%
SkR4n4%%&
SkR4n4%%'#'
SkR4n4%%*
SkR4n4%%@
SkR4n4%&
SkR4n4%&!
SkR4n4%&$
SkR4n4%&%
SkR4n4%&&
SkR4n4%&'#'
SkR4n4%&*
SkR4n4%&@
SkR4n4%'#'
SkR4n4%'#'!
SkR4n4%'#'$
SkR4n4%'#'%
SkR4n4%'#'&
SkR4n4%'#'*
SkR4n4%'#'@
SkR4n4%*
SkR4n4%*!
SkR4n4%*$
SkR4n4%*%
SkR4n4%*&
SkR4n4%*'#'
SkR4n4%**
SkR4n4%*@
SkR4n4%@
SkR4n4%@!
SkR4n4%@$
SkR4n4%@%
SkR4n4%@&
SkR4n4%@'#'
SkR4n4%@*
SkR4n4%@@
SkR4n4&
SkR4n4&!
SkR4n4&!!
SkR4n4&!$
SkR4n4&!%
SkR4n4&!&
SkR4n4&!'#'
SkR4n4&!*
SkR4n4&!@
SkR4n4&$
SkR4n4&$!
SkR4n4&$$
SkR4n4&$%
SkR4n4&$&
SkR4n4&$'#'
SkR4n4&$*
SkR4n4&$@
SkR4n4&%
SkR4n4&%!
SkR4n4&%$
SkR4n4&%%
SkR4n4&%&
SkR4n4&%'#'
SkR4n4&%*
SkR4n4&%@
SkR4n4&&
SkR4n4&&!
SkR4n4&&$
SkR4n4&&%
SkR4n4&&&
SkR4n4&&'#'
SkR4n4&&*
SkR4n4&&@
SkR4n4&'#'
SkR4n4&'#'!
SkR4n4&'#'$
SkR4n4&'#'%
SkR4n4&'#'&
SkR4n4&'#'*
SkR4n4&'#'@
SkR4n4&*
SkR4n4&*!
SkR4n4&*$
SkR4n4&*%
SkR4n4&*&
SkR4n4&*'#'
SkR4n4&**
SkR4n4&*@
SkR4n4&@
SkR4n4&@!
SkR4n4&@$
SkR4n4&@%
SkR4n4&@&
SkR4n4&@'#'
SkR4n4&@*
SkR4n4&@@
SkR4n4'#'
SkR4n4'#'!
SkR4n4'#'!!
SkR4n4'#'!$
SkR4n4'#'!%
SkR4n4'#'!&
SkR4n4'#'!*
SkR4n4'#'!@
SkR4n4'#'$
SkR4n4'#'$!
SkR4n4'#'$$
SkR4n4'#'$%
SkR4n4'#'$&
SkR4n4'#'$*
SkR4n4'#'$@
SkR4n4'#'%
SkR4n4'#'%!
SkR4n4'#'%$
SkR4n4'#'%%
SkR4n4'#'%&
SkR4n4'#'%*
SkR4n4'#'%@
SkR4n4'#'&
SkR4n4'#'&!
SkR4n4'#'&$
SkR4n4'#'&%
SkR4n4'#'&&
SkR4n4'#'&*
SkR4n4'#'&@
SkR4n4'#'*
SkR4n4'#'*!
SkR4n4'#'*$
SkR4n4'#'*%
SkR4n4'#'*&
SkR4n4'#'**
SkR4n4'#'*@
SkR4n4'#'@
SkR4n4'#'@!
SkR4n4'#'@$
SkR4n4'#'@%
SkR4n4'#'@&
SkR4n4'#'@*
SkR4n4'#'@@
SkR4n4*
SkR4n4*!
SkR4n4*!!
SkR4n4*!$
SkR4n4*!%
SkR4n4*!&
SkR4n4*!'#'
SkR4n4*!*
SkR4n4*!@
SkR4n4*$
SkR4n4*$!
SkR4n4*$$
SkR4n4*$%
SkR4n4*$&
SkR4n4*$'#'
SkR4n4*$*
SkR4n4*$@
SkR4n4*%
SkR4n4*%!
SkR4n4*%$
SkR4n4*%%
SkR4n4*%&
SkR4n4*%'#'
SkR4n4*%*
SkR4n4*%@
SkR4n4*&
SkR4n4*&!
SkR4n4*&$
SkR4n4*&%
SkR4n4*&&
SkR4n4*&'#'
SkR4n4*&*
SkR4n4*&@
SkR4n4*'#'
SkR4n4*'#'!
SkR4n4*'#'$
SkR4n4*'#'%
SkR4n4*'#'&
SkR4n4*'#'*
SkR4n4*'#'@
SkR4n4**
SkR4n4**!
SkR4n4**$
SkR4n4**%
SkR4n4**&
SkR4n4**'#'
SkR4n4***
SkR4n4**@
SkR4n4*@
SkR4n4*@!
SkR4n4*@$
SkR4n4*@%
SkR4n4*@&
SkR4n4*@'#'
SkR4n4*@*
SkR4n4*@@
SkR4n40
SkR4n4009
SkR4n400901
SkR4n400909
SkR4n40091
SkR4n401
SkR4n401009
SkR4n40109
SkR4n401091
SkR4n4011
SkR4n401109
SkR4n401187
SkR4n40187
SkR4n401871
SkR4n401987
SkR4n409
SkR4n409009
SkR4n40901
SkR4n409011
SkR4n4091
SkR4n409101
SkR4n41
SkR4n410
SkR4n41009
SkR4n4101
SkR4n410109
SkR4n410187
SkR4n4109
SkR4n410901
SkR4n411
SkR4n411987
SkR4n412
SkR4n412009
SkR4n413
SkR4n414
SkR4n415
SkR4n416
SkR4n417
SkR4n418
SkR4n4187
SkR4n418701
SkR4n419
SkR4n41987
SkR4n419871
SkR4n41990
SkR4n41991
SkR4n41992
SkR4n41993
SkR4n41994
SkR4n41995
SkR4n41996
SkR4n41997
SkR4n41998
SkR4n41999
SkR4n42
SkR4n420
SkR4n42000
SkR4n42001
SkR4n42002
SkR4n42003
SkR4n42004
SkR4n42005
SkR4n42006
SkR4n42007
SkR4n42008
SkR4n42009
SkR4n420091
SkR4n42010
SkR4n42011
SkR4n42012
SkR4n42013
SkR4n42014
SkR4n42015
SkR4n42016
SkR4n42017
SkR4n42018
SkR4n42019
SkR4n42020
SkR4n421
SkR4n422
SkR4n423
SkR4n424
SkR4n425
SkR4n426
SkR4n427
SkR4n428
SkR4n429
SkR4n43
SkR4n430
SkR4n431
SkR4n432
SkR4n433
SkR4n434
SkR4n435
SkR4n436
SkR4n437
SkR4n438
SkR4n439
SkR4n44
SkR4n440
SkR4n441
SkR4n442
SkR4n443
SkR4n444
SkR4n445
SkR4n446
SkR4n447
SkR4n448
SkR4n449
SkR4n45
SkR4n450
SkR4n451
SkR4n452
SkR4n453
SkR4n454
SkR4n455
SkR4n456
SkR4n457
SkR4n458
SkR4n459
SkR4n46
SkR4n460
SkR4n461
SkR4n462
SkR4n463
SkR4n464
SkR4n465
SkR4n466
SkR4n467
SkR4n468
SkR4n469
SkR4n47
SkR4n470
SkR4n471
SkR4n472
SkR4n473
SkR4n474
SkR4n475
SkR4n476
SkR4n477
SkR4n478
SkR4n479
SkR4n48
SkR4n480
SkR4n481
SkR4n482
SkR4n483
SkR4n484
SkR4n485
SkR4n486
SkR4n487
SkR4n48701
SkR4n487011
SkR4n4871
SkR4n487101
SkR4n487987
SkR4n488
SkR4n489
SkR4n49
SkR4n490
SkR4n491
SkR4n492
SkR4n493
SkR4n494
SkR4n495
SkR4n496
SkR4n497
SkR4n498
SkR4n4987
SkR4n498701
SkR4n49871
SkR4n498787
SkR4n499
SkR4n4@
SkR4n4@!
SkR4n4@!!
SkR4n4@!$
SkR4n4@!%
SkR4n4@!&
SkR4n4@!'#'
SkR4n4@!*
SkR4n4@!@
SkR4n4@$
SkR4n4@$!
SkR4n4@$$
SkR4n4@$%
SkR4n4@$&
SkR4n4@$'#'
SkR4n4@$*
SkR4n4@$@
SkR4n4@%
SkR4n4@%!
SkR4n4@%$
SkR4n4@%%
SkR4n4@%&
SkR4n4@%'#'
SkR4n4@%*
SkR4n4@%@
SkR4n4@&
SkR4n4@&!
SkR4n4@&$
SkR4n4@&%
SkR4n4@&&
SkR4n4@&'#'
SkR4n4@&*
SkR4n4@&@
SkR4n4@'#'
SkR4n4@'#'!
SkR4n4@'#'$
SkR4n4@'#'%
SkR4n4@'#'&
SkR4n4@'#'*
SkR4n4@'#'@
SkR4n4@*
SkR4n4@*!
SkR4n4@*$
SkR4n4@*%
SkR4n4@*&
SkR4n4@*'#'
SkR4n4@**
SkR4n4@*@
SkR4n4@@
SkR4n4@@!
SkR4n4@@$
SkR4n4@@%
SkR4n4@@&
SkR4n4@@'#'
SkR4n4@@*
SkR4n4@@@
SkR4n4_009
SkR4n4_0091
SkR4n4_01
SkR4n4_0109
SkR4n4_011
SkR4n4_0187
SkR4n4_09
SkR4n4_0901
SkR4n4_091
SkR4n4_1
SkR4n4_1009
SkR4n4_101
SkR4n4_109
SkR4n4_187
SkR4n4_1987
SkR4n4_1990
SkR4n4_1991
SkR4n4_1992
SkR4n4_1993
SkR4n4_1994
SkR4n4_1995
SkR4n4_1996
SkR4n4_1997
SkR4n4_1998
SkR4n4_1999
SkR4n4_2000
SkR4n4_2001
SkR4n4_2002
SkR4n4_2003
SkR4n4_2004
SkR4n4_2005
SkR4n4_2006
SkR4n4_2007
SkR4n4_2008
SkR4n4_2009
SkR4n4_2010
SkR4n4_2011
SkR4n4_2012
SkR4n4_2013
SkR4n4_2014
SkR4n4_2015
SkR4n4_2016
SkR4n4_2017
SkR4n4_2018
SkR4n4_2019
SkR4n4_2020
SkR4n4_87
SkR4n4_8701
SkR4n4_871
SkR4n4_987
SkR4n4_9871
SkRana
SkRana!
SkRana!!
SkRana!!!
SkRana!!$
SkRana!!%
SkRana!!&
SkRana!!'#'
SkRana!!*
SkRana!!@
SkRana!$
SkRana!$!
SkRana!$$
SkRana!$%
SkRana!$&
SkRana!$'#'
SkRana!$*
SkRana!$@
SkRana!%
SkRana!%!
SkRana!%$
SkRana!%%
SkRana!%&
SkRana!%'#'
SkRana!%*
SkRana!%@
SkRana!&
SkRana!&!
SkRana!&$
SkRana!&%
SkRana!&&
SkRana!&'#'
SkRana!&*
SkRana!&@
SkRana!'#'
SkRana!'#'!
SkRana!'#'$
SkRana!'#'%
SkRana!'#'&
SkRana!'#'*
SkRana!'#'@
SkRana!*
SkRana!*!
SkRana!*$
SkRana!*%
SkRana!*&
SkRana!*'#'
SkRana!**
SkRana!*@
SkRana!@
SkRana!@!
SkRana!@$
SkRana!@%
SkRana!@&
SkRana!@'#'
SkRana!@*
SkRana!@@
SkRana$
SkRana$!
SkRana$!!
SkRana$!$
SkRana$!%
SkRana$!&
SkRana$!'#'
SkRana$!*
SkRana$!@
SkRana$$
SkRana$$!
SkRana$$$
SkRana$$%
SkRana$$&
SkRana$$'#'
SkRana$$*
SkRana$$@
SkRana$%
SkRana$%!
SkRana$%$
SkRana$%%
SkRana$%&
SkRana$%'#'
SkRana$%*
SkRana$%@
SkRana$&
SkRana$&!
SkRana$&$
SkRana$&%
SkRana$&&
SkRana$&'#'
SkRana$&*
SkRana$&@
SkRana$'#'
SkRana$'#'!
SkRana$'#'$
SkRana$'#'%
SkRana$'#'&
SkRana$'#'*
SkRana$'#'@
SkRana$*
SkRana$*!
SkRana$*$
SkRana$*%
SkRana$*&
SkRana$*'#'
SkRana$**
SkRana$*@
SkRana$@
SkRana$@!
SkRana$@$
SkRana$@%
SkRana$@&
SkRana$@'#'
SkRana$@*
SkRana$@@
SkRana%
SkRana%!
SkRana%!!
SkRana%!$
SkRana%!%
SkRana%!&
SkRana%!'#'
SkRana%!*
SkRana%!@
SkRana%$
SkRana%$!
SkRana%$$
SkRana%$%
SkRana%$&
SkRana%$'#'
SkRana%$*
SkRana%$@
SkRana%%
SkRana%%!
SkRana%%$
SkRana%%%
SkRana%%&
SkRana%%'#'
SkRana%%*
SkRana%%@
SkRana%&
SkRana%&!
SkRana%&$
SkRana%&%
SkRana%&&
SkRana%&'#'
SkRana%&*
SkRana%&@
SkRana%'#'
SkRana%'#'!
SkRana%'#'$
SkRana%'#'%
SkRana%'#'&
SkRana%'#'*
SkRana%'#'@
SkRana%*
SkRana%*!
SkRana%*$
SkRana%*%
SkRana%*&
SkRana%*'#'
SkRana%**
SkRana%*@
SkRana%@
SkRana%@!
SkRana%@$
SkRana%@%
SkRana%@&
SkRana%@'#'
SkRana%@*
SkRana%@@
SkRana&
SkRana&!
SkRana&!!
SkRana&!$
SkRana&!%
SkRana&!&
SkRana&!'#'
SkRana&!*
SkRana&!@
SkRana&$
SkRana&$!
SkRana&$$
SkRana&$%
SkRana&$&
SkRana&$'#'
SkRana&$*
SkRana&$@
SkRana&%
SkRana&%!
SkRana&%$
SkRana&%%
SkRana&%&
SkRana&%'#'
SkRana&%*
SkRana&%@
SkRana&&
SkRana&&!
SkRana&&$
SkRana&&%
SkRana&&&
SkRana&&'#'
SkRana&&*
SkRana&&@
SkRana&'#'
SkRana&'#'!
SkRana&'#'$
SkRana&'#'%
SkRana&'#'&
SkRana&'#'*
SkRana&'#'@
SkRana&*
SkRana&*!
SkRana&*$
SkRana&*%
SkRana&*&
SkRana&*'#'
SkRana&**
SkRana&*@
SkRana&@
SkRana&@!
SkRana&@$
SkRana&@%
SkRana&@&
SkRana&@'#'
SkRana&@*
SkRana&@@
SkRana'#'
SkRana'#'!
SkRana'#'!!
SkRana'#'!$
SkRana'#'!%
SkRana'#'!&
SkRana'#'!*
SkRana'#'!@
SkRana'#'$
SkRana'#'$!
SkRana'#'$$
SkRana'#'$%
SkRana'#'$&
SkRana'#'$*
SkRana'#'$@
SkRana'#'%
SkRana'#'%!
SkRana'#'%$
SkRana'#'%%
SkRana'#'%&
SkRana'#'%*
SkRana'#'%@
SkRana'#'&
SkRana'#'&!
SkRana'#'&$
SkRana'#'&%
SkRana'#'&&
SkRana'#'&*
SkRana'#'&@
SkRana'#'*
SkRana'#'*!
SkRana'#'*$
SkRana'#'*%
SkRana'#'*&
SkRana'#'**
SkRana'#'*@
SkRana'#'@
SkRana'#'@!
SkRana'#'@$
SkRana'#'@%
SkRana'#'@&
SkRana'#'@*
SkRana'#'@@
SkRana*
SkRana*!
SkRana*!!
SkRana*!$
SkRana*!%
SkRana*!&
SkRana*!'#'
SkRana*!*
SkRana*!@
SkRana*$
SkRana*$!
SkRana*$$
SkRana*$%
SkRana*$&
SkRana*$'#'
SkRana*$*
SkRana*$@
SkRana*%
SkRana*%!
SkRana*%$
SkRana*%%
SkRana*%&
SkRana*%'#'
SkRana*%*
SkRana*%@
SkRana*&
SkRana*&!
SkRana*&$
SkRana*&%
SkRana*&&
SkRana*&'#'
SkRana*&*
SkRana*&@
SkRana*'#'
SkRana*'#'!
SkRana*'#'$
SkRana*'#'%
SkRana*'#'&
SkRana*'#'*
SkRana*'#'@
SkRana**
SkRana**!
SkRana**$
SkRana**%
SkRana**&
SkRana**'#'
SkRana***
SkRana**@
SkRana*@
SkRana*@!
SkRana*@$
SkRana*@%
SkRana*@&
SkRana*@'#'
SkRana*@*
SkRana*@@
SkRana0
SkRana009
SkRana00901
SkRana00909
SkRana0091
SkRana01
SkRana01009
SkRana0109
SkRana01091
SkRana011
SkRana01109
SkRana01187
SkRana0187
SkRana01871
SkRana01987
SkRana09
SkRana09009
SkRana0901
SkRana09011
SkRana091
SkRana09101
SkRana1
SkRana10
SkRana1009
SkRana101
SkRana10109
SkRana10187
SkRana109
SkRana10901
SkRana11
SkRana11987
SkRana12
SkRana12009
SkRana13
SkRana14
SkRana15
SkRana16
SkRana17
SkRana18
SkRana187
SkRana18701
SkRana19
SkRana1987
SkRana19871
SkRana1990
SkRana1991
SkRana1992
SkRana1993
SkRana1994
SkRana1995
SkRana1996
SkRana1997
SkRana1998
SkRana1999
SkRana2
SkRana20
SkRana2000
SkRana2001
SkRana2002
SkRana2003
SkRana2004
SkRana2005
SkRana2006
SkRana2007
SkRana2008
SkRana2009
SkRana20091
SkRana2010
SkRana2011
SkRana2012
SkRana2013
SkRana2014
SkRana2015
SkRana2016
SkRana2017
SkRana2018
SkRana2019
SkRana2020
SkRana21
SkRana22
SkRana23
SkRana24
SkRana25
SkRana26
SkRana27
SkRana28
SkRana29
SkRana3
SkRana30
SkRana31
SkRana32
SkRana33
SkRana34
SkRana35
SkRana36
SkRana37
SkRana38
SkRana39
SkRana4
SkRana40
SkRana41
SkRana42
SkRana43
SkRana44
SkRana45
SkRana46
SkRana47
SkRana48
SkRana49
SkRana5
SkRana50
SkRana51
SkRana52
SkRana53
SkRana54
SkRana55
SkRana56
SkRana57
SkRana58
SkRana59
SkRana6
SkRana60
SkRana61
SkRana62
SkRana63
SkRana64
SkRana65
SkRana66
SkRana67
SkRana68
SkRana69
SkRana7
SkRana70
SkRana71
SkRana72
SkRana73
SkRana74
SkRana75
SkRana76
SkRana77
SkRana78
SkRana79
SkRana8
SkRana80
SkRana81
SkRana82
SkRana83
SkRana84
SkRana85
SkRana86
SkRana87
SkRana8701
SkRana87011
SkRana871
SkRana87101
SkRana87987
SkRana88
SkRana89
SkRana9
SkRana90
SkRana91
SkRana92
SkRana93
SkRana94
SkRana95
SkRana96
SkRana97
SkRana98
SkRana987
SkRana98701
SkRana9871
SkRana98787
SkRana99
SkRana@
SkRana@!
SkRana@!!
SkRana@!$
SkRana@!%
SkRana@!&
SkRana@!'#'
SkRana@!*
SkRana@!@
SkRana@$
SkRana@$!
SkRana@$$
SkRana@$%
SkRana@$&
SkRana@$'#'
SkRana@$*
SkRana@$@
SkRana@%
SkRana@%!
SkRana@%$
SkRana@%%
SkRana@%&
SkRana@%'#'
SkRana@%*
SkRana@%@
SkRana@&
SkRana@&!
SkRana@&$
SkRana@&%
SkRana@&&
SkRana@&'#'
SkRana@&*
SkRana@&@
SkRana@'#'
SkRana@'#'!
SkRana@'#'$
SkRana@'#'%
SkRana@'#'&
SkRana@'#'*
SkRana@'#'@
SkRana@*
SkRana@*!
SkRana@*$
SkRana@*%
SkRana@*&
SkRana@*'#'
SkRana@**
SkRana@*@
SkRana@@
SkRana@@!
SkRana@@$
SkRana@@%
SkRana@@&
SkRana@@'#'
SkRana@@*
SkRana@@@
SkRana_009
SkRana_0091
SkRana_01
SkRana_0109
SkRana_011
SkRana_0187
SkRana_09
SkRana_0901
SkRana_091
SkRana_1
SkRana_1009
SkRana_101
SkRana_109
SkRana_187
SkRana_1987
SkRana_1990
SkRana_1991
SkRana_1992
SkRana_1993
SkRana_1994
SkRana_1995
SkRana_1996
SkRana_1997
SkRana_1998
SkRana_1999
SkRana_2000
SkRana_2001
SkRana_2002
SkRana_2003
SkRana_2004
SkRana_2005
SkRana_2006
SkRana_2007
SkRana_2008
SkRana_2009
SkRana_2010
SkRana_2011
SkRana_2012
SkRana_2013
SkRana_2014
SkRana_2015
SkRana_2016
SkRana_2017
SkRana_2018
SkRana_2019
SkRana_2020
SkRana_87
SkRana_8701
SkRana_871
SkRana_987
SkRana_9871
Sk_009
Sk_009
Sk_00901
Sk_00901
Sk_0090109
Sk_0090109
Sk_009011
Sk_009011
Sk_00909
Sk_00909
Sk_0090901
Sk_0090901
Sk_009091
Sk_009091
Sk_0091
Sk_0091
Sk_009101
Sk_009101
Sk_009109
Sk_009109
Sk_00912009
Sk_00912009
Sk_0092009
Sk_0092009
Sk_00920091
Sk_00920091
Sk_01009
Sk_01009
Sk_0100909
Sk_0100909
Sk_010091
Sk_010091
Sk_0109
Sk_0109
Sk_0109009
Sk_0109009
Sk_01091
Sk_01091
Sk_01092009
Sk_01092009
Sk_011
Sk_011
Sk_011009
Sk_011009
Sk_01109
Sk_01109
Sk_0111987
Sk_0111987
Sk_0112009
Sk_0112009
Sk_01187
Sk_01187
Sk_011987
Sk_011987
Sk_0119871
Sk_0119871
Sk_01198787
Sk_01198787
Sk_012009
Sk_012009
Sk_01200909
Sk_01200909
Sk_0120091
Sk_0120091
Sk_0187
Sk_0187
Sk_01871
Sk_01871
Sk_01871987
Sk_01871987
Sk_0187987
Sk_0187987
Sk_01987
Sk_01987
Sk_019871
Sk_019871
Sk_0198787
Sk_0198787
Sk_09009
Sk_09009
Sk_0900901
Sk_0900901
Sk_090091
Sk_090091
Sk_0901
Sk_0901
Sk_0901009
Sk_0901009
Sk_09011
Sk_09011
Sk_09012009
Sk_09012009
Sk_091
Sk_091
Sk_091009
Sk_091009
Sk_09101
Sk_09101
Sk_0912009
Sk_0912009
Sk_092009
Sk_092009
Sk_09200901
Sk_09200901
Sk_0920091
Sk_0920091
Sk_1009
Sk_1009
Sk_100901
Sk_100901
Sk_100909
Sk_100909
Sk_10092009
Sk_10092009
Sk_101
Sk_101
Sk_101009
Sk_101009
Sk_10109
Sk_10109
Sk_1011987
Sk_1011987
Sk_1012009
Sk_1012009
Sk_10187
Sk_10187
Sk_101987
Sk_101987
Sk_109
Sk_109
Sk_109009
Sk_109009
Sk_10901
Sk_10901
Sk_1092009
Sk_1092009
Sk_11987
Sk_11987
Sk_1198701
Sk_1198701
Sk_1198787
Sk_1198787
Sk_11987987
Sk_11987987
Sk_12009
Sk_12009
Sk_12009009
Sk_12009009
Sk_1200901
Sk_1200901
Sk_1200909
Sk_1200909
Sk_187
Sk_187
Sk_18701
Sk_18701
Sk_1871987
Sk_1871987
Sk_187987
Sk_187987
Sk_1987
Sk_1987
Sk_198701
Sk_198701
Sk_1987011
Sk_1987011
Sk_19870187
Sk_19870187
Sk_19871
Sk_19871
Sk_1987101
Sk_1987101
Sk_1987187
Sk_1987187
Sk_19871987
Sk_19871987
Sk_198787
Sk_198787
Sk_19878701
Sk_19878701
Sk_1987871
Sk_1987871
Sk_1987987
Sk_1987987
Sk_19879871
Sk_19879871
Sk_1990
Sk_1990
Sk_1991
Sk_1991
Sk_1992
Sk_1992
Sk_1993
Sk_1993
Sk_1994
Sk_1994
Sk_1995
Sk_1995
Sk_1996
Sk_1996
Sk_1997
Sk_1997
Sk_1998
Sk_1998
Sk_1999
Sk_1999
Sk_2000
Sk_2000
Sk_2001
Sk_2001
Sk_2002
Sk_2002
Sk_2003
Sk_2003
Sk_2004
Sk_2004
Sk_2005
Sk_2005
Sk_2006
Sk_2006
Sk_2007
Sk_2007
Sk_2008
Sk_2008
Sk_2009
Sk_2009
Sk_2009009
Sk_2009009
Sk_20090091
Sk_20090091
Sk_200901
Sk_200901
Sk_20090109
Sk_20090109
Sk_2009011
Sk_2009011
Sk_200909
Sk_200909
Sk_20090901
Sk_20090901
Sk_2009091
Sk_2009091
Sk_20091
Sk_20091
Sk_20091009
Sk_20091009
Sk_2009101
Sk_2009101
Sk_2009109
Sk_2009109
Sk_2010
Sk_2010
Sk_2011
Sk_2011
Sk_2012
Sk_2012
Sk_2013
Sk_2013
Sk_2014
Sk_2014
Sk_2015
Sk_2015
Sk_2016
Sk_2016
Sk_2017
Sk_2017
Sk_2018
Sk_2018
Sk_2019
Sk_2019
Sk_2020
Sk_2020
Sk_8701
Sk_8701
Sk_87011
Sk_87011
Sk_87011987
Sk_87011987
Sk_8701987
Sk_8701987
Sk_871
Sk_871
Sk_87101
Sk_87101
Sk_8711987
Sk_8711987
Sk_871987
Sk_871987
Sk_87198701
Sk_87198701
Sk_8719871
Sk_8719871
Sk_87987
Sk_87987
Sk_8798701
Sk_8798701
Sk_879871
Sk_879871
Sk_987
Sk_987
Sk_98701
Sk_98701
Sk_987011
Sk_987011
Sk_9870187
Sk_9870187
Sk_9871
Sk_9871
Sk_987101
Sk_987101
Sk_98711987
Sk_98711987
Sk_987187
Sk_987187
Sk_9871987
Sk_9871987
Sk_98719871
Sk_98719871
Sk_98787
Sk_98787
Sk_9878701
Sk_9878701
Sk_987871
Sk_987871
Skr4n4
Skr4n4!
Skr4n4!!
Skr4n4!!!
Skr4n4!!$
Skr4n4!!%
Skr4n4!!&
Skr4n4!!'#'
Skr4n4!!*
Skr4n4!!@
Skr4n4!$
Skr4n4!$!
Skr4n4!$$
Skr4n4!$%
Skr4n4!$&
Skr4n4!$'#'
Skr4n4!$*
Skr4n4!$@
Skr4n4!%
Skr4n4!%!
Skr4n4!%$
Skr4n4!%%
Skr4n4!%&
Skr4n4!%'#'
Skr4n4!%*
Skr4n4!%@
Skr4n4!&
Skr4n4!&!
Skr4n4!&$
Skr4n4!&%
Skr4n4!&&
Skr4n4!&'#'
Skr4n4!&*
Skr4n4!&@
Skr4n4!'#'
Skr4n4!'#'!
Skr4n4!'#'$
Skr4n4!'#'%
Skr4n4!'#'&
Skr4n4!'#'*
Skr4n4!'#'@
Skr4n4!*
Skr4n4!*!
Skr4n4!*$
Skr4n4!*%
Skr4n4!*&
Skr4n4!*'#'
Skr4n4!**
Skr4n4!*@
Skr4n4!@
Skr4n4!@!
Skr4n4!@$
Skr4n4!@%
Skr4n4!@&
Skr4n4!@'#'
Skr4n4!@*
Skr4n4!@@
Skr4n4$
Skr4n4$!
Skr4n4$!!
Skr4n4$!$
Skr4n4$!%
Skr4n4$!&
Skr4n4$!'#'
Skr4n4$!*
Skr4n4$!@
Skr4n4$$
Skr4n4$$!
Skr4n4$$$
Skr4n4$$%
Skr4n4$$&
Skr4n4$$'#'
Skr4n4$$*
Skr4n4$$@
Skr4n4$%
Skr4n4$%!
Skr4n4$%$
Skr4n4$%%
Skr4n4$%&
Skr4n4$%'#'
Skr4n4$%*
Skr4n4$%@
Skr4n4$&
Skr4n4$&!
Skr4n4$&$
Skr4n4$&%
Skr4n4$&&
Skr4n4$&'#'
Skr4n4$&*
Skr4n4$&@
Skr4n4$'#'
Skr4n4$'#'!
Skr4n4$'#'$
Skr4n4$'#'%
Skr4n4$'#'&
Skr4n4$'#'*
Skr4n4$'#'@
Skr4n4$*
Skr4n4$*!
Skr4n4$*$
Skr4n4$*%
Skr4n4$*&
Skr4n4$*'#'
Skr4n4$**
Skr4n4$*@
Skr4n4$@
Skr4n4$@!
Skr4n4$@$
Skr4n4$@%
Skr4n4$@&
Skr4n4$@'#'
Skr4n4$@*
Skr4n4$@@
Skr4n4%
Skr4n4%!
Skr4n4%!!
Skr4n4%!$
Skr4n4%!%
Skr4n4%!&
Skr4n4%!'#'
Skr4n4%!*
Skr4n4%!@
Skr4n4%$
Skr4n4%$!
Skr4n4%$$
Skr4n4%$%
Skr4n4%$&
Skr4n4%$'#'
Skr4n4%$*
Skr4n4%$@
Skr4n4%%
Skr4n4%%!
Skr4n4%%$
Skr4n4%%%
Skr4n4%%&
Skr4n4%%'#'
Skr4n4%%*
Skr4n4%%@
Skr4n4%&
Skr4n4%&!
Skr4n4%&$
Skr4n4%&%
Skr4n4%&&
Skr4n4%&'#'
Skr4n4%&*
Skr4n4%&@
Skr4n4%'#'
Skr4n4%'#'!
Skr4n4%'#'$
Skr4n4%'#'%
Skr4n4%'#'&
Skr4n4%'#'*
Skr4n4%'#'@
Skr4n4%*
Skr4n4%*!
Skr4n4%*$
Skr4n4%*%
Skr4n4%*&
Skr4n4%*'#'
Skr4n4%**
Skr4n4%*@
Skr4n4%@
Skr4n4%@!
Skr4n4%@$
Skr4n4%@%
Skr4n4%@&
Skr4n4%@'#'
Skr4n4%@*
Skr4n4%@@
Skr4n4&
Skr4n4&!
Skr4n4&!!
Skr4n4&!$
Skr4n4&!%
Skr4n4&!&
Skr4n4&!'#'
Skr4n4&!*
Skr4n4&!@
Skr4n4&$
Skr4n4&$!
Skr4n4&$$
Skr4n4&$%
Skr4n4&$&
Skr4n4&$'#'
Skr4n4&$*
Skr4n4&$@
Skr4n4&%
Skr4n4&%!
Skr4n4&%$
Skr4n4&%%
Skr4n4&%&
Skr4n4&%'#'
Skr4n4&%*
Skr4n4&%@
Skr4n4&&
Skr4n4&&!
Skr4n4&&$
Skr4n4&&%
Skr4n4&&&
Skr4n4&&'#'
Skr4n4&&*
Skr4n4&&@
Skr4n4&'#'
Skr4n4&'#'!
Skr4n4&'#'$
Skr4n4&'#'%
Skr4n4&'#'&
Skr4n4&'#'*
Skr4n4&'#'@
Skr4n4&*
Skr4n4&*!
Skr4n4&*$
Skr4n4&*%
Skr4n4&*&
Skr4n4&*'#'
Skr4n4&**
Skr4n4&*@
Skr4n4&@
Skr4n4&@!
Skr4n4&@$
Skr4n4&@%
Skr4n4&@&
Skr4n4&@'#'
Skr4n4&@*
Skr4n4&@@
Skr4n4'#'
Skr4n4'#'!
Skr4n4'#'!!
Skr4n4'#'!$
Skr4n4'#'!%
Skr4n4'#'!&
Skr4n4'#'!*
Skr4n4'#'!@
Skr4n4'#'$
Skr4n4'#'$!
Skr4n4'#'$$
Skr4n4'#'$%
Skr4n4'#'$&
Skr4n4'#'$*
Skr4n4'#'$@
Skr4n4'#'%
Skr4n4'#'%!
Skr4n4'#'%$
Skr4n4'#'%%
Skr4n4'#'%&
Skr4n4'#'%*
Skr4n4'#'%@
Skr4n4'#'&
Skr4n4'#'&!
Skr4n4'#'&$
Skr4n4'#'&%
Skr4n4'#'&&
Skr4n4'#'&*
Skr4n4'#'&@
Skr4n4'#'*
Skr4n4'#'*!
Skr4n4'#'*$
Skr4n4'#'*%
Skr4n4'#'*&
Skr4n4'#'**
Skr4n4'#'*@
Skr4n4'#'@
Skr4n4'#'@!
Skr4n4'#'@$
Skr4n4'#'@%
Skr4n4'#'@&
Skr4n4'#'@*
Skr4n4'#'@@
Skr4n4*
Skr4n4*!
Skr4n4*!!
Skr4n4*!$
Skr4n4*!%
Skr4n4*!&
Skr4n4*!'#'
Skr4n4*!*
Skr4n4*!@
Skr4n4*$
Skr4n4*$!
Skr4n4*$$
Skr4n4*$%
Skr4n4*$&
Skr4n4*$'#'
Skr4n4*$*
Skr4n4*$@
Skr4n4*%
Skr4n4*%!
Skr4n4*%$
Skr4n4*%%
Skr4n4*%&
Skr4n4*%'#'
Skr4n4*%*
Skr4n4*%@
Skr4n4*&
Skr4n4*&!
Skr4n4*&$
Skr4n4*&%
Skr4n4*&&
Skr4n4*&'#'
Skr4n4*&*
Skr4n4*&@
Skr4n4*'#'
Skr4n4*'#'!
Skr4n4*'#'$
Skr4n4*'#'%
Skr4n4*'#'&
Skr4n4*'#'*
Skr4n4*'#'@
Skr4n4**
Skr4n4**!
Skr4n4**$
Skr4n4**%
Skr4n4**&
Skr4n4**'#'
Skr4n4***
Skr4n4**@
Skr4n4*@
Skr4n4*@!
Skr4n4*@$
Skr4n4*@%
Skr4n4*@&
Skr4n4*@'#'
Skr4n4*@*
Skr4n4*@@
Skr4n40
Skr4n4009
Skr4n400901
Skr4n400909
Skr4n40091
Skr4n401
Skr4n401009
Skr4n40109
Skr4n401091
Skr4n4011
Skr4n401109
Skr4n401187
Skr4n40187
Skr4n401871
Skr4n401987
Skr4n409
Skr4n409009
Skr4n40901
Skr4n409011
Skr4n4091
Skr4n409101
Skr4n41
Skr4n410
Skr4n41009
Skr4n4101
Skr4n410109
Skr4n410187
Skr4n4109
Skr4n410901
Skr4n411
Skr4n411987
Skr4n412
Skr4n412009
Skr4n413
Skr4n414
Skr4n415
Skr4n416
Skr4n417
Skr4n418
Skr4n4187
Skr4n418701
Skr4n419
Skr4n41987
Skr4n419871
Skr4n41990
Skr4n41991
Skr4n41992
Skr4n41993
Skr4n41994
Skr4n41995
Skr4n41996
Skr4n41997
Skr4n41998
Skr4n41999
Skr4n42
Skr4n420
Skr4n42000
Skr4n42001
Skr4n42002
Skr4n42003
Skr4n42004
Skr4n42005
Skr4n42006
Skr4n42007
Skr4n42008
Skr4n42009
Skr4n420091
Skr4n42010
Skr4n42011
Skr4n42012
Skr4n42013
Skr4n42014
Skr4n42015
Skr4n42016
Skr4n42017
Skr4n42018
Skr4n42019
Skr4n42020
Skr4n421
Skr4n422
Skr4n423
Skr4n424
Skr4n425
Skr4n426
Skr4n427
Skr4n428
Skr4n429
Skr4n43
Skr4n430
Skr4n431
Skr4n432
Skr4n433
Skr4n434
Skr4n435
Skr4n436
Skr4n437
Skr4n438
Skr4n439
Skr4n44
Skr4n440
Skr4n441
Skr4n442
Skr4n443
Skr4n444
Skr4n445
Skr4n446
Skr4n447
Skr4n448
Skr4n449
Skr4n45
Skr4n450
Skr4n451
Skr4n452
Skr4n453
Skr4n454
Skr4n455
Skr4n456
Skr4n457
Skr4n458
Skr4n459
Skr4n46
Skr4n460
Skr4n461
Skr4n462
Skr4n463
Skr4n464
Skr4n465
Skr4n466
Skr4n467
Skr4n468
Skr4n469
Skr4n47
Skr4n470
Skr4n471
Skr4n472
Skr4n473
Skr4n474
Skr4n475
Skr4n476
Skr4n477
Skr4n478
Skr4n479
Skr4n48
Skr4n480
Skr4n481
Skr4n482
Skr4n483
Skr4n484
Skr4n485
Skr4n486
Skr4n487
Skr4n48701
Skr4n487011
Skr4n4871
Skr4n487101
Skr4n487987
Skr4n488
Skr4n489
Skr4n49
Skr4n490
Skr4n491
Skr4n492
Skr4n493
Skr4n494
Skr4n495
Skr4n496
Skr4n497
Skr4n498
Skr4n4987
Skr4n498701
Skr4n49871
Skr4n498787
Skr4n499
Skr4n4@
Skr4n4@!
Skr4n4@!!
Skr4n4@!$
Skr4n4@!%
Skr4n4@!&
Skr4n4@!'#'
Skr4n4@!*
Skr4n4@!@
Skr4n4@$
Skr4n4@$!
Skr4n4@$$
Skr4n4@$%
Skr4n4@$&
Skr4n4@$'#'
Skr4n4@$*
Skr4n4@$@
Skr4n4@%
Skr4n4@%!
Skr4n4@%$
Skr4n4@%%
Skr4n4@%&
Skr4n4@%'#'
Skr4n4@%*
Skr4n4@%@
Skr4n4@&
Skr4n4@&!
Skr4n4@&$
Skr4n4@&%
Skr4n4@&&
Skr4n4@&'#'
Skr4n4@&*
Skr4n4@&@
Skr4n4@'#'
Skr4n4@'#'!
Skr4n4@'#'$
Skr4n4@'#'%
Skr4n4@'#'&
Skr4n4@'#'*
Skr4n4@'#'@
Skr4n4@*
Skr4n4@*!
Skr4n4@*$
Skr4n4@*%
Skr4n4@*&
Skr4n4@*'#'
Skr4n4@**
Skr4n4@*@
Skr4n4@@
Skr4n4@@!
Skr4n4@@$
Skr4n4@@%
Skr4n4@@&
Skr4n4@@'#'
Skr4n4@@*
Skr4n4@@@
Skr4n4_009
Skr4n4_0091
Skr4n4_01
Skr4n4_0109
Skr4n4_011
Skr4n4_0187
Skr4n4_09
Skr4n4_0901
Skr4n4_091
Skr4n4_1
Skr4n4_1009
Skr4n4_101
Skr4n4_109
Skr4n4_187
Skr4n4_1987
Skr4n4_1990
Skr4n4_1991
Skr4n4_1992
Skr4n4_1993
Skr4n4_1994
Skr4n4_1995
Skr4n4_1996
Skr4n4_1997
Skr4n4_1998
Skr4n4_1999
Skr4n4_2000
Skr4n4_2001
Skr4n4_2002
Skr4n4_2003
Skr4n4_2004
Skr4n4_2005
Skr4n4_2006
Skr4n4_2007
Skr4n4_2008
Skr4n4_2009
Skr4n4_2010
Skr4n4_2011
Skr4n4_2012
Skr4n4_2013
Skr4n4_2014
Skr4n4_2015
Skr4n4_2016
Skr4n4_2017
Skr4n4_2018
Skr4n4_2019
Skr4n4_2020
Skr4n4_87
Skr4n4_8701
Skr4n4_871
Skr4n4_987
Skr4n4_9871
Skrana
Skrana!
Skrana!!
Skrana!!!
Skrana!!$
Skrana!!%
Skrana!!&
Skrana!!'#'
Skrana!!*
Skrana!!@
Skrana!$
Skrana!$!
Skrana!$$
Skrana!$%
Skrana!$&
Skrana!$'#'
Skrana!$*
Skrana!$@
Skrana!%
Skrana!%!
Skrana!%$
Skrana!%%
Skrana!%&
Skrana!%'#'
Skrana!%*
Skrana!%@
Skrana!&
Skrana!&!
Skrana!&$
Skrana!&%
Skrana!&&
Skrana!&'#'
Skrana!&*
Skrana!&@
Skrana!'#'
Skrana!'#'!
Skrana!'#'$
Skrana!'#'%
Skrana!'#'&
Skrana!'#'*
Skrana!'#'@
Skrana!*
Skrana!*!
Skrana!*$
Skrana!*%
Skrana!*&
Skrana!*'#'
Skrana!**
Skrana!*@
Skrana!@
Skrana!@!
Skrana!@$
Skrana!@%
Skrana!@&
Skrana!@'#'
Skrana!@*
Skrana!@@
Skrana$
Skrana$!
Skrana$!!
Skrana$!$
Skrana$!%
Skrana$!&
Skrana$!'#'
Skrana$!*
Skrana$!@
Skrana$$
Skrana$$!
Skrana$$$
Skrana$$%
Skrana$$&
Skrana$$'#'
Skrana$$*
Skrana$$@
Skrana$%
Skrana$%!
Skrana$%$
Skrana$%%
Skrana$%&
Skrana$%'#'
Skrana$%*
Skrana$%@
Skrana$&
Skrana$&!
Skrana$&$
Skrana$&%
Skrana$&&
Skrana$&'#'
Skrana$&*
Skrana$&@
Skrana$'#'
Skrana$'#'!
Skrana$'#'$
Skrana$'#'%
Skrana$'#'&
Skrana$'#'*
Skrana$'#'@
Skrana$*
Skrana$*!
Skrana$*$
Skrana$*%
Skrana$*&
Skrana$*'#'
Skrana$**
Skrana$*@
Skrana$@
Skrana$@!
Skrana$@$
Skrana$@%
Skrana$@&
Skrana$@'#'
Skrana$@*
Skrana$@@
Skrana%
Skrana%!
Skrana%!!
Skrana%!$
Skrana%!%
Skrana%!&
Skrana%!'#'
Skrana%!*
Skrana%!@
Skrana%$
Skrana%$!
Skrana%$$
Skrana%$%
Skrana%$&
Skrana%$'#'
Skrana%$*
Skrana%$@
Skrana%%
Skrana%%!
Skrana%%$
Skrana%%%
Skrana%%&
Skrana%%'#'
Skrana%%*
Skrana%%@
Skrana%&
Skrana%&!
Skrana%&$
Skrana%&%
Skrana%&&
Skrana%&'#'
Skrana%&*
Skrana%&@
Skrana%'#'
Skrana%'#'!
Skrana%'#'$
Skrana%'#'%
Skrana%'#'&
Skrana%'#'*
Skrana%'#'@
Skrana%*
Skrana%*!
Skrana%*$
Skrana%*%
Skrana%*&
Skrana%*'#'
Skrana%**
Skrana%*@
Skrana%@
Skrana%@!
Skrana%@$
Skrana%@%
Skrana%@&
Skrana%@'#'
Skrana%@*
Skrana%@@
Skrana&
Skrana&!
Skrana&!!
Skrana&!$
Skrana&!%
Skrana&!&
Skrana&!'#'
Skrana&!*
Skrana&!@
Skrana&$
Skrana&$!
Skrana&$$
Skrana&$%
Skrana&$&
Skrana&$'#'
Skrana&$*
Skrana&$@
Skrana&%
Skrana&%!
Skrana&%$
Skrana&%%
Skrana&%&
Skrana&%'#'
Skrana&%*
Skrana&%@
Skrana&&
Skrana&&!
Skrana&&$
Skrana&&%
Skrana&&&
Skrana&&'#'
Skrana&&*
Skrana&&@
Skrana&'#'
Skrana&'#'!
Skrana&'#'$
Skrana&'#'%
Skrana&'#'&
Skrana&'#'*
Skrana&'#'@
Skrana&*
Skrana&*!
Skrana&*$
Skrana&*%
Skrana&*&
Skrana&*'#'
Skrana&**
Skrana&*@
Skrana&@
Skrana&@!
Skrana&@$
Skrana&@%
Skrana&@&
Skrana&@'#'
Skrana&@*
Skrana&@@
Skrana'#'
Skrana'#'!
Skrana'#'!!
Skrana'#'!$
Skrana'#'!%
Skrana'#'!&
Skrana'#'!*
Skrana'#'!@
Skrana'#'$
Skrana'#'$!
Skrana'#'$$
Skrana'#'$%
Skrana'#'$&
Skrana'#'$*
Skrana'#'$@
Skrana'#'%
Skrana'#'%!
Skrana'#'%$
Skrana'#'%%
Skrana'#'%&
Skrana'#'%*
Skrana'#'%@
Skrana'#'&
Skrana'#'&!
Skrana'#'&$
Skrana'#'&%
Skrana'#'&&
Skrana'#'&*
Skrana'#'&@
Skrana'#'*
Skrana'#'*!
Skrana'#'*$
Skrana'#'*%
Skrana'#'*&
Skrana'#'**
Skrana'#'*@
Skrana'#'@
Skrana'#'@!
Skrana'#'@$
Skrana'#'@%
Skrana'#'@&
Skrana'#'@*
Skrana'#'@@
Skrana*
Skrana*!
Skrana*!!
Skrana*!$
Skrana*!%
Skrana*!&
Skrana*!'#'
Skrana*!*
Skrana*!@
Skrana*$
Skrana*$!
Skrana*$$
Skrana*$%
Skrana*$&
Skrana*$'#'
Skrana*$*
Skrana*$@
Skrana*%
Skrana*%!
Skrana*%$
Skrana*%%
Skrana*%&
Skrana*%'#'
Skrana*%*
Skrana*%@
Skrana*&
Skrana*&!
Skrana*&$
Skrana*&%
Skrana*&&
Skrana*&'#'
Skrana*&*
Skrana*&@
Skrana*'#'
Skrana*'#'!
Skrana*'#'$
Skrana*'#'%
Skrana*'#'&
Skrana*'#'*
Skrana*'#'@
Skrana**
Skrana**!
Skrana**$
Skrana**%
Skrana**&
Skrana**'#'
Skrana***
Skrana**@
Skrana*@
Skrana*@!
Skrana*@$
Skrana*@%
Skrana*@&
Skrana*@'#'
Skrana*@*
Skrana*@@
Skrana0
Skrana009
Skrana00901
Skrana00909
Skrana0091
Skrana01
Skrana01009
Skrana0109
Skrana01091
Skrana011
Skrana01109
Skrana01187
Skrana0187
Skrana01871
Skrana01987
Skrana09
Skrana09009
Skrana0901
Skrana09011
Skrana091
Skrana09101
Skrana1
Skrana10
Skrana1009
Skrana101
Skrana10109
Skrana10187
Skrana109
Skrana10901
Skrana11
Skrana11987
Skrana12
Skrana12009
Skrana13
Skrana14
Skrana15
Skrana16
Skrana17
Skrana18
Skrana187
Skrana18701
Skrana19
Skrana1987
Skrana19871
Skrana1990
Skrana1991
Skrana1992
Skrana1993
Skrana1994
Skrana1995
Skrana1996
Skrana1997
Skrana1998
Skrana1999
Skrana2
Skrana20
Skrana2000
Skrana2001
Skrana2002
Skrana2003
Skrana2004
Skrana2005
Skrana2006
Skrana2007
Skrana2008
Skrana2009
Skrana20091
Skrana2010
Skrana2011
Skrana2012
Skrana2013
Skrana2014
Skrana2015
Skrana2016
Skrana2017
Skrana2018
Skrana2019
Skrana2020
Skrana21
Skrana22
Skrana23
Skrana24
Skrana25
Skrana26
Skrana27
Skrana28
Skrana29
Skrana3
Skrana30
Skrana31
Skrana32
Skrana33
Skrana34
Skrana35
Skrana36
Skrana37
Skrana38
Skrana39
Skrana4
Skrana40
Skrana41
Skrana42
Skrana43
Skrana44
Skrana45
Skrana46
Skrana47
Skrana48
Skrana49
Skrana5
Skrana50
Skrana51
Skrana52
Skrana53
Skrana54
Skrana55
Skrana56
Skrana57
Skrana58
Skrana59
Skrana6
Skrana60
Skrana61
Skrana62
Skrana63
Skrana64
Skrana65
Skrana66
Skrana67
Skrana68
Skrana69
Skrana7
Skrana70
Skrana71
Skrana72
Skrana73
Skrana74
Skrana75
Skrana76
Skrana77
Skrana78
Skrana79
Skrana8
Skrana80
Skrana81
Skrana82
Skrana83
Skrana84
Skrana85
Skrana86
Skrana87
Skrana8701
Skrana87011
Skrana871
Skrana87101
Skrana87987
Skrana88
Skrana89
Skrana9
Skrana90
Skrana91
Skrana92
Skrana93
Skrana94
Skrana95
Skrana96
Skrana97
Skrana98
Skrana987
Skrana98701
Skrana9871
Skrana98787
Skrana99
Skrana@
Skrana@!
Skrana@!!
Skrana@!$
Skrana@!%
Skrana@!&
Skrana@!'#'
Skrana@!*
Skrana@!@
Skrana@$
Skrana@$!
Skrana@$$
Skrana@$%
Skrana@$&
Skrana@$'#'
Skrana@$*
Skrana@$@
Skrana@%
Skrana@%!
Skrana@%$
Skrana@%%
Skrana@%&
Skrana@%'#'
Skrana@%*
Skrana@%@
Skrana@&
Skrana@&!
Skrana@&$
Skrana@&%
Skrana@&&
Skrana@&'#'
Skrana@&*
Skrana@&@
Skrana@'#'
Skrana@'#'!
Skrana@'#'$
Skrana@'#'%
Skrana@'#'&
Skrana@'#'*
Skrana@'#'@
Skrana@*
Skrana@*!
Skrana@*$
Skrana@*%
Skrana@*&
Skrana@*'#'
Skrana@**
Skrana@*@
Skrana@@
Skrana@@!
Skrana@@$
Skrana@@%
Skrana@@&
Skrana@@'#'
Skrana@@*
Skrana@@@
Skrana_009
Skrana_0091
Skrana_01
Skrana_0109
Skrana_011
Skrana_0187
Skrana_09
Skrana_0901
Skrana_091
Skrana_1
Skrana_1009
Skrana_101
Skrana_109
Skrana_187
Skrana_1987
Skrana_1990
Skrana_1991
Skrana_1992
Skrana_1993
Skrana_1994
Skrana_1995
Skrana_1996
Skrana_1997
Skrana_1998
Skrana_1999
Skrana_2000
Skrana_2001
Skrana_2002
Skrana_2003
Skrana_2004
Skrana_2005
Skrana_2006
Skrana_2007
Skrana_2008
Skrana_2009
Skrana_2010
Skrana_2011
Skrana_2012
Skrana_2013
Skrana_2014
Skrana_2015
Skrana_2016
Skrana_2017
Skrana_2018
Skrana_2019
Skrana_2020
Skrana_87
Skrana_8701
Skrana_871
Skrana_987
Skrana_9871
Y451r!
Y451r!!
Y451r!!!
Y451r!!$
Y451r!!%
Y451r!!&
Y451r!!'#'
Y451r!!*
Y451r!!@
Y451r!$
Y451r!$!
Y451r!$$
Y451r!$%
Y451r!$&
Y451r!$'#'
Y451r!$*
Y451r!$@
Y451r!%
Y451r!%!
Y451r!%$
Y451r!%%
Y451r!%&
Y451r!%'#'
Y451r!%*
Y451r!%@
Y451r!&
Y451r!&!
Y451r!&$
Y451r!&%
Y451r!&&
Y451r!&'#'
Y451r!&*
Y451r!&@
Y451r!'#'
Y451r!'#'!
Y451r!'#'$
Y451r!'#'%
Y451r!'#'&
Y451r!'#'*
Y451r!'#'@
Y451r!*
Y451r!*!
Y451r!*$
Y451r!*%
Y451r!*&
Y451r!*'#'
Y451r!**
Y451r!*@
Y451r!@
Y451r!@!
Y451r!@$
Y451r!@%
Y451r!@&
Y451r!@'#'
Y451r!@*
Y451r!@@
Y451r$
Y451r$!
Y451r$!!
Y451r$!$
Y451r$!%
Y451r$!&
Y451r$!'#'
Y451r$!*
Y451r$!@
Y451r$$
Y451r$$!
Y451r$$$
Y451r$$%
Y451r$$&
Y451r$$'#'
Y451r$$*
Y451r$$@
Y451r$%
Y451r$%!
Y451r$%$
Y451r$%%
Y451r$%&
Y451r$%'#'
Y451r$%*
Y451r$%@
Y451r$&
Y451r$&!
Y451r$&$
Y451r$&%
Y451r$&&
Y451r$&'#'
Y451r$&*
Y451r$&@
Y451r$'#'
Y451r$'#'!
Y451r$'#'$
Y451r$'#'%
Y451r$'#'&
Y451r$'#'*
Y451r$'#'@
Y451r$*
Y451r$*!
Y451r$*$
Y451r$*%
Y451r$*&
Y451r$*'#'
Y451r$**
Y451r$*@
Y451r$@
Y451r$@!
Y451r$@$
Y451r$@%
Y451r$@&
Y451r$@'#'
Y451r$@*
Y451r$@@
Y451r%
Y451r%!
Y451r%!!
Y451r%!$
Y451r%!%
Y451r%!&
Y451r%!'#'
Y451r%!*
Y451r%!@
Y451r%$
Y451r%$!
Y451r%$$
Y451r%$%
Y451r%$&
Y451r%$'#'
Y451r%$*
Y451r%$@
Y451r%%
Y451r%%!
Y451r%%$
Y451r%%%
Y451r%%&
Y451r%%'#'
Y451r%%*
Y451r%%@
Y451r%&
Y451r%&!
Y451r%&$
Y451r%&%
Y451r%&&
Y451r%&'#'
Y451r%&*
Y451r%&@
Y451r%'#'
Y451r%'#'!
Y451r%'#'$
Y451r%'#'%
Y451r%'#'&
Y451r%'#'*
Y451r%'#'@
Y451r%*
Y451r%*!
Y451r%*$
Y451r%*%
Y451r%*&
Y451r%*'#'
Y451r%**
Y451r%*@
Y451r%@
Y451r%@!
Y451r%@$
Y451r%@%
Y451r%@&
Y451r%@'#'
Y451r%@*
Y451r%@@
Y451r&
Y451r&!
Y451r&!!
Y451r&!$
Y451r&!%
Y451r&!&
Y451r&!'#'
Y451r&!*
Y451r&!@
Y451r&$
Y451r&$!
Y451r&$$
Y451r&$%
Y451r&$&
Y451r&$'#'
Y451r&$*
Y451r&$@
Y451r&%
Y451r&%!
Y451r&%$
Y451r&%%
Y451r&%&
Y451r&%'#'
Y451r&%*
Y451r&%@
Y451r&&
Y451r&&!
Y451r&&$
Y451r&&%
Y451r&&&
Y451r&&'#'
Y451r&&*
Y451r&&@
Y451r&'#'
Y451r&'#'!
Y451r&'#'$
Y451r&'#'%
Y451r&'#'&
Y451r&'#'*
Y451r&'#'@
Y451r&*
Y451r&*!
Y451r&*$
Y451r&*%
Y451r&*&
Y451r&*'#'
Y451r&**
Y451r&*@
Y451r&@
Y451r&@!
Y451r&@$
Y451r&@%
Y451r&@&
Y451r&@'#'
Y451r&@*
Y451r&@@
Y451r'#'
Y451r'#'!
Y451r'#'!!
Y451r'#'!$
Y451r'#'!%
Y451r'#'!&
Y451r'#'!*
Y451r'#'!@
Y451r'#'$
Y451r'#'$!
Y451r'#'$$
Y451r'#'$%
Y451r'#'$&
Y451r'#'$*
Y451r'#'$@
Y451r'#'%
Y451r'#'%!
Y451r'#'%$
Y451r'#'%%
Y451r'#'%&
Y451r'#'%*
Y451r'#'%@
Y451r'#'&
Y451r'#'&!
Y451r'#'&$
Y451r'#'&%
Y451r'#'&&
Y451r'#'&*
Y451r'#'&@
Y451r'#''#'
Y451r'#'*
Y451r'#'*!
Y451r'#'*$
Y451r'#'*%
Y451r'#'*&
Y451r'#'**
Y451r'#'*@
Y451r'#'@
Y451r'#'@!
Y451r'#'@$
Y451r'#'@%
Y451r'#'@&
Y451r'#'@*
Y451r'#'@@
Y451r*
Y451r*!
Y451r*!!
Y451r*!$
Y451r*!%
Y451r*!&
Y451r*!'#'
Y451r*!*
Y451r*!@
Y451r*$
Y451r*$!
Y451r*$$
Y451r*$%
Y451r*$&
Y451r*$'#'
Y451r*$*
Y451r*$@
Y451r*%
Y451r*%!
Y451r*%$
Y451r*%%
Y451r*%&
Y451r*%'#'
Y451r*%*
Y451r*%@
Y451r*&
Y451r*&!
Y451r*&$
Y451r*&%
Y451r*&&
Y451r*&'#'
Y451r*&*
Y451r*&@
Y451r*'#'
Y451r*'#'!
Y451r*'#'$
Y451r*'#'%
Y451r*'#'&
Y451r*'#'*
Y451r*'#'@
Y451r**
Y451r**!
Y451r**$
Y451r**%
Y451r**&
Y451r**'#'
Y451r***
Y451r**@
Y451r*@
Y451r*@!
Y451r*@$
Y451r*@%
Y451r*@&
Y451r*@'#'
Y451r*@*
Y451r*@@
Y451r0
Y451r006
Y451r00606
Y451r006066
Y451r006067
Y451r00607
Y451r006076
Y451r006077
Y451r0066
Y451r006606
Y451r006607
Y451r00667
Y451r0067
Y451r006706
Y451r006707
Y451r00676
Y451r009
Y451r00901
Y451r009011
Y451r00909
Y451r009091
Y451r0091
Y451r009101
Y451r009109
Y451r01
Y451r01009
Y451r010091
Y451r0109
Y451r01091
Y451r011
Y451r011009
Y451r01109
Y451r01187
Y451r011987
Y451r012009
Y451r0187
Y451r01871
Y451r01987
Y451r019871
Y451r06
Y451r06006
Y451r060066
Y451r060067
Y451r0607
Y451r06076
Y451r06077
Y451r062006
Y451r066
Y451r066006
Y451r06607
Y451r0667
Y451r067
Y451r067006
Y451r06707
Y451r0676
Y451r07
Y451r07006
Y451r070066
Y451r070067
Y451r0706
Y451r07066
Y451r07067
Y451r072006
Y451r076
Y451r076006
Y451r07606
Y451r0767
Y451r077
Y451r077006
Y451r07706
Y451r0776
Y451r09
Y451r09009
Y451r090091
Y451r0901
Y451r09011
Y451r091
Y451r091009
Y451r09101
Y451r092009
Y451r1
Y451r10
Y451r1009
Y451r100901
Y451r100909
Y451r101
Y451r101009
Y451r10109
Y451r10187
Y451r101987
Y451r109
Y451r109009
Y451r10901
Y451r11
Y451r11987
Y451r12
Y451r12009
Y451r13
Y451r14
Y451r15
Y451r16
Y451r17
Y451r18
Y451r187
Y451r18701
Y451r187987
Y451r19
Y451r1987
Y451r198701
Y451r19871
Y451r198787
Y451r1990
Y451r1991
Y451r1992
Y451r1993
Y451r1994
Y451r1995
Y451r1996
Y451r1997
Y451r1998
Y451r1999
Y451r2
Y451r20
Y451r2000
Y451r2001
Y451r2002
Y451r2003
Y451r2004
Y451r2005
Y451r2006
Y451r200606
Y451r200607
Y451r20066
Y451r200667
Y451r20067
Y451r200676
Y451r2007
Y451r2008
Y451r2009
Y451r200901
Y451r200909
Y451r20091
Y451r2010
Y451r2011
Y451r2012
Y451r2013
Y451r2014
Y451r2015
Y451r2016
Y451r2017
Y451r2018
Y451r2019
Y451r2020
Y451r21
Y451r22
Y451r23
Y451r24
Y451r25
Y451r26
Y451r27
Y451r28
Y451r29
Y451r3
Y451r30
Y451r31
Y451r32
Y451r33
Y451r34
Y451r35
Y451r36
Y451r37
Y451r38
Y451r39
Y451r4
Y451r40
Y451r41
Y451r42
Y451r43
Y451r44
Y451r45
Y451r46
Y451r47
Y451r48
Y451r49
Y451r5
Y451r50
Y451r51
Y451r52
Y451r53
Y451r54
Y451r55
Y451r56
Y451r57
Y451r58
Y451r59
Y451r6
Y451r60
Y451r6006
Y451r600606
Y451r600607
Y451r60067
Y451r606
Y451r606006
Y451r60607
Y451r6067
Y451r607
Y451r607006
Y451r60706
Y451r6077
Y451r61
Y451r62
Y451r62006
Y451r620067
Y451r63
Y451r64
Y451r65
Y451r66
Y451r67
Y451r67006
Y451r6706
Y451r6707
Y451r672006
Y451r68
Y451r69
Y451r7
Y451r70
Y451r7006
Y451r700606
Y451r700607
Y451r70066
Y451r706
Y451r706006
Y451r70607
Y451r7066
Y451r707
Y451r707006
Y451r70706
Y451r7076
Y451r71
Y451r72
Y451r72006
Y451r720066
Y451r73
Y451r74
Y451r75
Y451r76
Y451r76006
Y451r7606
Y451r7607
Y451r762006
Y451r77
Y451r78
Y451r79
Y451r8
Y451r80
Y451r81
Y451r82
Y451r83
Y451r84
Y451r85
Y451r86
Y451r87
Y451r8701
Y451r87011
Y451r871
Y451r87101
Y451r871987
Y451r87987
Y451r879871
Y451r88
Y451r89
Y451r9
Y451r90
Y451r91
Y451r92
Y451r93
Y451r94
Y451r95
Y451r96
Y451r97
Y451r98
Y451r987
Y451r98701
Y451r987011
Y451r9871
Y451r987101
Y451r987187
Y451r98787
Y451r987871
Y451r99
Y451r@
Y451r@!
Y451r@!!
Y451r@!$
Y451r@!%
Y451r@!&
Y451r@!'#'
Y451r@!*
Y451r@!@
Y451r@$
Y451r@$!
Y451r@$$
Y451r@$%
Y451r@$&
Y451r@$'#'
Y451r@$*
Y451r@$@
Y451r@%
Y451r@%!
Y451r@%$
Y451r@%%
Y451r@%&
Y451r@%'#'
Y451r@%*
Y451r@%@
Y451r@&
Y451r@&!
Y451r@&$
Y451r@&%
Y451r@&&
Y451r@&'#'
Y451r@&*
Y451r@&@
Y451r@'#'
Y451r@'#'!
Y451r@'#'$
Y451r@'#'%
Y451r@'#'&
Y451r@'#'*
Y451r@'#'@
Y451r@*
Y451r@*!
Y451r@*$
Y451r@*%
Y451r@*&
Y451r@*'#'
Y451r@**
Y451r@*@
Y451r@@
Y451r@@!
Y451r@@$
Y451r@@%
Y451r@@&
Y451r@@'#'
Y451r@@*
Y451r@@@
Y451rR4n4
Y451rR4n4!
Y451rR4n4!!
Y451rR4n4!$
Y451rR4n4!%
Y451rR4n4!&
Y451rR4n4!*
Y451rR4n4!@
Y451rR4n4$
Y451rR4n4$!
Y451rR4n4$$
Y451rR4n4$%
Y451rR4n4$&
Y451rR4n4$*
Y451rR4n4$@
Y451rR4n4%
Y451rR4n4%!
Y451rR4n4%$
Y451rR4n4%%
Y451rR4n4%&
Y451rR4n4%*
Y451rR4n4%@
Y451rR4n4&
Y451rR4n4&!
Y451rR4n4&$
Y451rR4n4&%
Y451rR4n4&&
Y451rR4n4&*
Y451rR4n4&@
Y451rR4n4*
Y451rR4n4*!
Y451rR4n4*$
Y451rR4n4*%
Y451rR4n4*&
Y451rR4n4**
Y451rR4n4*@
Y451rR4n40
Y451rR4n406
Y451rR4n407
Y451rR4n41
Y451rR4n410
Y451rR4n411
Y451rR4n412
Y451rR4n413
Y451rR4n414
Y451rR4n415
Y451rR4n416
Y451rR4n417
Y451rR4n418
Y451rR4n419
Y451rR4n42
Y451rR4n420
Y451rR4n421
Y451rR4n422
Y451rR4n423
Y451rR4n424
Y451rR4n425
Y451rR4n426
Y451rR4n427
Y451rR4n428
Y451rR4n429
Y451rR4n43
Y451rR4n430
Y451rR4n431
Y451rR4n432
Y451rR4n433
Y451rR4n434
Y451rR4n435
Y451rR4n436
Y451rR4n437
Y451rR4n438
Y451rR4n439
Y451rR4n44
Y451rR4n440
Y451rR4n441
Y451rR4n442
Y451rR4n443
Y451rR4n444
Y451rR4n445
Y451rR4n446
Y451rR4n447
Y451rR4n448
Y451rR4n449
Y451rR4n45
Y451rR4n450
Y451rR4n451
Y451rR4n452
Y451rR4n453
Y451rR4n454
Y451rR4n455
Y451rR4n456
Y451rR4n457
Y451rR4n458
Y451rR4n459
Y451rR4n46
Y451rR4n460
Y451rR4n461
Y451rR4n462
Y451rR4n463
Y451rR4n464
Y451rR4n465
Y451rR4n466
Y451rR4n467
Y451rR4n468
Y451rR4n469
Y451rR4n47
Y451rR4n470
Y451rR4n471
Y451rR4n472
Y451rR4n473
Y451rR4n474
Y451rR4n475
Y451rR4n476
Y451rR4n477
Y451rR4n478
Y451rR4n479
Y451rR4n48
Y451rR4n480
Y451rR4n481
Y451rR4n482
Y451rR4n483
Y451rR4n484
Y451rR4n485
Y451rR4n486
Y451rR4n487
Y451rR4n488
Y451rR4n489
Y451rR4n49
Y451rR4n490
Y451rR4n491
Y451rR4n492
Y451rR4n493
Y451rR4n494
Y451rR4n495
Y451rR4n496
Y451rR4n497
Y451rR4n498
Y451rR4n499
Y451rR4n4@
Y451rR4n4@!
Y451rR4n4@$
Y451rR4n4@%
Y451rR4n4@&
Y451rR4n4@*
Y451rR4n4@@
Y451rR4n4_6
Y451rR4n4_7
Y451r_006
Y451r_00606
Y451r_00607
Y451r_0066
Y451r_00667
Y451r_0067
Y451r_00676
Y451r_009
Y451r_00901
Y451r_00909
Y451r_0091
Y451r_01
Y451r_01009
Y451r_0109
Y451r_01091
Y451r_011
Y451r_01109
Y451r_01187
Y451r_0187
Y451r_01871
Y451r_01987
Y451r_06
Y451r_06006
Y451r_0607
Y451r_06076
Y451r_06077
Y451r_066
Y451r_06607
Y451r_0667
Y451r_067
Y451r_06707
Y451r_0676
Y451r_07
Y451r_07006
Y451r_0706
Y451r_07066
Y451r_07067
Y451r_076
Y451r_07606
Y451r_0767
Y451r_077
Y451r_07706
Y451r_0776
Y451r_09
Y451r_09009
Y451r_0901
Y451r_09011
Y451r_091
Y451r_09101
Y451r_1
Y451r_1009
Y451r_101
Y451r_10109
Y451r_10187
Y451r_109
Y451r_10901
Y451r_11987
Y451r_12009
Y451r_187
Y451r_18701
Y451r_1987
Y451r_19871
Y451r_1990
Y451r_1991
Y451r_1992
Y451r_1993
Y451r_1994
Y451r_1995
Y451r_1996
Y451r_1997
Y451r_1998
Y451r_1999
Y451r_2000
Y451r_2001
Y451r_2002
Y451r_2003
Y451r_2004
Y451r_2005
Y451r_2006
Y451r_20066
Y451r_20067
Y451r_2007
Y451r_2008
Y451r_2009
Y451r_20091
Y451r_2010
Y451r_2011
Y451r_2012
Y451r_2013
Y451r_2014
Y451r_2015
Y451r_2016
Y451r_2017
Y451r_2018
Y451r_2019
Y451r_2020
Y451r_6
Y451r_6006
Y451r_60067
Y451r_606
Y451r_60607
Y451r_6067
Y451r_607
Y451r_60706
Y451r_6077
Y451r_62006
Y451r_67
Y451r_67006
Y451r_6706
Y451r_6707
Y451r_7
Y451r_7006
Y451r_70066
Y451r_706
Y451r_70607
Y451r_7066
Y451r_707
Y451r_70706
Y451r_7076
Y451r_72006
Y451r_76
Y451r_76006
Y451r_7606
Y451r_7607
Y451r_87
Y451r_8701
Y451r_87011
Y451r_871
Y451r_87101
Y451r_87987
Y451r_987
Y451r_98701
Y451r_9871
Y451r_98787
Y451rr4n4
Y451rr4n4!
Y451rr4n4!!
Y451rr4n4!$
Y451rr4n4!%
Y451rr4n4!&
Y451rr4n4!*
Y451rr4n4!@
Y451rr4n4$
Y451rr4n4$!
Y451rr4n4$$
Y451rr4n4$%
Y451rr4n4$&
Y451rr4n4$*
Y451rr4n4$@
Y451rr4n4%
Y451rr4n4%!
Y451rr4n4%$
Y451rr4n4%%
Y451rr4n4%&
Y451rr4n4%*
Y451rr4n4%@
Y451rr4n4&
Y451rr4n4&!
Y451rr4n4&$
Y451rr4n4&%
Y451rr4n4&&
Y451rr4n4&*
Y451rr4n4&@
Y451rr4n4*
Y451rr4n4*!
Y451rr4n4*$
Y451rr4n4*%
Y451rr4n4*&
Y451rr4n4**
Y451rr4n4*@
Y451rr4n40
Y451rr4n406
Y451rr4n407
Y451rr4n41
Y451rr4n410
Y451rr4n411
Y451rr4n412
Y451rr4n413
Y451rr4n414
Y451rr4n415
Y451rr4n416
Y451rr4n417
Y451rr4n418
Y451rr4n419
Y451rr4n42
Y451rr4n420
Y451rr4n421
Y451rr4n422
Y451rr4n423
Y451rr4n424
Y451rr4n425
Y451rr4n426
Y451rr4n427
Y451rr4n428
Y451rr4n429
Y451rr4n43
Y451rr4n430
Y451rr4n431
Y451rr4n432
Y451rr4n433
Y451rr4n434
Y451rr4n435
Y451rr4n436
Y451rr4n437
Y451rr4n438
Y451rr4n439
Y451rr4n44
Y451rr4n440
Y451rr4n441
Y451rr4n442
Y451rr4n443
Y451rr4n444
Y451rr4n445
Y451rr4n446
Y451rr4n447
Y451rr4n448
Y451rr4n449
Y451rr4n45
Y451rr4n450
Y451rr4n451
Y451rr4n452
Y451rr4n453
Y451rr4n454
Y451rr4n455
Y451rr4n456
Y451rr4n457
Y451rr4n458
Y451rr4n459
Y451rr4n46
Y451rr4n460
Y451rr4n461
Y451rr4n462
Y451rr4n463
Y451rr4n464
Y451rr4n465
Y451rr4n466
Y451rr4n467
Y451rr4n468
Y451rr4n469
Y451rr4n47
Y451rr4n470
Y451rr4n471
Y451rr4n472
Y451rr4n473
Y451rr4n474
Y451rr4n475
Y451rr4n476
Y451rr4n477
Y451rr4n478
Y451rr4n479
Y451rr4n48
Y451rr4n480
Y451rr4n481
Y451rr4n482
Y451rr4n483
Y451rr4n484
Y451rr4n485
Y451rr4n486
Y451rr4n487
Y451rr4n488
Y451rr4n489
Y451rr4n49
Y451rr4n490
Y451rr4n491
Y451rr4n492
Y451rr4n493
Y451rr4n494
Y451rr4n495
Y451rr4n496
Y451rr4n497
Y451rr4n498
Y451rr4n499
Y451rr4n4@
Y451rr4n4@!
Y451rr4n4@$
Y451rr4n4@%
Y451rr4n4@&
Y451rr4n4@*
Y451rr4n4@@
Y451rr4n4_6
Y451rr4n4_7
Y4m4n!
Y4m4n!!
Y4m4n!!!
Y4m4n!!$
Y4m4n!!%
Y4m4n!!&
Y4m4n!!'#'
Y4m4n!!*
Y4m4n!!@
Y4m4n!$
Y4m4n!$!
Y4m4n!$$
Y4m4n!$%
Y4m4n!$&
Y4m4n!$'#'
Y4m4n!$*
Y4m4n!$@
Y4m4n!%
Y4m4n!%!
Y4m4n!%$
Y4m4n!%%
Y4m4n!%&
Y4m4n!%'#'
Y4m4n!%*
Y4m4n!%@
Y4m4n!&
Y4m4n!&!
Y4m4n!&$
Y4m4n!&%
Y4m4n!&&
Y4m4n!&'#'
Y4m4n!&*
Y4m4n!&@
Y4m4n!'#'
Y4m4n!'#'!
Y4m4n!'#'$
Y4m4n!'#'%
Y4m4n!'#'&
Y4m4n!'#'*
Y4m4n!'#'@
Y4m4n!*
Y4m4n!*!
Y4m4n!*$
Y4m4n!*%
Y4m4n!*&
Y4m4n!*'#'
Y4m4n!**
Y4m4n!*@
Y4m4n!@
Y4m4n!@!
Y4m4n!@$
Y4m4n!@%
Y4m4n!@&
Y4m4n!@'#'
Y4m4n!@*
Y4m4n!@@
Y4m4n$
Y4m4n$!
Y4m4n$!!
Y4m4n$!$
Y4m4n$!%
Y4m4n$!&
Y4m4n$!'#'
Y4m4n$!*
Y4m4n$!@
Y4m4n$$
Y4m4n$$!
Y4m4n$$$
Y4m4n$$%
Y4m4n$$&
Y4m4n$$'#'
Y4m4n$$*
Y4m4n$$@
Y4m4n$%
Y4m4n$%!
Y4m4n$%$
Y4m4n$%%
Y4m4n$%&
Y4m4n$%'#'
Y4m4n$%*
Y4m4n$%@
Y4m4n$&
Y4m4n$&!
Y4m4n$&$
Y4m4n$&%
Y4m4n$&&
Y4m4n$&'#'
Y4m4n$&*
Y4m4n$&@
Y4m4n$'#'
Y4m4n$'#'!
Y4m4n$'#'$
Y4m4n$'#'%
Y4m4n$'#'&
Y4m4n$'#'*
Y4m4n$'#'@
Y4m4n$*
Y4m4n$*!
Y4m4n$*$
Y4m4n$*%
Y4m4n$*&
Y4m4n$*'#'
Y4m4n$**
Y4m4n$*@
Y4m4n$@
Y4m4n$@!
Y4m4n$@$
Y4m4n$@%
Y4m4n$@&
Y4m4n$@'#'
Y4m4n$@*
Y4m4n$@@
Y4m4n%
Y4m4n%!
Y4m4n%!!
Y4m4n%!$
Y4m4n%!%
Y4m4n%!&
Y4m4n%!'#'
Y4m4n%!*
Y4m4n%!@
Y4m4n%$
Y4m4n%$!
Y4m4n%$$
Y4m4n%$%
Y4m4n%$&
Y4m4n%$'#'
Y4m4n%$*
Y4m4n%$@
Y4m4n%%
Y4m4n%%!
Y4m4n%%$
Y4m4n%%%
Y4m4n%%&
Y4m4n%%'#'
Y4m4n%%*
Y4m4n%%@
Y4m4n%&
Y4m4n%&!
Y4m4n%&$
Y4m4n%&%
Y4m4n%&&
Y4m4n%&'#'
Y4m4n%&*
Y4m4n%&@
Y4m4n%'#'
Y4m4n%'#'!
Y4m4n%'#'$
Y4m4n%'#'%
Y4m4n%'#'&
Y4m4n%'#'*
Y4m4n%'#'@
Y4m4n%*
Y4m4n%*!
Y4m4n%*$
Y4m4n%*%
Y4m4n%*&
Y4m4n%*'#'
Y4m4n%**
Y4m4n%*@
Y4m4n%@
Y4m4n%@!
Y4m4n%@$
Y4m4n%@%
Y4m4n%@&
Y4m4n%@'#'
Y4m4n%@*
Y4m4n%@@
Y4m4n&
Y4m4n&!
Y4m4n&!!
Y4m4n&!$
Y4m4n&!%
Y4m4n&!&
Y4m4n&!'#'
Y4m4n&!*
Y4m4n&!@
Y4m4n&$
Y4m4n&$!
Y4m4n&$$
Y4m4n&$%
Y4m4n&$&
Y4m4n&$'#'
Y4m4n&$*
Y4m4n&$@
Y4m4n&%
Y4m4n&%!
Y4m4n&%$
Y4m4n&%%
Y4m4n&%&
Y4m4n&%'#'
Y4m4n&%*
Y4m4n&%@
Y4m4n&&
Y4m4n&&!
Y4m4n&&$
Y4m4n&&%
Y4m4n&&&
Y4m4n&&'#'
Y4m4n&&*
Y4m4n&&@
Y4m4n&'#'
Y4m4n&'#'!
Y4m4n&'#'$
Y4m4n&'#'%
Y4m4n&'#'&
Y4m4n&'#'*
Y4m4n&'#'@
Y4m4n&*
Y4m4n&*!
Y4m4n&*$
Y4m4n&*%
Y4m4n&*&
Y4m4n&*'#'
Y4m4n&**
Y4m4n&*@
Y4m4n&@
Y4m4n&@!
Y4m4n&@$
Y4m4n&@%
Y4m4n&@&
Y4m4n&@'#'
Y4m4n&@*
Y4m4n&@@
Y4m4n'#'
Y4m4n'#'!
Y4m4n'#'!!
Y4m4n'#'!$
Y4m4n'#'!%
Y4m4n'#'!&
Y4m4n'#'!*
Y4m4n'#'!@
Y4m4n'#'$
Y4m4n'#'$!
Y4m4n'#'$$
Y4m4n'#'$%
Y4m4n'#'$&
Y4m4n'#'$*
Y4m4n'#'$@
Y4m4n'#'%
Y4m4n'#'%!
Y4m4n'#'%$
Y4m4n'#'%%
Y4m4n'#'%&
Y4m4n'#'%*
Y4m4n'#'%@
Y4m4n'#'&
Y4m4n'#'&!
Y4m4n'#'&$
Y4m4n'#'&%
Y4m4n'#'&&
Y4m4n'#'&*
Y4m4n'#'&@
Y4m4n'#''#'
Y4m4n'#'*
Y4m4n'#'*!
Y4m4n'#'*$
Y4m4n'#'*%
Y4m4n'#'*&
Y4m4n'#'**
Y4m4n'#'*@
Y4m4n'#'@
Y4m4n'#'@!
Y4m4n'#'@$
Y4m4n'#'@%
Y4m4n'#'@&
Y4m4n'#'@*
Y4m4n'#'@@
Y4m4n*
Y4m4n*!
Y4m4n*!!
Y4m4n*!$
Y4m4n*!%
Y4m4n*!&
Y4m4n*!'#'
Y4m4n*!*
Y4m4n*!@
Y4m4n*$
Y4m4n*$!
Y4m4n*$$
Y4m4n*$%
Y4m4n*$&
Y4m4n*$'#'
Y4m4n*$*
Y4m4n*$@
Y4m4n*%
Y4m4n*%!
Y4m4n*%$
Y4m4n*%%
Y4m4n*%&
Y4m4n*%'#'
Y4m4n*%*
Y4m4n*%@
Y4m4n*&
Y4m4n*&!
Y4m4n*&$
Y4m4n*&%
Y4m4n*&&
Y4m4n*&'#'
Y4m4n*&*
Y4m4n*&@
Y4m4n*'#'
Y4m4n*'#'!
Y4m4n*'#'$
Y4m4n*'#'%
Y4m4n*'#'&
Y4m4n*'#'*
Y4m4n*'#'@
Y4m4n**
Y4m4n**!
Y4m4n**$
Y4m4n**%
Y4m4n**&
Y4m4n**'#'
Y4m4n***
Y4m4n**@
Y4m4n*@
Y4m4n*@!
Y4m4n*@$
Y4m4n*@%
Y4m4n*@&
Y4m4n*@'#'
Y4m4n*@*
Y4m4n*@@
Y4m4n0
Y4m4n006
Y4m4n00606
Y4m4n006066
Y4m4n006067
Y4m4n00607
Y4m4n006076
Y4m4n006077
Y4m4n0066
Y4m4n006606
Y4m4n006607
Y4m4n00667
Y4m4n0067
Y4m4n006706
Y4m4n006707
Y4m4n00676
Y4m4n009
Y4m4n00901
Y4m4n009011
Y4m4n00909
Y4m4n009091
Y4m4n0091
Y4m4n009101
Y4m4n009109
Y4m4n01
Y4m4n01009
Y4m4n010091
Y4m4n0109
Y4m4n01091
Y4m4n011
Y4m4n011009
Y4m4n01109
Y4m4n01187
Y4m4n011987
Y4m4n012009
Y4m4n0187
Y4m4n01871
Y4m4n01987
Y4m4n019871
Y4m4n06
Y4m4n06006
Y4m4n060066
Y4m4n060067
Y4m4n0607
Y4m4n06076
Y4m4n06077
Y4m4n062006
Y4m4n066
Y4m4n066006
Y4m4n06607
Y4m4n0667
Y4m4n067
Y4m4n067006
Y4m4n06707
Y4m4n0676
Y4m4n07
Y4m4n07006
Y4m4n070066
Y4m4n070067
Y4m4n0706
Y4m4n07066
Y4m4n07067
Y4m4n072006
Y4m4n076
Y4m4n076006
Y4m4n07606
Y4m4n0767
Y4m4n077
Y4m4n077006
Y4m4n07706
Y4m4n0776
Y4m4n09
Y4m4n09009
Y4m4n090091
Y4m4n0901
Y4m4n09011
Y4m4n091
Y4m4n091009
Y4m4n09101
Y4m4n092009
Y4m4n1
Y4m4n10
Y4m4n1009
Y4m4n100901
Y4m4n100909
Y4m4n101
Y4m4n101009
Y4m4n10109
Y4m4n10187
Y4m4n101987
Y4m4n109
Y4m4n109009
Y4m4n10901
Y4m4n11
Y4m4n11987
Y4m4n12
Y4m4n12009
Y4m4n13
Y4m4n14
Y4m4n15
Y4m4n16
Y4m4n17
Y4m4n18
Y4m4n187
Y4m4n18701
Y4m4n187987
Y4m4n19
Y4m4n1987
Y4m4n198701
Y4m4n19871
Y4m4n198787
Y4m4n1990
Y4m4n1991
Y4m4n1992
Y4m4n1993
Y4m4n1994
Y4m4n1995
Y4m4n1996
Y4m4n1997
Y4m4n1998
Y4m4n1999
Y4m4n2
Y4m4n20
Y4m4n2000
Y4m4n2001
Y4m4n2002
Y4m4n2003
Y4m4n2004
Y4m4n2005
Y4m4n2006
Y4m4n200606
Y4m4n200607
Y4m4n20066
Y4m4n200667
Y4m4n20067
Y4m4n200676
Y4m4n2007
Y4m4n2008
Y4m4n2009
Y4m4n200901
Y4m4n200909
Y4m4n20091
Y4m4n2010
Y4m4n2011
Y4m4n2012
Y4m4n2013
Y4m4n2014
Y4m4n2015
Y4m4n2016
Y4m4n2017
Y4m4n2018
Y4m4n2019
Y4m4n2020
Y4m4n21
Y4m4n22
Y4m4n23
Y4m4n24
Y4m4n25
Y4m4n26
Y4m4n27
Y4m4n28
Y4m4n29
Y4m4n3
Y4m4n30
Y4m4n31
Y4m4n32
Y4m4n33
Y4m4n34
Y4m4n35
Y4m4n36
Y4m4n37
Y4m4n38
Y4m4n39
Y4m4n4
Y4m4n40
Y4m4n41
Y4m4n42
Y4m4n43
Y4m4n44
Y4m4n45
Y4m4n46
Y4m4n47
Y4m4n48
Y4m4n49
Y4m4n5
Y4m4n50
Y4m4n51
Y4m4n52
Y4m4n53
Y4m4n54
Y4m4n55
Y4m4n56
Y4m4n57
Y4m4n58
Y4m4n59
Y4m4n6
Y4m4n60
Y4m4n6006
Y4m4n600606
Y4m4n600607
Y4m4n60067
Y4m4n606
Y4m4n606006
Y4m4n60607
Y4m4n6067
Y4m4n607
Y4m4n607006
Y4m4n60706
Y4m4n6077
Y4m4n61
Y4m4n62
Y4m4n62006
Y4m4n620067
Y4m4n63
Y4m4n64
Y4m4n65
Y4m4n66
Y4m4n67
Y4m4n67006
Y4m4n6706
Y4m4n6707
Y4m4n672006
Y4m4n68
Y4m4n69
Y4m4n7
Y4m4n70
Y4m4n7006
Y4m4n700606
Y4m4n700607
Y4m4n70066
Y4m4n706
Y4m4n706006
Y4m4n70607
Y4m4n7066
Y4m4n707
Y4m4n707006
Y4m4n70706
Y4m4n7076
Y4m4n71
Y4m4n72
Y4m4n72006
Y4m4n720066
Y4m4n73
Y4m4n74
Y4m4n75
Y4m4n76
Y4m4n76006
Y4m4n7606
Y4m4n7607
Y4m4n762006
Y4m4n77
Y4m4n78
Y4m4n79
Y4m4n8
Y4m4n80
Y4m4n81
Y4m4n82
Y4m4n83
Y4m4n84
Y4m4n85
Y4m4n86
Y4m4n87
Y4m4n8701
Y4m4n87011
Y4m4n871
Y4m4n87101
Y4m4n871987
Y4m4n87987
Y4m4n879871
Y4m4n88
Y4m4n89
Y4m4n9
Y4m4n90
Y4m4n91
Y4m4n92
Y4m4n93
Y4m4n94
Y4m4n95
Y4m4n96
Y4m4n97
Y4m4n98
Y4m4n987
Y4m4n98701
Y4m4n987011
Y4m4n9871
Y4m4n987101
Y4m4n987187
Y4m4n98787
Y4m4n987871
Y4m4n99
Y4m4n@
Y4m4n@!
Y4m4n@!!
Y4m4n@!$
Y4m4n@!%
Y4m4n@!&
Y4m4n@!'#'
Y4m4n@!*
Y4m4n@!@
Y4m4n@$
Y4m4n@$!
Y4m4n@$$
Y4m4n@$%
Y4m4n@$&
Y4m4n@$'#'
Y4m4n@$*
Y4m4n@$@
Y4m4n@%
Y4m4n@%!
Y4m4n@%$
Y4m4n@%%
Y4m4n@%&
Y4m4n@%'#'
Y4m4n@%*
Y4m4n@%@
Y4m4n@&
Y4m4n@&!
Y4m4n@&$
Y4m4n@&%
Y4m4n@&&
Y4m4n@&'#'
Y4m4n@&*
Y4m4n@&@
Y4m4n@'#'
Y4m4n@'#'!
Y4m4n@'#'$
Y4m4n@'#'%
Y4m4n@'#'&
Y4m4n@'#'*
Y4m4n@'#'@
Y4m4n@*
Y4m4n@*!
Y4m4n@*$
Y4m4n@*%
Y4m4n@*&
Y4m4n@*'#'
Y4m4n@**
Y4m4n@*@
Y4m4n@@
Y4m4n@@!
Y4m4n@@$
Y4m4n@@%
Y4m4n@@&
Y4m4n@@'#'
Y4m4n@@*
Y4m4n@@@
Y4m4n_006
Y4m4n_00606
Y4m4n_00607
Y4m4n_0066
Y4m4n_00667
Y4m4n_0067
Y4m4n_00676
Y4m4n_009
Y4m4n_00901
Y4m4n_00909
Y4m4n_0091
Y4m4n_01
Y4m4n_01009
Y4m4n_0109
Y4m4n_01091
Y4m4n_011
Y4m4n_01109
Y4m4n_01187
Y4m4n_0187
Y4m4n_01871
Y4m4n_01987
Y4m4n_06
Y4m4n_06006
Y4m4n_0607
Y4m4n_06076
Y4m4n_06077
Y4m4n_066
Y4m4n_06607
Y4m4n_0667
Y4m4n_067
Y4m4n_06707
Y4m4n_0676
Y4m4n_07
Y4m4n_07006
Y4m4n_0706
Y4m4n_07066
Y4m4n_07067
Y4m4n_076
Y4m4n_07606
Y4m4n_0767
Y4m4n_077
Y4m4n_07706
Y4m4n_0776
Y4m4n_09
Y4m4n_09009
Y4m4n_0901
Y4m4n_09011
Y4m4n_091
Y4m4n_09101
Y4m4n_1
Y4m4n_1009
Y4m4n_101
Y4m4n_10109
Y4m4n_10187
Y4m4n_109
Y4m4n_10901
Y4m4n_11987
Y4m4n_12009
Y4m4n_187
Y4m4n_18701
Y4m4n_1987
Y4m4n_19871
Y4m4n_1990
Y4m4n_1991
Y4m4n_1992
Y4m4n_1993
Y4m4n_1994
Y4m4n_1995
Y4m4n_1996
Y4m4n_1997
Y4m4n_1998
Y4m4n_1999
Y4m4n_2000
Y4m4n_2001
Y4m4n_2002
Y4m4n_2003
Y4m4n_2004
Y4m4n_2005
Y4m4n_2006
Y4m4n_20066
Y4m4n_20067
Y4m4n_2007
Y4m4n_2008
Y4m4n_2009
Y4m4n_20091
Y4m4n_2010
Y4m4n_2011
Y4m4n_2012
Y4m4n_2013
Y4m4n_2014
Y4m4n_2015
Y4m4n_2016
Y4m4n_2017
Y4m4n_2018
Y4m4n_2019
Y4m4n_2020
Y4m4n_6
Y4m4n_6006
Y4m4n_60067
Y4m4n_606
Y4m4n_60607
Y4m4n_6067
Y4m4n_607
Y4m4n_60706
Y4m4n_6077
Y4m4n_62006
Y4m4n_67
Y4m4n_67006
Y4m4n_6706
Y4m4n_6707
Y4m4n_7
Y4m4n_7006
Y4m4n_70066
Y4m4n_706
Y4m4n_70607
Y4m4n_7066
Y4m4n_707
Y4m4n_70706
Y4m4n_7076
Y4m4n_72006
Y4m4n_76
Y4m4n_76006
Y4m4n_7606
Y4m4n_7607
Y4m4n_87
Y4m4n_8701
Y4m4n_87011
Y4m4n_871
Y4m4n_87101
Y4m4n_87987
Y4m4n_987
Y4m4n_98701
Y4m4n_9871
Y4m4n_98787
Yaman!
Yaman!!
Yaman!!!
Yaman!!$
Yaman!!%
Yaman!!&
Yaman!!'#'
Yaman!!*
Yaman!!@
Yaman!$
Yaman!$!
Yaman!$$
Yaman!$%
Yaman!$&
Yaman!$'#'
Yaman!$*
Yaman!$@
Yaman!%
Yaman!%!
Yaman!%$
Yaman!%%
Yaman!%&
Yaman!%'#'
Yaman!%*
Yaman!%@
Yaman!&
Yaman!&!
Yaman!&$
Yaman!&%
Yaman!&&
Yaman!&'#'
Yaman!&*
Yaman!&@
Yaman!'#'
Yaman!'#'!
Yaman!'#'$
Yaman!'#'%
Yaman!'#'&
Yaman!'#'*
Yaman!'#'@
Yaman!*
Yaman!*!
Yaman!*$
Yaman!*%
Yaman!*&
Yaman!*'#'
Yaman!**
Yaman!*@
Yaman!@
Yaman!@!
Yaman!@$
Yaman!@%
Yaman!@&
Yaman!@'#'
Yaman!@*
Yaman!@@
Yaman$
Yaman$!
Yaman$!!
Yaman$!$
Yaman$!%
Yaman$!&
Yaman$!'#'
Yaman$!*
Yaman$!@
Yaman$$
Yaman$$!
Yaman$$$
Yaman$$%
Yaman$$&
Yaman$$'#'
Yaman$$*
Yaman$$@
Yaman$%
Yaman$%!
Yaman$%$
Yaman$%%
Yaman$%&
Yaman$%'#'
Yaman$%*
Yaman$%@
Yaman$&
Yaman$&!
Yaman$&$
Yaman$&%
Yaman$&&
Yaman$&'#'
Yaman$&*
Yaman$&@
Yaman$'#'
Yaman$'#'!
Yaman$'#'$
Yaman$'#'%
Yaman$'#'&
Yaman$'#'*
Yaman$'#'@
Yaman$*
Yaman$*!
Yaman$*$
Yaman$*%
Yaman$*&
Yaman$*'#'
Yaman$**
Yaman$*@
Yaman$@
Yaman$@!
Yaman$@$
Yaman$@%
Yaman$@&
Yaman$@'#'
Yaman$@*
Yaman$@@
Yaman%
Yaman%!
Yaman%!!
Yaman%!$
Yaman%!%
Yaman%!&
Yaman%!'#'
Yaman%!*
Yaman%!@
Yaman%$
Yaman%$!
Yaman%$$
Yaman%$%
Yaman%$&
Yaman%$'#'
Yaman%$*
Yaman%$@
Yaman%%
Yaman%%!
Yaman%%$
Yaman%%%
Yaman%%&
Yaman%%'#'
Yaman%%*
Yaman%%@
Yaman%&
Yaman%&!
Yaman%&$
Yaman%&%
Yaman%&&
Yaman%&'#'
Yaman%&*
Yaman%&@
Yaman%'#'
Yaman%'#'!
Yaman%'#'$
Yaman%'#'%
Yaman%'#'&
Yaman%'#'*
Yaman%'#'@
Yaman%*
Yaman%*!
Yaman%*$
Yaman%*%
Yaman%*&
Yaman%*'#'
Yaman%**
Yaman%*@
Yaman%@
Yaman%@!
Yaman%@$
Yaman%@%
Yaman%@&
Yaman%@'#'
Yaman%@*
Yaman%@@
Yaman&
Yaman&!
Yaman&!!
Yaman&!$
Yaman&!%
Yaman&!&
Yaman&!'#'
Yaman&!*
Yaman&!@
Yaman&$
Yaman&$!
Yaman&$$
Yaman&$%
Yaman&$&
Yaman&$'#'
Yaman&$*
Yaman&$@
Yaman&%
Yaman&%!
Yaman&%$
Yaman&%%
Yaman&%&
Yaman&%'#'
Yaman&%*
Yaman&%@
Yaman&&
Yaman&&!
Yaman&&$
Yaman&&%
Yaman&&&
Yaman&&'#'
Yaman&&*
Yaman&&@
Yaman&'#'
Yaman&'#'!
Yaman&'#'$
Yaman&'#'%
Yaman&'#'&
Yaman&'#'*
Yaman&'#'@
Yaman&*
Yaman&*!
Yaman&*$
Yaman&*%
Yaman&*&
Yaman&*'#'
Yaman&**
Yaman&*@
Yaman&@
Yaman&@!
Yaman&@$
Yaman&@%
Yaman&@&
Yaman&@'#'
Yaman&@*
Yaman&@@
Yaman'#'
Yaman'#'!
Yaman'#'!!
Yaman'#'!$
Yaman'#'!%
Yaman'#'!&
Yaman'#'!*
Yaman'#'!@
Yaman'#'$
Yaman'#'$!
Yaman'#'$$
Yaman'#'$%
Yaman'#'$&
Yaman'#'$*
Yaman'#'$@
Yaman'#'%
Yaman'#'%!
Yaman'#'%$
Yaman'#'%%
Yaman'#'%&
Yaman'#'%*
Yaman'#'%@
Yaman'#'&
Yaman'#'&!
Yaman'#'&$
Yaman'#'&%
Yaman'#'&&
Yaman'#'&*
Yaman'#'&@
Yaman'#''#'
Yaman'#'*
Yaman'#'*!
Yaman'#'*$
Yaman'#'*%
Yaman'#'*&
Yaman'#'**
Yaman'#'*@
Yaman'#'@
Yaman'#'@!
Yaman'#'@$
Yaman'#'@%
Yaman'#'@&
Yaman'#'@*
Yaman'#'@@
Yaman*
Yaman*!
Yaman*!!
Yaman*!$
Yaman*!%
Yaman*!&
Yaman*!'#'
Yaman*!*
Yaman*!@
Yaman*$
Yaman*$!
Yaman*$$
Yaman*$%
Yaman*$&
Yaman*$'#'
Yaman*$*
Yaman*$@
Yaman*%
Yaman*%!
Yaman*%$
Yaman*%%
Yaman*%&
Yaman*%'#'
Yaman*%*
Yaman*%@
Yaman*&
Yaman*&!
Yaman*&$
Yaman*&%
Yaman*&&
Yaman*&'#'
Yaman*&*
Yaman*&@
Yaman*'#'
Yaman*'#'!
Yaman*'#'$
Yaman*'#'%
Yaman*'#'&
Yaman*'#'*
Yaman*'#'@
Yaman**
Yaman**!
Yaman**$
Yaman**%
Yaman**&
Yaman**'#'
Yaman***
Yaman**@
Yaman*@
Yaman*@!
Yaman*@$
Yaman*@%
Yaman*@&
Yaman*@'#'
Yaman*@*
Yaman*@@
Yaman0
Yaman006
Yaman00606
Yaman006066
Yaman006067
Yaman00607
Yaman006076
Yaman006077
Yaman0066
Yaman006606
Yaman006607
Yaman00667
Yaman0067
Yaman006706
Yaman006707
Yaman00676
Yaman009
Yaman00901
Yaman009011
Yaman00909
Yaman009091
Yaman0091
Yaman009101
Yaman009109
Yaman01
Yaman01009
Yaman010091
Yaman0109
Yaman01091
Yaman011
Yaman011009
Yaman01109
Yaman01187
Yaman011987
Yaman012009
Yaman0187
Yaman01871
Yaman01987
Yaman019871
Yaman06
Yaman06006
Yaman060066
Yaman060067
Yaman0607
Yaman06076
Yaman06077
Yaman062006
Yaman066
Yaman066006
Yaman06607
Yaman0667
Yaman067
Yaman067006
Yaman06707
Yaman0676
Yaman07
Yaman07006
Yaman070066
Yaman070067
Yaman0706
Yaman07066
Yaman07067
Yaman072006
Yaman076
Yaman076006
Yaman07606
Yaman0767
Yaman077
Yaman077006
Yaman07706
Yaman0776
Yaman09
Yaman09009
Yaman090091
Yaman0901
Yaman09011
Yaman091
Yaman091009
Yaman09101
Yaman092009
Yaman1
Yaman10
Yaman1009
Yaman100901
Yaman100909
Yaman101
Yaman101009
Yaman10109
Yaman10187
Yaman101987
Yaman109
Yaman109009
Yaman10901
Yaman11
Yaman11987
Yaman12
Yaman12009
Yaman13
Yaman14
Yaman15
Yaman16
Yaman17
Yaman18
Yaman187
Yaman18701
Yaman187987
Yaman19
Yaman1987
Yaman198701
Yaman19871
Yaman198787
Yaman1990
Yaman1991
Yaman1992
Yaman1993
Yaman1994
Yaman1995
Yaman1996
Yaman1997
Yaman1998
Yaman1999
Yaman2
Yaman20
Yaman2000
Yaman2001
Yaman2002
Yaman2003
Yaman2004
Yaman2005
Yaman2006
Yaman200606
Yaman200607
Yaman20066
Yaman200667
Yaman20067
Yaman200676
Yaman2007
Yaman2008
Yaman2009
Yaman200901
Yaman200909
Yaman20091
Yaman2010
Yaman2011
Yaman2012
Yaman2013
Yaman2014
Yaman2015
Yaman2016
Yaman2017
Yaman2018
Yaman2019
Yaman2020
Yaman21
Yaman22
Yaman23
Yaman24
Yaman25
Yaman26
Yaman27
Yaman28
Yaman29
Yaman3
Yaman30
Yaman31
Yaman32
Yaman33
Yaman34
Yaman35
Yaman36
Yaman37
Yaman38
Yaman39
Yaman4
Yaman40
Yaman41
Yaman42
Yaman43
Yaman44
Yaman45
Yaman46
Yaman47
Yaman48
Yaman49
Yaman5
Yaman50
Yaman51
Yaman52
Yaman53
Yaman54
Yaman55
Yaman56
Yaman57
Yaman58
Yaman59
Yaman6
Yaman60
Yaman6006
Yaman600606
Yaman600607
Yaman60067
Yaman606
Yaman606006
Yaman60607
Yaman6067
Yaman607
Yaman607006
Yaman60706
Yaman6077
Yaman61
Yaman62
Yaman62006
Yaman620067
Yaman63
Yaman64
Yaman65
Yaman66
Yaman67
Yaman67006
Yaman6706
Yaman6707
Yaman672006
Yaman68
Yaman69
Yaman7
Yaman70
Yaman7006
Yaman700606
Yaman700607
Yaman70066
Yaman706
Yaman706006
Yaman70607
Yaman7066
Yaman707
Yaman707006
Yaman70706
Yaman7076
Yaman71
Yaman72
Yaman72006
Yaman720066
Yaman73
Yaman74
Yaman75
Yaman76
Yaman76006
Yaman7606
Yaman7607
Yaman762006
Yaman77
Yaman78
Yaman79
Yaman8
Yaman80
Yaman81
Yaman82
Yaman83
Yaman84
Yaman85
Yaman86
Yaman87
Yaman8701
Yaman87011
Yaman871
Yaman87101
Yaman871987
Yaman87987
Yaman879871
Yaman88
Yaman89
Yaman9
Yaman90
Yaman91
Yaman92
Yaman93
Yaman94
Yaman95
Yaman96
Yaman97
Yaman98
Yaman987
Yaman98701
Yaman987011
Yaman9871
Yaman987101
Yaman987187
Yaman98787
Yaman987871
Yaman99
Yaman@
Yaman@!
Yaman@!!
Yaman@!$
Yaman@!%
Yaman@!&
Yaman@!'#'
Yaman@!*
Yaman@!@
Yaman@$
Yaman@$!
Yaman@$$
Yaman@$%
Yaman@$&
Yaman@$'#'
Yaman@$*
Yaman@$@
Yaman@%
Yaman@%!
Yaman@%$
Yaman@%%
Yaman@%&
Yaman@%'#'
Yaman@%*
Yaman@%@
Yaman@&
Yaman@&!
Yaman@&$
Yaman@&%
Yaman@&&
Yaman@&'#'
Yaman@&*
Yaman@&@
Yaman@'#'
Yaman@'#'!
Yaman@'#'$
Yaman@'#'%
Yaman@'#'&
Yaman@'#'*
Yaman@'#'@
Yaman@*
Yaman@*!
Yaman@*$
Yaman@*%
Yaman@*&
Yaman@*'#'
Yaman@**
Yaman@*@
Yaman@@
Yaman@@!
Yaman@@$
Yaman@@%
Yaman@@&
Yaman@@'#'
Yaman@@*
Yaman@@@
Yaman_006
Yaman_00606
Yaman_00607
Yaman_0066
Yaman_00667
Yaman_0067
Yaman_00676
Yaman_009
Yaman_00901
Yaman_00909
Yaman_0091
Yaman_01
Yaman_01009
Yaman_0109
Yaman_01091
Yaman_011
Yaman_01109
Yaman_01187
Yaman_0187
Yaman_01871
Yaman_01987
Yaman_06
Yaman_06006
Yaman_0607
Yaman_06076
Yaman_06077
Yaman_066
Yaman_06607
Yaman_0667
Yaman_067
Yaman_06707
Yaman_0676
Yaman_07
Yaman_07006
Yaman_0706
Yaman_07066
Yaman_07067
Yaman_076
Yaman_07606
Yaman_0767
Yaman_077
Yaman_07706
Yaman_0776
Yaman_09
Yaman_09009
Yaman_0901
Yaman_09011
Yaman_091
Yaman_09101
Yaman_1
Yaman_1009
Yaman_101
Yaman_10109
Yaman_10187
Yaman_109
Yaman_10901
Yaman_11987
Yaman_12009
Yaman_187
Yaman_18701
Yaman_1987
Yaman_19871
Yaman_1990
Yaman_1991
Yaman_1992
Yaman_1993
Yaman_1994
Yaman_1995
Yaman_1996
Yaman_1997
Yaman_1998
Yaman_1999
Yaman_2000
Yaman_2001
Yaman_2002
Yaman_2003
Yaman_2004
Yaman_2005
Yaman_2006
Yaman_20066
Yaman_20067
Yaman_2007
Yaman_2008
Yaman_2009
Yaman_20091
Yaman_2010
Yaman_2011
Yaman_2012
Yaman_2013
Yaman_2014
Yaman_2015
Yaman_2016
Yaman_2017
Yaman_2018
Yaman_2019
Yaman_2020
Yaman_6
Yaman_6006
Yaman_60067
Yaman_606
Yaman_60607
Yaman_6067
Yaman_607
Yaman_60706
Yaman_6077
Yaman_62006
Yaman_67
Yaman_67006
Yaman_6706
Yaman_6707
Yaman_7
Yaman_7006
Yaman_70066
Yaman_706
Yaman_70607
Yaman_7066
Yaman_707
Yaman_70706
Yaman_7076
Yaman_72006
Yaman_76
Yaman_76006
Yaman_7606
Yaman_7607
Yaman_87
Yaman_8701
Yaman_87011
Yaman_871
Yaman_87101
Yaman_87987
Yaman_987
Yaman_98701
Yaman_9871
Yaman_98787
Yasir!
Yasir!!
Yasir!!!
Yasir!!$
Yasir!!%
Yasir!!&
Yasir!!'#'
Yasir!!*
Yasir!!@
Yasir!$
Yasir!$!
Yasir!$$
Yasir!$%
Yasir!$&
Yasir!$'#'
Yasir!$*
Yasir!$@
Yasir!%
Yasir!%!
Yasir!%$
Yasir!%%
Yasir!%&
Yasir!%'#'
Yasir!%*
Yasir!%@
Yasir!&
Yasir!&!
Yasir!&$
Yasir!&%
Yasir!&&
Yasir!&'#'
Yasir!&*
Yasir!&@
Yasir!'#'
Yasir!'#'!
Yasir!'#'$
Yasir!'#'%
Yasir!'#'&
Yasir!'#'*
Yasir!'#'@
Yasir!*
Yasir!*!
Yasir!*$
Yasir!*%
Yasir!*&
Yasir!*'#'
Yasir!**
Yasir!*@
Yasir!@
Yasir!@!
Yasir!@$
Yasir!@%
Yasir!@&
Yasir!@'#'
Yasir!@*
Yasir!@@
Yasir$
Yasir$!
Yasir$!!
Yasir$!$
Yasir$!%
Yasir$!&
Yasir$!'#'
Yasir$!*
Yasir$!@
Yasir$$
Yasir$$!
Yasir$$$
Yasir$$%
Yasir$$&
Yasir$$'#'
Yasir$$*
Yasir$$@
Yasir$%
Yasir$%!
Yasir$%$
Yasir$%%
Yasir$%&
Yasir$%'#'
Yasir$%*
Yasir$%@
Yasir$&
Yasir$&!
Yasir$&$
Yasir$&%
Yasir$&&
Yasir$&'#'
Yasir$&*
Yasir$&@
Yasir$'#'
Yasir$'#'!
Yasir$'#'$
Yasir$'#'%
Yasir$'#'&
Yasir$'#'*
Yasir$'#'@
Yasir$*
Yasir$*!
Yasir$*$
Yasir$*%
Yasir$*&
Yasir$*'#'
Yasir$**
Yasir$*@
Yasir$@
Yasir$@!
Yasir$@$
Yasir$@%
Yasir$@&
Yasir$@'#'
Yasir$@*
Yasir$@@
Yasir%
Yasir%!
Yasir%!!
Yasir%!$
Yasir%!%
Yasir%!&
Yasir%!'#'
Yasir%!*
Yasir%!@
Yasir%$
Yasir%$!
Yasir%$$
Yasir%$%
Yasir%$&
Yasir%$'#'
Yasir%$*
Yasir%$@
Yasir%%
Yasir%%!
Yasir%%$
Yasir%%%
Yasir%%&
Yasir%%'#'
Yasir%%*
Yasir%%@
Yasir%&
Yasir%&!
Yasir%&$
Yasir%&%
Yasir%&&
Yasir%&'#'
Yasir%&*
Yasir%&@
Yasir%'#'
Yasir%'#'!
Yasir%'#'$
Yasir%'#'%
Yasir%'#'&
Yasir%'#'*
Yasir%'#'@
Yasir%*
Yasir%*!
Yasir%*$
Yasir%*%
Yasir%*&
Yasir%*'#'
Yasir%**
Yasir%*@
Yasir%@
Yasir%@!
Yasir%@$
Yasir%@%
Yasir%@&
Yasir%@'#'
Yasir%@*
Yasir%@@
Yasir&
Yasir&!
Yasir&!!
Yasir&!$
Yasir&!%
Yasir&!&
Yasir&!'#'
Yasir&!*
Yasir&!@
Yasir&$
Yasir&$!
Yasir&$$
Yasir&$%
Yasir&$&
Yasir&$'#'
Yasir&$*
Yasir&$@
Yasir&%
Yasir&%!
Yasir&%$
Yasir&%%
Yasir&%&
Yasir&%'#'
Yasir&%*
Yasir&%@
Yasir&&
Yasir&&!
Yasir&&$
Yasir&&%
Yasir&&&
Yasir&&'#'
Yasir&&*
Yasir&&@
Yasir&'#'
Yasir&'#'!
Yasir&'#'$
Yasir&'#'%
Yasir&'#'&
Yasir&'#'*
Yasir&'#'@
Yasir&*
Yasir&*!
Yasir&*$
Yasir&*%
Yasir&*&
Yasir&*'#'
Yasir&**
Yasir&*@
Yasir&@
Yasir&@!
Yasir&@$
Yasir&@%
Yasir&@&
Yasir&@'#'
Yasir&@*
Yasir&@@
Yasir'#'
Yasir'#'!
Yasir'#'!!
Yasir'#'!$
Yasir'#'!%
Yasir'#'!&
Yasir'#'!*
Yasir'#'!@
Yasir'#'$
Yasir'#'$!
Yasir'#'$$
Yasir'#'$%
Yasir'#'$&
Yasir'#'$*
Yasir'#'$@
Yasir'#'%
Yasir'#'%!
Yasir'#'%$
Yasir'#'%%
Yasir'#'%&
Yasir'#'%*
Yasir'#'%@
Yasir'#'&
Yasir'#'&!
Yasir'#'&$
Yasir'#'&%
Yasir'#'&&
Yasir'#'&*
Yasir'#'&@
Yasir'#''#'
Yasir'#'*
Yasir'#'*!
Yasir'#'*$
Yasir'#'*%
Yasir'#'*&
Yasir'#'**
Yasir'#'*@
Yasir'#'@
Yasir'#'@!
Yasir'#'@$
Yasir'#'@%
Yasir'#'@&
Yasir'#'@*
Yasir'#'@@
Yasir*
Yasir*!
Yasir*!!
Yasir*!$
Yasir*!%
Yasir*!&
Yasir*!'#'
Yasir*!*
Yasir*!@
Yasir*$
Yasir*$!
Yasir*$$
Yasir*$%
Yasir*$&
Yasir*$'#'
Yasir*$*
Yasir*$@
Yasir*%
Yasir*%!
Yasir*%$
Yasir*%%
Yasir*%&
Yasir*%'#'
Yasir*%*
Yasir*%@
Yasir*&
Yasir*&!
Yasir*&$
Yasir*&%
Yasir*&&
Yasir*&'#'
Yasir*&*
Yasir*&@
Yasir*'#'
Yasir*'#'!
Yasir*'#'$
Yasir*'#'%
Yasir*'#'&
Yasir*'#'*
Yasir*'#'@
Yasir**
Yasir**!
Yasir**$
Yasir**%
Yasir**&
Yasir**'#'
Yasir***
Yasir**@
Yasir*@
Yasir*@!
Yasir*@$
Yasir*@%
Yasir*@&
Yasir*@'#'
Yasir*@*
Yasir*@@
Yasir0
Yasir006
Yasir00606
Yasir006066
Yasir006067
Yasir00607
Yasir006076
Yasir006077
Yasir0066
Yasir006606
Yasir006607
Yasir00667
Yasir0067
Yasir006706
Yasir006707
Yasir00676
Yasir009
Yasir00901
Yasir009011
Yasir00909
Yasir009091
Yasir0091
Yasir009101
Yasir009109
Yasir01
Yasir01009
Yasir010091
Yasir0109
Yasir01091
Yasir011
Yasir011009
Yasir01109
Yasir01187
Yasir011987
Yasir012009
Yasir0187
Yasir01871
Yasir01987
Yasir019871
Yasir06
Yasir06006
Yasir060066
Yasir060067
Yasir0607
Yasir06076
Yasir06077
Yasir062006
Yasir066
Yasir066006
Yasir06607
Yasir0667
Yasir067
Yasir067006
Yasir06707
Yasir0676
Yasir07
Yasir07006
Yasir070066
Yasir070067
Yasir0706
Yasir07066
Yasir07067
Yasir072006
Yasir076
Yasir076006
Yasir07606
Yasir0767
Yasir077
Yasir077006
Yasir07706
Yasir0776
Yasir09
Yasir09009
Yasir090091
Yasir0901
Yasir09011
Yasir091
Yasir091009
Yasir09101
Yasir092009
Yasir1
Yasir10
Yasir1009
Yasir100901
Yasir100909
Yasir101
Yasir101009
Yasir10109
Yasir10187
Yasir101987
Yasir109
Yasir109009
Yasir10901
Yasir11
Yasir11987
Yasir12
Yasir12009
Yasir13
Yasir14
Yasir15
Yasir16
Yasir17
Yasir18
Yasir187
Yasir18701
Yasir187987
Yasir19
Yasir1987
Yasir198701
Yasir19871
Yasir198787
Yasir1990
Yasir1991
Yasir1992
Yasir1993
Yasir1994
Yasir1995
Yasir1996
Yasir1997
Yasir1998
Yasir1999
Yasir2
Yasir20
Yasir2000
Yasir2001
Yasir2002
Yasir2003
Yasir2004
Yasir2005
Yasir2006
Yasir200606
Yasir200607
Yasir20066
Yasir200667
Yasir20067
Yasir200676
Yasir2007
Yasir2008
Yasir2009
Yasir200901
Yasir200909
Yasir20091
Yasir2010
Yasir2011
Yasir2012
Yasir2013
Yasir2014
Yasir2015
Yasir2016
Yasir2017
Yasir2018
Yasir2019
Yasir2020
Yasir21
Yasir22
Yasir23
Yasir24
Yasir25
Yasir26
Yasir27
Yasir28
Yasir29
Yasir3
Yasir30
Yasir31
Yasir32
Yasir33
Yasir34
Yasir35
Yasir36
Yasir37
Yasir38
Yasir39
Yasir4
Yasir40
Yasir41
Yasir42
Yasir43
Yasir44
Yasir45
Yasir46
Yasir47
Yasir48
Yasir49
Yasir5
Yasir50
Yasir51
Yasir52
Yasir53
Yasir54
Yasir55
Yasir56
Yasir57
Yasir58
Yasir59
Yasir6
Yasir60
Yasir6006
Yasir600606
Yasir600607
Yasir60067
Yasir606
Yasir606006
Yasir60607
Yasir6067
Yasir607
Yasir607006
Yasir60706
Yasir6077
Yasir61
Yasir62
Yasir62006
Yasir620067
Yasir63
Yasir64
Yasir65
Yasir66
Yasir67
Yasir67006
Yasir6706
Yasir6707
Yasir672006
Yasir68
Yasir69
Yasir7
Yasir70
Yasir7006
Yasir700606
Yasir700607
Yasir70066
Yasir706
Yasir706006
Yasir70607
Yasir7066
Yasir707
Yasir707006
Yasir70706
Yasir7076
Yasir71
Yasir72
Yasir72006
Yasir720066
Yasir73
Yasir74
Yasir75
Yasir76
Yasir76006
Yasir7606
Yasir7607
Yasir762006
Yasir77
Yasir78
Yasir79
Yasir8
Yasir80
Yasir81
Yasir82
Yasir83
Yasir84
Yasir85
Yasir86
Yasir87
Yasir8701
Yasir87011
Yasir871
Yasir87101
Yasir871987
Yasir87987
Yasir879871
Yasir88
Yasir89
Yasir9
Yasir90
Yasir91
Yasir92
Yasir93
Yasir94
Yasir95
Yasir96
Yasir97
Yasir98
Yasir987
Yasir98701
Yasir987011
Yasir9871
Yasir987101
Yasir987187
Yasir98787
Yasir987871
Yasir99
Yasir@
Yasir@!
Yasir@!!
Yasir@!$
Yasir@!%
Yasir@!&
Yasir@!'#'
Yasir@!*
Yasir@!@
Yasir@$
Yasir@$!
Yasir@$$
Yasir@$%
Yasir@$&
Yasir@$'#'
Yasir@$*
Yasir@$@
Yasir@%
Yasir@%!
Yasir@%$
Yasir@%%
Yasir@%&
Yasir@%'#'
Yasir@%*
Yasir@%@
Yasir@&
Yasir@&!
Yasir@&$
Yasir@&%
Yasir@&&
Yasir@&'#'
Yasir@&*
Yasir@&@
Yasir@'#'
Yasir@'#'!
Yasir@'#'$
Yasir@'#'%
Yasir@'#'&
Yasir@'#'*
Yasir@'#'@
Yasir@*
Yasir@*!
Yasir@*$
Yasir@*%
Yasir@*&
Yasir@*'#'
Yasir@**
Yasir@*@
Yasir@@
Yasir@@!
Yasir@@$
Yasir@@%
Yasir@@&
Yasir@@'#'
Yasir@@*
Yasir@@@
YasirRana
YasirRana!
YasirRana!!
YasirRana!$
YasirRana!%
YasirRana!&
YasirRana!*
YasirRana!@
YasirRana$
YasirRana$!
YasirRana$$
YasirRana$%
YasirRana$&
YasirRana$*
YasirRana$@
YasirRana%
YasirRana%!
YasirRana%$
YasirRana%%
YasirRana%&
YasirRana%*
YasirRana%@
YasirRana&
YasirRana&!
YasirRana&$
YasirRana&%
YasirRana&&
YasirRana&*
YasirRana&@
YasirRana*
YasirRana*!
YasirRana*$
YasirRana*%
YasirRana*&
YasirRana**
YasirRana*@
YasirRana0
YasirRana06
YasirRana07
YasirRana1
YasirRana10
YasirRana11
YasirRana12
YasirRana13
YasirRana14
YasirRana15
YasirRana16
YasirRana17
YasirRana18
YasirRana19
YasirRana2
YasirRana20
YasirRana21
YasirRana22
YasirRana23
YasirRana24
YasirRana25
YasirRana26
YasirRana27
YasirRana28
YasirRana29
YasirRana3
YasirRana30
YasirRana31
YasirRana32
YasirRana33
YasirRana34
YasirRana35
YasirRana36
YasirRana37
YasirRana38
YasirRana39
YasirRana4
YasirRana40
YasirRana41
YasirRana42
YasirRana43
YasirRana44
YasirRana45
YasirRana46
YasirRana47
YasirRana48
YasirRana49
YasirRana5
YasirRana50
YasirRana51
YasirRana52
YasirRana53
YasirRana54
YasirRana55
YasirRana56
YasirRana57
YasirRana58
YasirRana59
YasirRana6
YasirRana60
YasirRana61
YasirRana62
YasirRana63
YasirRana64
YasirRana65
YasirRana66
YasirRana67
YasirRana68
YasirRana69
YasirRana7
YasirRana70
YasirRana71
YasirRana72
YasirRana73
YasirRana74
YasirRana75
YasirRana76
YasirRana77
YasirRana78
YasirRana79
YasirRana8
YasirRana80
YasirRana81
YasirRana82
YasirRana83
YasirRana84
YasirRana85
YasirRana86
YasirRana87
YasirRana88
YasirRana89
YasirRana9
YasirRana90
YasirRana91
YasirRana92
YasirRana93
YasirRana94
YasirRana95
YasirRana96
YasirRana97
YasirRana98
YasirRana99
YasirRana@
YasirRana@!
YasirRana@$
YasirRana@%
YasirRana@&
YasirRana@*
YasirRana@@
YasirRana_6
YasirRana_7
Yasir_006
Yasir_00606
Yasir_00607
Yasir_0066
Yasir_00667
Yasir_0067
Yasir_00676
Yasir_009
Yasir_00901
Yasir_00909
Yasir_0091
Yasir_01
Yasir_01009
Yasir_0109
Yasir_01091
Yasir_011
Yasir_01109
Yasir_01187
Yasir_0187
Yasir_01871
Yasir_01987
Yasir_06
Yasir_06006
Yasir_0607
Yasir_06076
Yasir_06077
Yasir_066
Yasir_06607
Yasir_0667
Yasir_067
Yasir_06707
Yasir_0676
Yasir_07
Yasir_07006
Yasir_0706
Yasir_07066
Yasir_07067
Yasir_076
Yasir_07606
Yasir_0767
Yasir_077
Yasir_07706
Yasir_0776
Yasir_09
Yasir_09009
Yasir_0901
Yasir_09011
Yasir_091
Yasir_09101
Yasir_1
Yasir_1009
Yasir_101
Yasir_10109
Yasir_10187
Yasir_109
Yasir_10901
Yasir_11987
Yasir_12009
Yasir_187
Yasir_18701
Yasir_1987
Yasir_19871
Yasir_1990
Yasir_1991
Yasir_1992
Yasir_1993
Yasir_1994
Yasir_1995
Yasir_1996
Yasir_1997
Yasir_1998
Yasir_1999
Yasir_2000
Yasir_2001
Yasir_2002
Yasir_2003
Yasir_2004
Yasir_2005
Yasir_2006
Yasir_20066
Yasir_20067
Yasir_2007
Yasir_2008
Yasir_2009
Yasir_20091
Yasir_2010
Yasir_2011
Yasir_2012
Yasir_2013
Yasir_2014
Yasir_2015
Yasir_2016
Yasir_2017
Yasir_2018
Yasir_2019
Yasir_2020
Yasir_6
Yasir_6006
Yasir_60067
Yasir_606
Yasir_60607
Yasir_6067
Yasir_607
Yasir_60706
Yasir_6077
Yasir_62006
Yasir_67
Yasir_67006
Yasir_6706
Yasir_6707
Yasir_7
Yasir_7006
Yasir_70066
Yasir_706
Yasir_70607
Yasir_7066
Yasir_707
Yasir_70706
Yasir_7076
Yasir_72006
Yasir_76
Yasir_76006
Yasir_7606
Yasir_7607
Yasir_87
Yasir_8701
Yasir_87011
Yasir_871
Yasir_87101
Yasir_87987
Yasir_987
Yasir_98701
Yasir_9871
Yasir_98787
Yasirrana
Yasirrana!
Yasirrana!!
Yasirrana!$
Yasirrana!%
Yasirrana!&
Yasirrana!*
Yasirrana!@
Yasirrana$
Yasirrana$!
Yasirrana$$
Yasirrana$%
Yasirrana$&
Yasirrana$*
Yasirrana$@
Yasirrana%
Yasirrana%!
Yasirrana%$
Yasirrana%%
Yasirrana%&
Yasirrana%*
Yasirrana%@
Yasirrana&
Yasirrana&!
Yasirrana&$
Yasirrana&%
Yasirrana&&
Yasirrana&*
Yasirrana&@
Yasirrana*
Yasirrana*!
Yasirrana*$
Yasirrana*%
Yasirrana*&
Yasirrana**
Yasirrana*@
Yasirrana0
Yasirrana06
Yasirrana07
Yasirrana1
Yasirrana10
Yasirrana11
Yasirrana12
Yasirrana13
Yasirrana14
Yasirrana15
Yasirrana16
Yasirrana17
Yasirrana18
Yasirrana19
Yasirrana2
Yasirrana20
Yasirrana21
Yasirrana22
Yasirrana23
Yasirrana24
Yasirrana25
Yasirrana26
Yasirrana27
Yasirrana28
Yasirrana29
Yasirrana3
Yasirrana30
Yasirrana31
Yasirrana32
Yasirrana33
Yasirrana34
Yasirrana35
Yasirrana36
Yasirrana37
Yasirrana38
Yasirrana39
Yasirrana4
Yasirrana40
Yasirrana41
Yasirrana42
Yasirrana43
Yasirrana44
Yasirrana45
Yasirrana46
Yasirrana47
Yasirrana48
Yasirrana49
Yasirrana5
Yasirrana50
Yasirrana51
Yasirrana52
Yasirrana53
Yasirrana54
Yasirrana55
Yasirrana56
Yasirrana57
Yasirrana58
Yasirrana59
Yasirrana6
Yasirrana60
Yasirrana61
Yasirrana62
Yasirrana63
Yasirrana64
Yasirrana65
Yasirrana66
Yasirrana67
Yasirrana68
Yasirrana69
Yasirrana7
Yasirrana70
Yasirrana71
Yasirrana72
Yasirrana73
Yasirrana74
Yasirrana75
Yasirrana76
Yasirrana77
Yasirrana78
Yasirrana79
Yasirrana8
Yasirrana80
Yasirrana81
Yasirrana82
Yasirrana83
Yasirrana84
Yasirrana85
Yasirrana86
Yasirrana87
Yasirrana88
Yasirrana89
Yasirrana9
Yasirrana90
Yasirrana91
Yasirrana92
Yasirrana93
Yasirrana94
Yasirrana95
Yasirrana96
Yasirrana97
Yasirrana98
Yasirrana99
Yasirrana@
Yasirrana@!
Yasirrana@$
Yasirrana@%
Yasirrana@&
Yasirrana@*
Yasirrana@@
Yasirrana_6
Yasirrana_7
_00606
_00606
_0060607
_0060607
_006062006
_006062006
_006066
_006066
_006067
_006067
_00607
_00607
_0060706
_0060706
_006072006
_006072006
_006076
_006076
_006077
_006077
_0062006
_0062006
_006200606
_006200606
_006200607
_006200607
_00620066
_00620066
_00620067
_00620067
_006606
_006606
_006607
_006607
_00662006
_00662006
_00667
_00667
_006706
_006706
_006707
_006707
_00672006
_00672006
_00676
_00676
_00901
_00901
_0090109
_0090109
_009011
_009011
_009012009
_009012009
_00909
_00909
_0090901
_0090901
_009091
_009091
_009092009
_009092009
_009101
_009101
_009109
_009109
_00912009
_00912009
_0092009
_0092009
_009200901
_009200901
_009200909
_009200909
_00920091
_00920091
_01009
_01009
_0100909
_0100909
_010091
_010091
_010092009
_010092009
_0109009
_0109009
_01091
_01091
_01092009
_01092009
_011009
_011009
_01109
_01109
_0112009
_0112009
_012009
_012009
_012009009
_012009009
_01200909
_01200909
_0120091
_0120091
_06006
_06006
_0600607
_0600607
_060062006
_060062006
_060066
_060066
_060067
_060067
_0607006
_0607006
_06072006
_06072006
_06076
_06076
_06077
_06077
_062006
_062006
_062006006
_062006006
_06200607
_06200607
_0620066
_0620066
_0620067
_0620067
_066006
_066006
_06607
_06607
_0662006
_0662006
_067006
_067006
_06707
_06707
_0672006
_0672006
_07006
_07006
_0700606
_0700606
_070062006
_070062006
_070066
_070066
_070067
_070067
_0706006
_0706006
_07062006
_07062006
_07066
_07066
_07067
_07067
_072006
_072006
_072006006
_072006006
_07200606
_07200606
_0720066
_0720066
_0720067
_0720067
_076006
_076006
_07606
_07606
_0762006
_0762006
_077006
_077006
_07706
_07706
_0772006
_0772006
_09009
_09009
_0900901
_0900901
_090091
_090091
_090092009
_090092009
_0901009
_0901009
_09011
_09011
_09012009
_09012009
_091009
_091009
_09101
_09101
_0912009
_0912009
_092009
_092009
_092009009
_092009009
_09200901
_09200901
_0920091
_0920091
_100901
_100901
_100909
_100909
_10092009
_10092009
_101009
_101009
_10109
_10109
_1012009
_1012009
_109009
_109009
_10901
_10901
_1092009
_1092009
_12009
_12009
_12009009
_12009009
_1200901
_1200901
_1200909
_1200909
_2006006
_2006006
_200600606
_200600606
_200600607
_200600607
_20060066
_20060066
_20060067
_20060067
_200606
_200606
_200606006
_200606006
_20060607
_20060607
_2006066
_2006066
_2006067
_2006067
_200607
_200607
_200607006
_200607006
_20060706
_20060706
_2006076
_2006076
_2006077
_2006077
_20066
_20066
_20066006
_20066006
_2006606
_2006606
_2006607
_2006607
_200667
_200667
_20067
_20067
_20067006
_20067006
_2006706
_2006706
_2006707
_2006707
_200676
_200676
_2009009
_2009009
_200900901
_200900901
_200900909
_200900909
_20090091
_20090091
_200901
_200901
_200901009
_200901009
_20090109
_20090109
_2009011
_2009011
_200909
_200909
_200909009
_200909009
_20090901
_20090901
_2009091
_2009091
_20091
_20091
_20091009
_20091009
_2009101
_2009101
_2009109
_2009109
_600606
_600606
_600607
_600607
_60062006
_60062006
_60067
_60067
_606006
_606006
_60607
_60607
_6062006
_6062006
_607006
_607006
_60706
_60706
_6072006
_6072006
_62006
_62006
_62006006
_62006006
_6200606
_6200606
_6200607
_6200607
_620067
_620067
_67006
_67006
_672006
_672006
_700606
_700606
_700607
_700607
_70062006
_70062006
_70066
_70066
_706006
_706006
_70607
_70607
_7062006
_7062006
_707006
_707006
_70706
_70706
_7072006
_7072006
_72006
_72006
_72006006
_72006006
_7200606
_7200606
_7200607
_7200607
_720066
_720066
_76006
_76006
_762006
_762006
b1070x
b1070x!
b1070x!!
b1070x!!!
b1070x!!$
b1070x!!%
b1070x!!&
b1070x!!'#'
b1070x!!*
b1070x!!@
b1070x!$
b1070x!$!
b1070x!$$
b1070x!$%
b1070x!$&
b1070x!$'#'
b1070x!$*
b1070x!$@
b1070x!%
b1070x!%!
b1070x!%$
b1070x!%%
b1070x!%&
b1070x!%'#'
b1070x!%*
b1070x!%@
b1070x!&
b1070x!&!
b1070x!&$
b1070x!&%
b1070x!&&
b1070x!&'#'
b1070x!&*
b1070x!&@
b1070x!'#'
b1070x!'#'!
b1070x!'#'$
b1070x!'#'%
b1070x!'#'&
b1070x!'#'*
b1070x!'#'@
b1070x!*
b1070x!*!
b1070x!*$
b1070x!*%
b1070x!*&
b1070x!*'#'
b1070x!**
b1070x!*@
b1070x!@
b1070x!@!
b1070x!@$
b1070x!@%
b1070x!@&
b1070x!@'#'
b1070x!@*
b1070x!@@
b1070x$
b1070x$!
b1070x$!!
b1070x$!$
b1070x$!%
b1070x$!&
b1070x$!'#'
b1070x$!*
b1070x$!@
b1070x$$
b1070x$$!
b1070x$$$
b1070x$$%
b1070x$$&
b1070x$$'#'
b1070x$$*
b1070x$$@
b1070x$%
b1070x$%!
b1070x$%$
b1070x$%%
b1070x$%&
b1070x$%'#'
b1070x$%*
b1070x$%@
b1070x$&
b1070x$&!
b1070x$&$
b1070x$&%
b1070x$&&
b1070x$&'#'
b1070x$&*
b1070x$&@
b1070x$'#'
b1070x$'#'!
b1070x$'#'$
b1070x$'#'%
b1070x$'#'&
b1070x$'#'*
b1070x$'#'@
b1070x$*
b1070x$*!
b1070x$*$
b1070x$*%
b1070x$*&
b1070x$*'#'
b1070x$**
b1070x$*@
b1070x$@
b1070x$@!
b1070x$@$
b1070x$@%
b1070x$@&
b1070x$@'#'
b1070x$@*
b1070x$@@
b1070x%
b1070x%!
b1070x%!!
b1070x%!$
b1070x%!%
b1070x%!&
b1070x%!'#'
b1070x%!*
b1070x%!@
b1070x%$
b1070x%$!
b1070x%$$
b1070x%$%
b1070x%$&
b1070x%$'#'
b1070x%$*
b1070x%$@
b1070x%%
b1070x%%!
b1070x%%$
b1070x%%%
b1070x%%&
b1070x%%'#'
b1070x%%*
b1070x%%@
b1070x%&
b1070x%&!
b1070x%&$
b1070x%&%
b1070x%&&
b1070x%&'#'
b1070x%&*
b1070x%&@
b1070x%'#'
b1070x%'#'!
b1070x%'#'$
b1070x%'#'%
b1070x%'#'&
b1070x%'#'*
b1070x%'#'@
b1070x%*
b1070x%*!
b1070x%*$
b1070x%*%
b1070x%*&
b1070x%*'#'
b1070x%**
b1070x%*@
b1070x%@
b1070x%@!
b1070x%@$
b1070x%@%
b1070x%@&
b1070x%@'#'
b1070x%@*
b1070x%@@
b1070x&
b1070x&!
b1070x&!!
b1070x&!$
b1070x&!%
b1070x&!&
b1070x&!'#'
b1070x&!*
b1070x&!@
b1070x&$
b1070x&$!
b1070x&$$
b1070x&$%
b1070x&$&
b1070x&$'#'
b1070x&$*
b1070x&$@
b1070x&%
b1070x&%!
b1070x&%$
b1070x&%%
b1070x&%&
b1070x&%'#'
b1070x&%*
b1070x&%@
b1070x&&
b1070x&&!
b1070x&&$
b1070x&&%
b1070x&&&
b1070x&&'#'
b1070x&&*
b1070x&&@
b1070x&'#'
b1070x&'#'!
b1070x&'#'$
b1070x&'#'%
b1070x&'#'&
b1070x&'#'*
b1070x&'#'@
b1070x&*
b1070x&*!
b1070x&*$
b1070x&*%
b1070x&*&
b1070x&*'#'
b1070x&**
b1070x&*@
b1070x&@
b1070x&@!
b1070x&@$
b1070x&@%
b1070x&@&
b1070x&@'#'
b1070x&@*
b1070x&@@
b1070x'#'
b1070x'#'!
b1070x'#'!!
b1070x'#'!$
b1070x'#'!%
b1070x'#'!&
b1070x'#'!*
b1070x'#'!@
b1070x'#'$
b1070x'#'$!
b1070x'#'$$
b1070x'#'$%
b1070x'#'$&
b1070x'#'$*
b1070x'#'$@
b1070x'#'%
b1070x'#'%!
b1070x'#'%$
b1070x'#'%%
b1070x'#'%&
b1070x'#'%*
b1070x'#'%@
b1070x'#'&
b1070x'#'&!
b1070x'#'&$
b1070x'#'&%
b1070x'#'&&
b1070x'#'&*
b1070x'#'&@
b1070x'#'*
b1070x'#'*!
b1070x'#'*$
b1070x'#'*%
b1070x'#'*&
b1070x'#'**
b1070x'#'*@
b1070x'#'@
b1070x'#'@!
b1070x'#'@$
b1070x'#'@%
b1070x'#'@&
b1070x'#'@*
b1070x'#'@@
b1070x*
b1070x*!
b1070x*!!
b1070x*!$
b1070x*!%
b1070x*!&
b1070x*!'#'
b1070x*!*
b1070x*!@
b1070x*$
b1070x*$!
b1070x*$$
b1070x*$%
b1070x*$&
b1070x*$'#'
b1070x*$*
b1070x*$@
b1070x*%
b1070x*%!
b1070x*%$
b1070x*%%
b1070x*%&
b1070x*%'#'
b1070x*%*
b1070x*%@
b1070x*&
b1070x*&!
b1070x*&$
b1070x*&%
b1070x*&&
b1070x*&'#'
b1070x*&*
b1070x*&@
b1070x*'#'
b1070x*'#'!
b1070x*'#'$
b1070x*'#'%
b1070x*'#'&
b1070x*'#'*
b1070x*'#'@
b1070x**
b1070x**!
b1070x**$
b1070x**%
b1070x**&
b1070x**'#'
b1070x***
b1070x**@
b1070x*@
b1070x*@!
b1070x*@$
b1070x*@%
b1070x*@&
b1070x*@'#'
b1070x*@*
b1070x*@@
b1070x0
b1070x1
b1070x10
b1070x11
b1070x12
b1070x13
b1070x14
b1070x15
b1070x16
b1070x17
b1070x18
b1070x19
b1070x1990
b1070x1991
b1070x1992
b1070x1993
b1070x1994
b1070x1995
b1070x1996
b1070x1997
b1070x1998
b1070x1999
b1070x2
b1070x20
b1070x2000
b1070x2001
b1070x2002
b1070x2003
b1070x2004
b1070x2005
b1070x2006
b1070x2007
b1070x2008
b1070x2009
b1070x2010
b1070x2011
b1070x2012
b1070x2013
b1070x2014
b1070x2015
b1070x2016
b1070x2017
b1070x2018
b1070x2019
b1070x2020
b1070x21
b1070x22
b1070x23
b1070x24
b1070x25
b1070x26
b1070x27
b1070x28
b1070x29
b1070x3
b1070x30
b1070x31
b1070x32
b1070x33
b1070x34
b1070x35
b1070x36
b1070x37
b1070x38
b1070x39
b1070x4
b1070x40
b1070x41
b1070x42
b1070x43
b1070x44
b1070x45
b1070x46
b1070x47
b1070x48
b1070x49
b1070x5
b1070x50
b1070x51
b1070x52
b1070x53
b1070x54
b1070x55
b1070x56
b1070x57
b1070x58
b1070x59
b1070x6
b1070x60
b1070x61
b1070x62
b1070x63
b1070x64
b1070x65
b1070x66
b1070x67
b1070x68
b1070x69
b1070x7
b1070x70
b1070x71
b1070x72
b1070x73
b1070x74
b1070x75
b1070x76
b1070x77
b1070x78
b1070x79
b1070x8
b1070x80
b1070x81
b1070x82
b1070x83
b1070x84
b1070x85
b1070x86
b1070x87
b1070x88
b1070x89
b1070x9
b1070x90
b1070x91
b1070x92
b1070x93
b1070x94
b1070x95
b1070x96
b1070x97
b1070x98
b1070x99
b1070x@
b1070x@!
b1070x@!!
b1070x@!$
b1070x@!%
b1070x@!&
b1070x@!'#'
b1070x@!*
b1070x@!@
b1070x@$
b1070x@$!
b1070x@$$
b1070x@$%
b1070x@$&
b1070x@$'#'
b1070x@$*
b1070x@$@
b1070x@%
b1070x@%!
b1070x@%$
b1070x@%%
b1070x@%&
b1070x@%'#'
b1070x@%*
b1070x@%@
b1070x@&
b1070x@&!
b1070x@&$
b1070x@&%
b1070x@&&
b1070x@&'#'
b1070x@&*
b1070x@&@
b1070x@'#'
b1070x@'#'!
b1070x@'#'$
b1070x@'#'%
b1070x@'#'&
b1070x@'#'*
b1070x@'#'@
b1070x@*
b1070x@*!
b1070x@*$
b1070x@*%
b1070x@*&
b1070x@*'#'
b1070x@**
b1070x@*@
b1070x@@
b1070x@@!
b1070x@@$
b1070x@@%
b1070x@@&
b1070x@@'#'
b1070x@@*
b1070x@@@
b1070x_1990
b1070x_1991
b1070x_1992
b1070x_1993
b1070x_1994
b1070x_1995
b1070x_1996
b1070x_1997
b1070x_1998
b1070x_1999
b1070x_2000
b1070x_2001
b1070x_2002
b1070x_2003
b1070x_2004
b1070x_2005
b1070x_2006
b1070x_2007
b1070x_2008
b1070x_2009
b1070x_2010
b1070x_2011
b1070x_2012
b1070x_2013
b1070x_2014
b1070x_2015
b1070x_2016
b1070x_2017
b1070x_2018
b1070x_2019
b1070x_2020
biotox
biotox!
biotox!!
biotox!!!
biotox!!$
biotox!!%
biotox!!&
biotox!!'#'
biotox!!*
biotox!!@
biotox!$
biotox!$!
biotox!$$
biotox!$%
biotox!$&
biotox!$'#'
biotox!$*
biotox!$@
biotox!%
biotox!%!
biotox!%$
biotox!%%
biotox!%&
biotox!%'#'
biotox!%*
biotox!%@
biotox!&
biotox!&!
biotox!&$
biotox!&%
biotox!&&
biotox!&'#'
biotox!&*
biotox!&@
biotox!'#'
biotox!'#'!
biotox!'#'$
biotox!'#'%
biotox!'#'&
biotox!'#'*
biotox!'#'@
biotox!*
biotox!*!
biotox!*$
biotox!*%
biotox!*&
biotox!*'#'
biotox!**
biotox!*@
biotox!@
biotox!@!
biotox!@$
biotox!@%
biotox!@&
biotox!@'#'
biotox!@*
biotox!@@
biotox$
biotox$!
biotox$!!
biotox$!$
biotox$!%
biotox$!&
biotox$!'#'
biotox$!*
biotox$!@
biotox$$
biotox$$!
biotox$$$
biotox$$%
biotox$$&
biotox$$'#'
biotox$$*
biotox$$@
biotox$%
biotox$%!
biotox$%$
biotox$%%
biotox$%&
biotox$%'#'
biotox$%*
biotox$%@
biotox$&
biotox$&!
biotox$&$
biotox$&%
biotox$&&
biotox$&'#'
biotox$&*
biotox$&@
biotox$'#'
biotox$'#'!
biotox$'#'$
biotox$'#'%
biotox$'#'&
biotox$'#'*
biotox$'#'@
biotox$*
biotox$*!
biotox$*$
biotox$*%
biotox$*&
biotox$*'#'
biotox$**
biotox$*@
biotox$@
biotox$@!
biotox$@$
biotox$@%
biotox$@&
biotox$@'#'
biotox$@*
biotox$@@
biotox%
biotox%!
biotox%!!
biotox%!$
biotox%!%
biotox%!&
biotox%!'#'
biotox%!*
biotox%!@
biotox%$
biotox%$!
biotox%$$
biotox%$%
biotox%$&
biotox%$'#'
biotox%$*
biotox%$@
biotox%%
biotox%%!
biotox%%$
biotox%%%
biotox%%&
biotox%%'#'
biotox%%*
biotox%%@
biotox%&
biotox%&!
biotox%&$
biotox%&%
biotox%&&
biotox%&'#'
biotox%&*
biotox%&@
biotox%'#'
biotox%'#'!
biotox%'#'$
biotox%'#'%
biotox%'#'&
biotox%'#'*
biotox%'#'@
biotox%*
biotox%*!
biotox%*$
biotox%*%
biotox%*&
biotox%*'#'
biotox%**
biotox%*@
biotox%@
biotox%@!
biotox%@$
biotox%@%
biotox%@&
biotox%@'#'
biotox%@*
biotox%@@
biotox&
biotox&!
biotox&!!
biotox&!$
biotox&!%
biotox&!&
biotox&!'#'
biotox&!*
biotox&!@
biotox&$
biotox&$!
biotox&$$
biotox&$%
biotox&$&
biotox&$'#'
biotox&$*
biotox&$@
biotox&%
biotox&%!
biotox&%$
biotox&%%
biotox&%&
biotox&%'#'
biotox&%*
biotox&%@
biotox&&
biotox&&!
biotox&&$
biotox&&%
biotox&&&
biotox&&'#'
biotox&&*
biotox&&@
biotox&'#'
biotox&'#'!
biotox&'#'$
biotox&'#'%
biotox&'#'&
biotox&'#'*
biotox&'#'@
biotox&*
biotox&*!
biotox&*$
biotox&*%
biotox&*&
biotox&*'#'
biotox&**
biotox&*@
biotox&@
biotox&@!
biotox&@$
biotox&@%
biotox&@&
biotox&@'#'
biotox&@*
biotox&@@
biotox'#'
biotox'#'!
biotox'#'!!
biotox'#'!$
biotox'#'!%
biotox'#'!&
biotox'#'!*
biotox'#'!@
biotox'#'$
biotox'#'$!
biotox'#'$$
biotox'#'$%
biotox'#'$&
biotox'#'$*
biotox'#'$@
biotox'#'%
biotox'#'%!
biotox'#'%$
biotox'#'%%
biotox'#'%&
biotox'#'%*
biotox'#'%@
biotox'#'&
biotox'#'&!
biotox'#'&$
biotox'#'&%
biotox'#'&&
biotox'#'&*
biotox'#'&@
biotox'#'*
biotox'#'*!
biotox'#'*$
biotox'#'*%
biotox'#'*&
biotox'#'**
biotox'#'*@
biotox'#'@
biotox'#'@!
biotox'#'@$
biotox'#'@%
biotox'#'@&
biotox'#'@*
biotox'#'@@
biotox*
biotox*!
biotox*!!
biotox*!$
biotox*!%
biotox*!&
biotox*!'#'
biotox*!*
biotox*!@
biotox*$
biotox*$!
biotox*$$
biotox*$%
biotox*$&
biotox*$'#'
biotox*$*
biotox*$@
biotox*%
biotox*%!
biotox*%$
biotox*%%
biotox*%&
biotox*%'#'
biotox*%*
biotox*%@
biotox*&
biotox*&!
biotox*&$
biotox*&%
biotox*&&
biotox*&'#'
biotox*&*
biotox*&@
biotox*'#'
biotox*'#'!
biotox*'#'$
biotox*'#'%
biotox*'#'&
biotox*'#'*
biotox*'#'@
biotox**
biotox**!
biotox**$
biotox**%
biotox**&
biotox**'#'
biotox***
biotox**@
biotox*@
biotox*@!
biotox*@$
biotox*@%
biotox*@&
biotox*@'#'
biotox*@*
biotox*@@
biotox0
biotox1
biotox10
biotox11
biotox12
biotox13
biotox14
biotox15
biotox16
biotox17
biotox18
biotox19
biotox1990
biotox1991
biotox1992
biotox1993
biotox1994
biotox1995
biotox1996
biotox1997
biotox1998
biotox1999
biotox2
biotox20
biotox2000
biotox2001
biotox2002
biotox2003
biotox2004
biotox2005
biotox2006
biotox2007
biotox2008
biotox2009
biotox2010
biotox2011
biotox2012
biotox2013
biotox2014
biotox2015
biotox2016
biotox2017
biotox2018
biotox2019
biotox2020
biotox21
biotox22
biotox23
biotox24
biotox25
biotox26
biotox27
biotox28
biotox29
biotox3
biotox30
biotox31
biotox32
biotox33
biotox34
biotox35
biotox36
biotox37
biotox38
biotox39
biotox4
biotox40
biotox41
biotox42
biotox43
biotox44
biotox45
biotox46
biotox47
biotox48
biotox49
biotox5
biotox50
biotox51
biotox52
biotox53
biotox54
biotox55
biotox56
biotox57
biotox58
biotox59
biotox6
biotox60
biotox61
biotox62
biotox63
biotox64
biotox65
biotox66
biotox67
biotox68
biotox69
biotox7
biotox70
biotox71
biotox72
biotox73
biotox74
biotox75
biotox76
biotox77
biotox78
biotox79
biotox8
biotox80
biotox81
biotox82
biotox83
biotox84
biotox85
biotox86
biotox87
biotox88
biotox89
biotox9
biotox90
biotox91
biotox92
biotox93
biotox94
biotox95
biotox96
biotox97
biotox98
biotox99
biotox@
biotox@!
biotox@!!
biotox@!$
biotox@!%
biotox@!&
biotox@!'#'
biotox@!*
biotox@!@
biotox@$
biotox@$!
biotox@$$
biotox@$%
biotox@$&
biotox@$'#'
biotox@$*
biotox@$@
biotox@%
biotox@%!
biotox@%$
biotox@%%
biotox@%&
biotox@%'#'
biotox@%*
biotox@%@
biotox@&
biotox@&!
biotox@&$
biotox@&%
biotox@&&
biotox@&'#'
biotox@&*
biotox@&@
biotox@'#'
biotox@'#'!
biotox@'#'$
biotox@'#'%
biotox@'#'&
biotox@'#'*
biotox@'#'@
biotox@*
biotox@*!
biotox@*$
biotox@*%
biotox@*&
biotox@*'#'
biotox@**
biotox@*@
biotox@@
biotox@@!
biotox@@$
biotox@@%
biotox@@&
biotox@@'#'
biotox@@*
biotox@@@
biotox_1990
biotox_1991
biotox_1992
biotox_1993
biotox_1994
biotox_1995
biotox_1996
biotox_1997
biotox_1998
biotox_1999
biotox_2000
biotox_2001
biotox_2002
biotox_2003
biotox_2004
biotox_2005
biotox_2006
biotox_2007
biotox_2008
biotox_2009
biotox_2010
biotox_2011
biotox_2012
biotox_2013
biotox_2014
biotox_2015
biotox_2016
biotox_2017
biotox_2018
biotox_2019
biotox_2020
bu51n355
bu51n355!
bu51n355!!
bu51n355!!!
bu51n355!!$
bu51n355!!%
bu51n355!!&
bu51n355!!*
bu51n355!!@
bu51n355!$
bu51n355!$!
bu51n355!$$
bu51n355!$%
bu51n355!$&
bu51n355!$*
bu51n355!$@
bu51n355!%
bu51n355!%!
bu51n355!%$
bu51n355!%%
bu51n355!%&
bu51n355!%*
bu51n355!%@
bu51n355!&
bu51n355!&!
bu51n355!&$
bu51n355!&%
bu51n355!&&
bu51n355!&*
bu51n355!&@
bu51n355!*
bu51n355!*!
bu51n355!*$
bu51n355!*%
bu51n355!*&
bu51n355!**
bu51n355!*@
bu51n355!@
bu51n355!@!
bu51n355!@$
bu51n355!@%
bu51n355!@&
bu51n355!@*
bu51n355!@@
bu51n355$
bu51n355$!
bu51n355$!!
bu51n355$!$
bu51n355$!%
bu51n355$!&
bu51n355$!*
bu51n355$!@
bu51n355$$
bu51n355$$!
bu51n355$$$
bu51n355$$%
bu51n355$$&
bu51n355$$*
bu51n355$$@
bu51n355$%
bu51n355$%!
bu51n355$%$
bu51n355$%%
bu51n355$%&
bu51n355$%*
bu51n355$%@
bu51n355$&
bu51n355$&!
bu51n355$&$
bu51n355$&%
bu51n355$&&
bu51n355$&*
bu51n355$&@
bu51n355$*
bu51n355$*!
bu51n355$*$
bu51n355$*%
bu51n355$*&
bu51n355$**
bu51n355$*@
bu51n355$@
bu51n355$@!
bu51n355$@$
bu51n355$@%
bu51n355$@&
bu51n355$@*
bu51n355$@@
bu51n355%
bu51n355%!
bu51n355%!!
bu51n355%!$
bu51n355%!%
bu51n355%!&
bu51n355%!*
bu51n355%!@
bu51n355%$
bu51n355%$!
bu51n355%$$
bu51n355%$%
bu51n355%$&
bu51n355%$*
bu51n355%$@
bu51n355%%
bu51n355%%!
bu51n355%%$
bu51n355%%%
bu51n355%%&
bu51n355%%*
bu51n355%%@
bu51n355%&
bu51n355%&!
bu51n355%&$
bu51n355%&%
bu51n355%&&
bu51n355%&*
bu51n355%&@
bu51n355%*
bu51n355%*!
bu51n355%*$
bu51n355%*%
bu51n355%*&
bu51n355%**
bu51n355%*@
bu51n355%@
bu51n355%@!
bu51n355%@$
bu51n355%@%
bu51n355%@&
bu51n355%@*
bu51n355%@@
bu51n355&
bu51n355&!
bu51n355&!!
bu51n355&!$
bu51n355&!%
bu51n355&!&
bu51n355&!*
bu51n355&!@
bu51n355&$
bu51n355&$!
bu51n355&$$
bu51n355&$%
bu51n355&$&
bu51n355&$*
bu51n355&$@
bu51n355&%
bu51n355&%!
bu51n355&%$
bu51n355&%%
bu51n355&%&
bu51n355&%*
bu51n355&%@
bu51n355&&
bu51n355&&!
bu51n355&&$
bu51n355&&%
bu51n355&&&
bu51n355&&*
bu51n355&&@
bu51n355&*
bu51n355&*!
bu51n355&*$
bu51n355&*%
bu51n355&*&
bu51n355&**
bu51n355&*@
bu51n355&@
bu51n355&@!
bu51n355&@$
bu51n355&@%
bu51n355&@&
bu51n355&@*
bu51n355&@@
bu51n355'#'
bu51n355*
bu51n355*!
bu51n355*!!
bu51n355*!$
bu51n355*!%
bu51n355*!&
bu51n355*!*
bu51n355*!@
bu51n355*$
bu51n355*$!
bu51n355*$$
bu51n355*$%
bu51n355*$&
bu51n355*$*
bu51n355*$@
bu51n355*%
bu51n355*%!
bu51n355*%$
bu51n355*%%
bu51n355*%&
bu51n355*%*
bu51n355*%@
bu51n355*&
bu51n355*&!
bu51n355*&$
bu51n355*&%
bu51n355*&&
bu51n355*&*
bu51n355*&@
bu51n355**
bu51n355**!
bu51n355**$
bu51n355**%
bu51n355**&
bu51n355***
bu51n355**@
bu51n355*@
bu51n355*@!
bu51n355*@$
bu51n355*@%
bu51n355*@&
bu51n355*@*
bu51n355*@@
bu51n3550
bu51n355006
bu51n355009
bu51n35501
bu51n355011
bu51n35506
bu51n355066
bu51n355067
bu51n35507
bu51n355076
bu51n355077
bu51n35509
bu51n355091
bu51n3551
bu51n35510
bu51n355101
bu51n355109
bu51n35511
bu51n35512
bu51n35513
bu51n35514
bu51n35515
bu51n35516
bu51n35517
bu51n35518
bu51n355187
bu51n35519
bu51n3552
bu51n35520
bu51n35521
bu51n35522
bu51n35523
bu51n35524
bu51n35525
bu51n35526
bu51n35527
bu51n35528
bu51n35529
bu51n3553
bu51n35530
bu51n35531
bu51n35532
bu51n35533
bu51n35534
bu51n35535
bu51n35536
bu51n35537
bu51n35538
bu51n35539
bu51n3554
bu51n35540
bu51n35541
bu51n35542
bu51n35543
bu51n35544
bu51n35545
bu51n35546
bu51n35547
bu51n35548
bu51n35549
bu51n3555
bu51n35550
bu51n35551
bu51n35552
bu51n35553
bu51n35554
bu51n35555
bu51n35556
bu51n35557
bu51n35558
bu51n35559
bu51n3556
bu51n35560
bu51n355606
bu51n355607
bu51n35561
bu51n35562
bu51n35563
bu51n35564
bu51n35565
bu51n35566
bu51n35567
bu51n35568
bu51n35569
bu51n3557
bu51n35570
bu51n355706
bu51n355707
bu51n35571
bu51n35572
bu51n35573
bu51n35574
bu51n35575
bu51n35576
bu51n35577
bu51n35578
bu51n35579
bu51n3558
bu51n35580
bu51n35581
bu51n35582
bu51n35583
bu51n35584
bu51n35585
bu51n35586
bu51n35587
bu51n355871
bu51n35588
bu51n35589
bu51n3559
bu51n35590
bu51n35591
bu51n35592
bu51n35593
bu51n35594
bu51n35595
bu51n35596
bu51n35597
bu51n35598
bu51n355987
bu51n35599
bu51n355@
bu51n355@!
bu51n355@!!
bu51n355@!$
bu51n355@!%
bu51n355@!&
bu51n355@!*
bu51n355@!@
bu51n355@$
bu51n355@$!
bu51n355@$$
bu51n355@$%
bu51n355@$&
bu51n355@$*
bu51n355@$@
bu51n355@%
bu51n355@%!
bu51n355@%$
bu51n355@%%
bu51n355@%&
bu51n355@%*
bu51n355@%@
bu51n355@&
bu51n355@&!
bu51n355@&$
bu51n355@&%
bu51n355@&&
bu51n355@&*
bu51n355@&@
bu51n355@*
bu51n355@*!
bu51n355@*$
bu51n355@*%
bu51n355@*&
bu51n355@**
bu51n355@*@
bu51n355@@
bu51n355@@!
bu51n355@@$
bu51n355@@%
bu51n355@@&
bu51n355@@*
bu51n355@@@
bu51n355_01
bu51n355_06
bu51n355_07
bu51n355_09
bu51n355_1
bu51n355_6
bu51n355_67
bu51n355_7
bu51n355_76
bu51n355_87
business
business!
business!!
business!!!
business!!$
business!!%
business!!&
business!!*
business!!@
business!$
business!$!
business!$$
business!$%
business!$&
business!$*
business!$@
business!%
business!%!
business!%$
business!%%
business!%&
business!%*
business!%@
business!&
business!&!
business!&$
business!&%
business!&&
business!&*
business!&@
business!*
business!*!
business!*$
business!*%
business!*&
business!**
business!*@
business!@
business!@!
business!@$
business!@%
business!@&
business!@*
business!@@
business$
business$!
business$!!
business$!$
business$!%
business$!&
business$!*
business$!@
business$$
business$$!
business$$$
business$$%
business$$&
business$$*
business$$@
business$%
business$%!
business$%$
business$%%
business$%&
business$%*
business$%@
business$&
business$&!
business$&$
business$&%
business$&&
business$&*
business$&@
business$*
business$*!
business$*$
business$*%
business$*&
business$**
business$*@
business$@
business$@!
business$@$
business$@%
business$@&
business$@*
business$@@
business%
business%!
business%!!
business%!$
business%!%
business%!&
business%!*
business%!@
business%$
business%$!
business%$$
business%$%
business%$&
business%$*
business%$@
business%%
business%%!
business%%$
business%%%
business%%&
business%%*
business%%@
business%&
business%&!
business%&$
business%&%
business%&&
business%&*
business%&@
business%*
business%*!
business%*$
business%*%
business%*&
business%**
business%*@
business%@
business%@!
business%@$
business%@%
business%@&
business%@*
business%@@
business&
business&!
business&!!
business&!$
business&!%
business&!&
business&!*
business&!@
business&$
business&$!
business&$$
business&$%
business&$&
business&$*
business&$@
business&%
business&%!
business&%$
business&%%
business&%&
business&%*
business&%@
business&&
business&&!
business&&$
business&&%
business&&&
business&&*
business&&@
business&*
business&*!
business&*$
business&*%
business&*&
business&**
business&*@
business&@
business&@!
business&@$
business&@%
business&@&
business&@*
business&@@
business'#'
business*
business*!
business*!!
business*!$
business*!%
business*!&
business*!*
business*!@
business*$
business*$!
business*$$
business*$%
business*$&
business*$*
business*$@
business*%
business*%!
business*%$
business*%%
business*%&
business*%*
business*%@
business*&
business*&!
business*&$
business*&%
business*&&
business*&*
business*&@
business**
business**!
business**$
business**%
business**&
business***
business**@
business*@
business*@!
business*@$
business*@%
business*@&
business*@*
business*@@
business0
business006
business009
business01
business011
business06
business066
business067
business07
business076
business077
business09
business091
business1
business10
business101
business109
business11
business12
business13
business14
business15
business16
business17
business18
business187
business19
business2
business20
business21
business22
business23
business24
business25
business26
business27
business28
business29
business3
business30
business31
business32
business33
business34
business35
business36
business37
business38
business39
business4
business40
business41
business42
business43
business44
business45
business46
business47
business48
business49
business5
business50
business51
business52
business53
business54
business55
business56
business57
business58
business59
business6
business60
business606
business607
business61
business62
business63
business64
business65
business66
business67
business68
business69
business7
business70
business706
business707
business71
business72
business73
business74
business75
business76
business77
business78
business79
business8
business80
business81
business82
business83
business84
business85
business86
business87
business871
business88
business89
business9
business90
business91
business92
business93
business94
business95
business96
business97
business98
business987
business99
business@
business@!
business@!!
business@!$
business@!%
business@!&
business@!*
business@!@
business@$
business@$!
business@$$
business@$%
business@$&
business@$*
business@$@
business@%
business@%!
business@%$
business@%%
business@%&
business@%*
business@%@
business@&
business@&!
business@&$
business@&%
business@&&
business@&*
business@&@
business@*
business@*!
business@*$
business@*%
business@*&
business@**
business@*@
business@@
business@@!
business@@$
business@@%
business@@&
business@@*
business@@@
business_01
business_06
business_07
business_09
business_1
business_6
business_67
business_7
business_76
business_87
n1ddum1j4N
n1ddum1j4N!
n1ddum1j4N$
n1ddum1j4N%
n1ddum1j4N&
n1ddum1j4N*
n1ddum1j4N1
n1ddum1j4N@
n1ddum1j4n
n1ddum1j4n!
n1ddum1j4n$
n1ddum1j4n%
n1ddum1j4n&
n1ddum1j4n*
n1ddum1j4n1
n1ddum1j4n@
n4j1mudd1n
n4j1mudd1n!
n4j1mudd1n$
n4j1mudd1n%
n4j1mudd1n&
n4j1mudd1n*
n4j1mudd1n0
n4j1mudd1n1
n4j1mudd1n2
n4j1mudd1n3
n4j1mudd1n4
n4j1mudd1n5
n4j1mudd1n6
n4j1mudd1n7
n4j1mudd1n8
n4j1mudd1n9
n4j1mudd1n@
najimuddin
najimuddin!
najimuddin$
najimuddin%
najimuddin&
najimuddin*
najimuddin0
najimuddin1
najimuddin2
najimuddin3
najimuddin4
najimuddin5
najimuddin6
najimuddin7
najimuddin8
najimuddin9
najimuddin@
niddumijaN
niddumijaN!
niddumijaN$
niddumijaN%
niddumijaN&
niddumijaN*
niddumijaN1
niddumijaN@
niddumijan
niddumijan!
niddumijan$
niddumijan%
niddumijan&
niddumijan*
niddumijan1
niddumijan@
r0ck!!
r0ck!!!
r0ck!!$
r0ck!!%
r0ck!!&
r0ck!!'#'
r0ck!!*
r0ck!!@
r0ck!$
r0ck!$!
r0ck!$$
r0ck!$%
r0ck!$&
r0ck!$'#'
r0ck!$*
r0ck!$@
r0ck!%
r0ck!%!
r0ck!%$
r0ck!%%
r0ck!%&
r0ck!%'#'
r0ck!%*
r0ck!%@
r0ck!&
r0ck!&!
r0ck!&$
r0ck!&%
r0ck!&&
r0ck!&'#'
r0ck!&*
r0ck!&@
r0ck!'#'
r0ck!'#'!
r0ck!'#'$
r0ck!'#'%
r0ck!'#'&
r0ck!'#''#'
r0ck!'#'*
r0ck!'#'@
r0ck!*
r0ck!*!
r0ck!*$
r0ck!*%
r0ck!*&
r0ck!*'#'
r0ck!**
r0ck!*@
r0ck!@
r0ck!@!
r0ck!@$
r0ck!@%
r0ck!@&
r0ck!@'#'
r0ck!@*
r0ck!@@
r0ck$!
r0ck$!!
r0ck$!$
r0ck$!%
r0ck$!&
r0ck$!'#'
r0ck$!*
r0ck$!@
r0ck$$
r0ck$$!
r0ck$$$
r0ck$$%
r0ck$$&
r0ck$$'#'
r0ck$$*
r0ck$$@
r0ck$%
r0ck$%!
r0ck$%$
r0ck$%%
r0ck$%&
r0ck$%'#'
r0ck$%*
r0ck$%@
r0ck$&
r0ck$&!
r0ck$&$
r0ck$&%
r0ck$&&
r0ck$&'#'
r0ck$&*
r0ck$&@
r0ck$'#'
r0ck$'#'!
r0ck$'#'$
r0ck$'#'%
r0ck$'#'&
r0ck$'#''#'
r0ck$'#'*
r0ck$'#'@
r0ck$*
r0ck$*!
r0ck$*$
r0ck$*%
r0ck$*&
r0ck$*'#'
r0ck$**
r0ck$*@
r0ck$@
r0ck$@!
r0ck$@$
r0ck$@%
r0ck$@&
r0ck$@'#'
r0ck$@*
r0ck$@@
r0ck%!
r0ck%!!
r0ck%!$
r0ck%!%
r0ck%!&
r0ck%!'#'
r0ck%!*
r0ck%!@
r0ck%$
r0ck%$!
r0ck%$$
r0ck%$%
r0ck%$&
r0ck%$'#'
r0ck%$*
r0ck%$@
r0ck%%
r0ck%%!
r0ck%%$
r0ck%%%
r0ck%%&
r0ck%%'#'
r0ck%%*
r0ck%%@
r0ck%&
r0ck%&!
r0ck%&$
r0ck%&%
r0ck%&&
r0ck%&'#'
r0ck%&*
r0ck%&@
r0ck%'#'
r0ck%'#'!
r0ck%'#'$
r0ck%'#'%
r0ck%'#'&
r0ck%'#''#'
r0ck%'#'*
r0ck%'#'@
r0ck%*
r0ck%*!
r0ck%*$
r0ck%*%
r0ck%*&
r0ck%*'#'
r0ck%**
r0ck%*@
r0ck%@
r0ck%@!
r0ck%@$
r0ck%@%
r0ck%@&
r0ck%@'#'
r0ck%@*
r0ck%@@
r0ck&!
r0ck&!!
r0ck&!$
r0ck&!%
r0ck&!&
r0ck&!'#'
r0ck&!*
r0ck&!@
r0ck&$
r0ck&$!
r0ck&$$
r0ck&$%
r0ck&$&
r0ck&$'#'
r0ck&$*
r0ck&$@
r0ck&%
r0ck&%!
r0ck&%$
r0ck&%%
r0ck&%&
r0ck&%'#'
r0ck&%*
r0ck&%@
r0ck&&
r0ck&&!
r0ck&&$
r0ck&&%
r0ck&&&
r0ck&&'#'
r0ck&&*
r0ck&&@
r0ck&'#'
r0ck&'#'!
r0ck&'#'$
r0ck&'#'%
r0ck&'#'&
r0ck&'#''#'
r0ck&'#'*
r0ck&'#'@
r0ck&*
r0ck&*!
r0ck&*$
r0ck&*%
r0ck&*&
r0ck&*'#'
r0ck&**
r0ck&*@
r0ck&@
r0ck&@!
r0ck&@$
r0ck&@%
r0ck&@&
r0ck&@'#'
r0ck&@*
r0ck&@@
r0ck'#'
r0ck'#'!
r0ck'#'!!
r0ck'#'!$
r0ck'#'!%
r0ck'#'!&
r0ck'#'!'#'
r0ck'#'!*
r0ck'#'!@
r0ck'#'$
r0ck'#'$!
r0ck'#'$$
r0ck'#'$%
r0ck'#'$&
r0ck'#'$'#'
r0ck'#'$*
r0ck'#'$@
r0ck'#'%
r0ck'#'%!
r0ck'#'%$
r0ck'#'%%
r0ck'#'%&
r0ck'#'%'#'
r0ck'#'%*
r0ck'#'%@
r0ck'#'&
r0ck'#'&!
r0ck'#'&$
r0ck'#'&%
r0ck'#'&&
r0ck'#'&'#'
r0ck'#'&*
r0ck'#'&@
r0ck'#''#'
r0ck'#''#'!
r0ck'#''#'$
r0ck'#''#'%
r0ck'#''#'&
r0ck'#''#'*
r0ck'#''#'@
r0ck'#'*
r0ck'#'*!
r0ck'#'*$
r0ck'#'*%
r0ck'#'*&
r0ck'#'*'#'
r0ck'#'**
r0ck'#'*@
r0ck'#'@
r0ck'#'@!
r0ck'#'@$
r0ck'#'@%
r0ck'#'@&
r0ck'#'@'#'
r0ck'#'@*
r0ck'#'@@
r0ck*!
r0ck*!!
r0ck*!$
r0ck*!%
r0ck*!&
r0ck*!'#'
r0ck*!*
r0ck*!@
r0ck*$
r0ck*$!
r0ck*$$
r0ck*$%
r0ck*$&
r0ck*$'#'
r0ck*$*
r0ck*$@
r0ck*%
r0ck*%!
r0ck*%$
r0ck*%%
r0ck*%&
r0ck*%'#'
r0ck*%*
r0ck*%@
r0ck*&
r0ck*&!
r0ck*&$
r0ck*&%
r0ck*&&
r0ck*&'#'
r0ck*&*
r0ck*&@
r0ck*'#'
r0ck*'#'!
r0ck*'#'$
r0ck*'#'%
r0ck*'#'&
r0ck*'#''#'
r0ck*'#'*
r0ck*'#'@
r0ck**
r0ck**!
r0ck**$
r0ck**%
r0ck**&
r0ck**'#'
r0ck***
r0ck**@
r0ck*@
r0ck*@!
r0ck*@$
r0ck*@%
r0ck*@&
r0ck*@'#'
r0ck*@*
r0ck*@@
r0ck10
r0ck11
r0ck12
r0ck13
r0ck14
r0ck15
r0ck16
r0ck17
r0ck18
r0ck19
r0ck1990
r0ck1991
r0ck1992
r0ck1993
r0ck1994
r0ck1995
r0ck1996
r0ck1997
r0ck1998
r0ck1999
r0ck20
r0ck2000
r0ck2001
r0ck2002
r0ck2003
r0ck2004
r0ck2005
r0ck2006
r0ck2007
r0ck2008
r0ck2009
r0ck2010
r0ck2011
r0ck2012
r0ck2013
r0ck2014
r0ck2015
r0ck2016
r0ck2017
r0ck2018
r0ck2019
r0ck2020
r0ck21
r0ck22
r0ck23
r0ck24
r0ck25
r0ck26
r0ck27
r0ck28
r0ck29
r0ck30
r0ck31
r0ck32
r0ck33
r0ck34
r0ck35
r0ck36
r0ck37
r0ck38
r0ck39
r0ck40
r0ck41
r0ck42
r0ck43
r0ck44
r0ck45
r0ck46
r0ck47
r0ck48
r0ck49
r0ck50
r0ck51
r0ck52
r0ck53
r0ck54
r0ck55
r0ck56
r0ck57
r0ck58
r0ck59
r0ck60
r0ck61
r0ck62
r0ck63
r0ck64
r0ck65
r0ck66
r0ck67
r0ck68
r0ck69
r0ck70
r0ck71
r0ck72
r0ck73
r0ck74
r0ck75
r0ck76
r0ck77
r0ck78
r0ck79
r0ck80
r0ck81
r0ck82
r0ck83
r0ck84
r0ck85
r0ck86
r0ck87
r0ck88
r0ck89
r0ck90
r0ck91
r0ck92
r0ck93
r0ck94
r0ck95
r0ck96
r0ck97
r0ck98
r0ck99
r0ck@!
r0ck@!!
r0ck@!$
r0ck@!%
r0ck@!&
r0ck@!'#'
r0ck@!*
r0ck@!@
r0ck@$
r0ck@$!
r0ck@$$
r0ck@$%
r0ck@$&
r0ck@$'#'
r0ck@$*
r0ck@$@
r0ck@%
r0ck@%!
r0ck@%$
r0ck@%%
r0ck@%&
r0ck@%'#'
r0ck@%*
r0ck@%@
r0ck@&
r0ck@&!
r0ck@&$
r0ck@&%
r0ck@&&
r0ck@&'#'
r0ck@&*
r0ck@&@
r0ck@'#'
r0ck@'#'!
r0ck@'#'$
r0ck@'#'%
r0ck@'#'&
r0ck@'#''#'
r0ck@'#'*
r0ck@'#'@
r0ck@*
r0ck@*!
r0ck@*$
r0ck@*%
r0ck@*&
r0ck@*'#'
r0ck@**
r0ck@*@
r0ck@@
r0ck@@!
r0ck@@$
r0ck@@%
r0ck@@&
r0ck@@'#'
r0ck@@*
r0ck@@@
r0ck_1990
r0ck_1991
r0ck_1992
r0ck_1993
r0ck_1994
r0ck_1995
r0ck_1996
r0ck_1997
r0ck_1998
r0ck_1999
r0ck_2000
r0ck_2001
r0ck_2002
r0ck_2003
r0ck_2004
r0ck_2005
r0ck_2006
r0ck_2007
r0ck_2008
r0ck_2009
r0ck_2010
r0ck_2011
r0ck_2012
r0ck_2013
r0ck_2014
r0ck_2015
r0ck_2016
r0ck_2017
r0ck_2018
r0ck_2019
r0ck_2020
r154Y!
r154Y!!
r154Y!!!
r154Y!!$
r154Y!!%
r154Y!!&
r154Y!!'#'
r154Y!!*
r154Y!!@
r154Y!$
r154Y!$!
r154Y!$$
r154Y!$%
r154Y!$&
r154Y!$'#'
r154Y!$*
r154Y!$@
r154Y!%
r154Y!%!
r154Y!%$
r154Y!%%
r154Y!%&
r154Y!%'#'
r154Y!%*
r154Y!%@
r154Y!&
r154Y!&!
r154Y!&$
r154Y!&%
r154Y!&&
r154Y!&'#'
r154Y!&*
r154Y!&@
r154Y!'#'
r154Y!'#'!
r154Y!'#'$
r154Y!'#'%
r154Y!'#'&
r154Y!'#'*
r154Y!'#'@
r154Y!*
r154Y!*!
r154Y!*$
r154Y!*%
r154Y!*&
r154Y!*'#'
r154Y!**
r154Y!*@
r154Y!@
r154Y!@!
r154Y!@$
r154Y!@%
r154Y!@&
r154Y!@'#'
r154Y!@*
r154Y!@@
r154Y$
r154Y$!
r154Y$!!
r154Y$!$
r154Y$!%
r154Y$!&
r154Y$!'#'
r154Y$!*
r154Y$!@
r154Y$$
r154Y$$!
r154Y$$$
r154Y$$%
r154Y$$&
r154Y$$'#'
r154Y$$*
r154Y$$@
r154Y$%
r154Y$%!
r154Y$%$
r154Y$%%
r154Y$%&
r154Y$%'#'
r154Y$%*
r154Y$%@
r154Y$&
r154Y$&!
r154Y$&$
r154Y$&%
r154Y$&&
r154Y$&'#'
r154Y$&*
r154Y$&@
r154Y$'#'
r154Y$'#'!
r154Y$'#'$
r154Y$'#'%
r154Y$'#'&
r154Y$'#'*
r154Y$'#'@
r154Y$*
r154Y$*!
r154Y$*$
r154Y$*%
r154Y$*&
r154Y$*'#'
r154Y$**
r154Y$*@
r154Y$@
r154Y$@!
r154Y$@$
r154Y$@%
r154Y$@&
r154Y$@'#'
r154Y$@*
r154Y$@@
r154Y%
r154Y%!
r154Y%!!
r154Y%!$
r154Y%!%
r154Y%!&
r154Y%!'#'
r154Y%!*
r154Y%!@
r154Y%$
r154Y%$!
r154Y%$$
r154Y%$%
r154Y%$&
r154Y%$'#'
r154Y%$*
r154Y%$@
r154Y%%
r154Y%%!
r154Y%%$
r154Y%%%
r154Y%%&
r154Y%%'#'
r154Y%%*
r154Y%%@
r154Y%&
r154Y%&!
r154Y%&$
r154Y%&%
r154Y%&&
r154Y%&'#'
r154Y%&*
r154Y%&@
r154Y%'#'
r154Y%'#'!
r154Y%'#'$
r154Y%'#'%
r154Y%'#'&
r154Y%'#'*
r154Y%'#'@
r154Y%*
r154Y%*!
r154Y%*$
r154Y%*%
r154Y%*&
r154Y%*'#'
r154Y%**
r154Y%*@
r154Y%@
r154Y%@!
r154Y%@$
r154Y%@%
r154Y%@&
r154Y%@'#'
r154Y%@*
r154Y%@@
r154Y&
r154Y&!
r154Y&!!
r154Y&!$
r154Y&!%
r154Y&!&
r154Y&!'#'
r154Y&!*
r154Y&!@
r154Y&$
r154Y&$!
r154Y&$$
r154Y&$%
r154Y&$&
r154Y&$'#'
r154Y&$*
r154Y&$@
r154Y&%
r154Y&%!
r154Y&%$
r154Y&%%
r154Y&%&
r154Y&%'#'
r154Y&%*
r154Y&%@
r154Y&&
r154Y&&!
r154Y&&$
r154Y&&%
r154Y&&&
r154Y&&'#'
r154Y&&*
r154Y&&@
r154Y&'#'
r154Y&'#'!
r154Y&'#'$
r154Y&'#'%
r154Y&'#'&
r154Y&'#'*
r154Y&'#'@
r154Y&*
r154Y&*!
r154Y&*$
r154Y&*%
r154Y&*&
r154Y&*'#'
r154Y&**
r154Y&*@
r154Y&@
r154Y&@!
r154Y&@$
r154Y&@%
r154Y&@&
r154Y&@'#'
r154Y&@*
r154Y&@@
r154Y'#'
r154Y'#'!
r154Y'#'!!
r154Y'#'!$
r154Y'#'!%
r154Y'#'!&
r154Y'#'!*
r154Y'#'!@
r154Y'#'$
r154Y'#'$!
r154Y'#'$$
r154Y'#'$%
r154Y'#'$&
r154Y'#'$*
r154Y'#'$@
r154Y'#'%
r154Y'#'%!
r154Y'#'%$
r154Y'#'%%
r154Y'#'%&
r154Y'#'%*
r154Y'#'%@
r154Y'#'&
r154Y'#'&!
r154Y'#'&$
r154Y'#'&%
r154Y'#'&&
r154Y'#'&*
r154Y'#'&@
r154Y'#''#'
r154Y'#'*
r154Y'#'*!
r154Y'#'*$
r154Y'#'*%
r154Y'#'*&
r154Y'#'**
r154Y'#'*@
r154Y'#'@
r154Y'#'@!
r154Y'#'@$
r154Y'#'@%
r154Y'#'@&
r154Y'#'@*
r154Y'#'@@
r154Y*
r154Y*!
r154Y*!!
r154Y*!$
r154Y*!%
r154Y*!&
r154Y*!'#'
r154Y*!*
r154Y*!@
r154Y*$
r154Y*$!
r154Y*$$
r154Y*$%
r154Y*$&
r154Y*$'#'
r154Y*$*
r154Y*$@
r154Y*%
r154Y*%!
r154Y*%$
r154Y*%%
r154Y*%&
r154Y*%'#'
r154Y*%*
r154Y*%@
r154Y*&
r154Y*&!
r154Y*&$
r154Y*&%
r154Y*&&
r154Y*&'#'
r154Y*&*
r154Y*&@
r154Y*'#'
r154Y*'#'!
r154Y*'#'$
r154Y*'#'%
r154Y*'#'&
r154Y*'#'*
r154Y*'#'@
r154Y**
r154Y**!
r154Y**$
r154Y**%
r154Y**&
r154Y**'#'
r154Y***
r154Y**@
r154Y*@
r154Y*@!
r154Y*@$
r154Y*@%
r154Y*@&
r154Y*@'#'
r154Y*@*
r154Y*@@
r154Y006
r154Y00606
r154Y006066
r154Y006067
r154Y00607
r154Y006076
r154Y006077
r154Y0066
r154Y006606
r154Y006607
r154Y00667
r154Y0067
r154Y006706
r154Y006707
r154Y00676
r154Y06
r154Y06006
r154Y060066
r154Y060067
r154Y0607
r154Y06076
r154Y06077
r154Y062006
r154Y066
r154Y066006
r154Y06607
r154Y0667
r154Y067
r154Y067006
r154Y06707
r154Y0676
r154Y07
r154Y07006
r154Y070066
r154Y070067
r154Y0706
r154Y07066
r154Y07067
r154Y072006
r154Y076
r154Y076006
r154Y07606
r154Y0767
r154Y077
r154Y077006
r154Y07706
r154Y0776
r154Y1990
r154Y1991
r154Y1992
r154Y1993
r154Y1994
r154Y1995
r154Y1996
r154Y1997
r154Y1998
r154Y1999
r154Y2000
r154Y2001
r154Y2002
r154Y2003
r154Y2004
r154Y2005
r154Y2006
r154Y200606
r154Y200607
r154Y20066
r154Y200667
r154Y20067
r154Y200676
r154Y2007
r154Y2008
r154Y2009
r154Y2010
r154Y2011
r154Y2012
r154Y2013
r154Y2014
r154Y2015
r154Y2016
r154Y2017
r154Y2018
r154Y2019
r154Y2020
r154Y6
r154Y6006
r154Y600606
r154Y600607
r154Y60067
r154Y606
r154Y606006
r154Y60607
r154Y6067
r154Y607
r154Y607006
r154Y60706
r154Y6077
r154Y62006
r154Y620067
r154Y67
r154Y67006
r154Y6706
r154Y6707
r154Y672006
r154Y7
r154Y7006
r154Y700606
r154Y700607
r154Y70066
r154Y706
r154Y706006
r154Y70607
r154Y7066
r154Y707
r154Y707006
r154Y70706
r154Y7076
r154Y72006
r154Y720066
r154Y76
r154Y76006
r154Y7606
r154Y7607
r154Y762006
r154Y@
r154Y@!
r154Y@!!
r154Y@!$
r154Y@!%
r154Y@!&
r154Y@!'#'
r154Y@!*
r154Y@!@
r154Y@$
r154Y@$!
r154Y@$$
r154Y@$%
r154Y@$&
r154Y@$'#'
r154Y@$*
r154Y@$@
r154Y@%
r154Y@%!
r154Y@%$
r154Y@%%
r154Y@%&
r154Y@%'#'
r154Y@%*
r154Y@%@
r154Y@&
r154Y@&!
r154Y@&$
r154Y@&%
r154Y@&&
r154Y@&'#'
r154Y@&*
r154Y@&@
r154Y@'#'
r154Y@'#'!
r154Y@'#'$
r154Y@'#'%
r154Y@'#'&
r154Y@'#'*
r154Y@'#'@
r154Y@*
r154Y@*!
r154Y@*$
r154Y@*%
r154Y@*&
r154Y@*'#'
r154Y@**
r154Y@*@
r154Y@@
r154Y@@!
r154Y@@$
r154Y@@%
r154Y@@&
r154Y@@'#'
r154Y@@*
r154Y@@@
r154Y_006
r154Y_00606
r154Y_00607
r154Y_0066
r154Y_00667
r154Y_0067
r154Y_00676
r154Y_06
r154Y_06006
r154Y_0607
r154Y_06076
r154Y_06077
r154Y_066
r154Y_06607
r154Y_0667
r154Y_067
r154Y_06707
r154Y_0676
r154Y_07
r154Y_07006
r154Y_0706
r154Y_07066
r154Y_07067
r154Y_076
r154Y_07606
r154Y_0767
r154Y_077
r154Y_07706
r154Y_0776
r154Y_1990
r154Y_1991
r154Y_1992
r154Y_1993
r154Y_1994
r154Y_1995
r154Y_1996
r154Y_1997
r154Y_1998
r154Y_1999
r154Y_2000
r154Y_2001
r154Y_2002
r154Y_2003
r154Y_2004
r154Y_2005
r154Y_2006
r154Y_20066
r154Y_20067
r154Y_2007
r154Y_2008
r154Y_2009
r154Y_2010
r154Y_2011
r154Y_2012
r154Y_2013
r154Y_2014
r154Y_2015
r154Y_2016
r154Y_2017
r154Y_2018
r154Y_2019
r154Y_2020
r154Y_6
r154Y_6006
r154Y_60067
r154Y_606
r154Y_60607
r154Y_6067
r154Y_607
r154Y_60706
r154Y_6077
r154Y_62006
r154Y_67
r154Y_67006
r154Y_6706
r154Y_6707
r154Y_7
r154Y_7006
r154Y_70066
r154Y_706
r154Y_70607
r154Y_7066
r154Y_707
r154Y_70706
r154Y_7076
r154Y_72006
r154Y_76
r154Y_76006
r154Y_7606
r154Y_7607
r154y!
r154y!!
r154y!!!
r154y!!$
r154y!!%
r154y!!&
r154y!!'#'
r154y!!*
r154y!!@
r154y!$
r154y!$!
r154y!$$
r154y!$%
r154y!$&
r154y!$'#'
r154y!$*
r154y!$@
r154y!%
r154y!%!
r154y!%$
r154y!%%
r154y!%&
r154y!%'#'
r154y!%*
r154y!%@
r154y!&
r154y!&!
r154y!&$
r154y!&%
r154y!&&
r154y!&'#'
r154y!&*
r154y!&@
r154y!'#'
r154y!'#'!
r154y!'#'$
r154y!'#'%
r154y!'#'&
r154y!'#'*
r154y!'#'@
r154y!*
r154y!*!
r154y!*$
r154y!*%
r154y!*&
r154y!*'#'
r154y!**
r154y!*@
r154y!@
r154y!@!
r154y!@$
r154y!@%
r154y!@&
r154y!@'#'
r154y!@*
r154y!@@
r154y$
r154y$!
r154y$!!
r154y$!$
r154y$!%
r154y$!&
r154y$!'#'
r154y$!*
r154y$!@
r154y$$
r154y$$!
r154y$$$
r154y$$%
r154y$$&
r154y$$'#'
r154y$$*
r154y$$@
r154y$%
r154y$%!
r154y$%$
r154y$%%
r154y$%&
r154y$%'#'
r154y$%*
r154y$%@
r154y$&
r154y$&!
r154y$&$
r154y$&%
r154y$&&
r154y$&'#'
r154y$&*
r154y$&@
r154y$'#'
r154y$'#'!
r154y$'#'$
r154y$'#'%
r154y$'#'&
r154y$'#'*
r154y$'#'@
r154y$*
r154y$*!
r154y$*$
r154y$*%
r154y$*&
r154y$*'#'
r154y$**
r154y$*@
r154y$@
r154y$@!
r154y$@$
r154y$@%
r154y$@&
r154y$@'#'
r154y$@*
r154y$@@
r154y%
r154y%!
r154y%!!
r154y%!$
r154y%!%
r154y%!&
r154y%!'#'
r154y%!*
r154y%!@
r154y%$
r154y%$!
r154y%$$
r154y%$%
r154y%$&
r154y%$'#'
r154y%$*
r154y%$@
r154y%%
r154y%%!
r154y%%$
r154y%%%
r154y%%&
r154y%%'#'
r154y%%*
r154y%%@
r154y%&
r154y%&!
r154y%&$
r154y%&%
r154y%&&
r154y%&'#'
r154y%&*
r154y%&@
r154y%'#'
r154y%'#'!
r154y%'#'$
r154y%'#'%
r154y%'#'&
r154y%'#'*
r154y%'#'@
r154y%*
r154y%*!
r154y%*$
r154y%*%
r154y%*&
r154y%*'#'
r154y%**
r154y%*@
r154y%@
r154y%@!
r154y%@$
r154y%@%
r154y%@&
r154y%@'#'
r154y%@*
r154y%@@
r154y&
r154y&!
r154y&!!
r154y&!$
r154y&!%
r154y&!&
r154y&!'#'
r154y&!*
r154y&!@
r154y&$
r154y&$!
r154y&$$
r154y&$%
r154y&$&
r154y&$'#'
r154y&$*
r154y&$@
r154y&%
r154y&%!
r154y&%$
r154y&%%
r154y&%&
r154y&%'#'
r154y&%*
r154y&%@
r154y&&
r154y&&!
r154y&&$
r154y&&%
r154y&&&
r154y&&'#'
r154y&&*
r154y&&@
r154y&'#'
r154y&'#'!
r154y&'#'$
r154y&'#'%
r154y&'#'&
r154y&'#'*
r154y&'#'@
r154y&*
r154y&*!
r154y&*$
r154y&*%
r154y&*&
r154y&*'#'
r154y&**
r154y&*@
r154y&@
r154y&@!
r154y&@$
r154y&@%
r154y&@&
r154y&@'#'
r154y&@*
r154y&@@
r154y'#'
r154y'#'!
r154y'#'!!
r154y'#'!$
r154y'#'!%
r154y'#'!&
r154y'#'!*
r154y'#'!@
r154y'#'$
r154y'#'$!
r154y'#'$$
r154y'#'$%
r154y'#'$&
r154y'#'$*
r154y'#'$@
r154y'#'%
r154y'#'%!
r154y'#'%$
r154y'#'%%
r154y'#'%&
r154y'#'%*
r154y'#'%@
r154y'#'&
r154y'#'&!
r154y'#'&$
r154y'#'&%
r154y'#'&&
r154y'#'&*
r154y'#'&@
r154y'#''#'
r154y'#'*
r154y'#'*!
r154y'#'*$
r154y'#'*%
r154y'#'*&
r154y'#'**
r154y'#'*@
r154y'#'@
r154y'#'@!
r154y'#'@$
r154y'#'@%
r154y'#'@&
r154y'#'@*
r154y'#'@@
r154y*
r154y*!
r154y*!!
r154y*!$
r154y*!%
r154y*!&
r154y*!'#'
r154y*!*
r154y*!@
r154y*$
r154y*$!
r154y*$$
r154y*$%
r154y*$&
r154y*$'#'
r154y*$*
r154y*$@
r154y*%
r154y*%!
r154y*%$
r154y*%%
r154y*%&
r154y*%'#'
r154y*%*
r154y*%@
r154y*&
r154y*&!
r154y*&$
r154y*&%
r154y*&&
r154y*&'#'
r154y*&*
r154y*&@
r154y*'#'
r154y*'#'!
r154y*'#'$
r154y*'#'%
r154y*'#'&
r154y*'#'*
r154y*'#'@
r154y**
r154y**!
r154y**$
r154y**%
r154y**&
r154y**'#'
r154y***
r154y**@
r154y*@
r154y*@!
r154y*@$
r154y*@%
r154y*@&
r154y*@'#'
r154y*@*
r154y*@@
r154y006
r154y00606
r154y006066
r154y006067
r154y00607
r154y006076
r154y006077
r154y0066
r154y006606
r154y006607
r154y00667
r154y0067
r154y006706
r154y006707
r154y00676
r154y06
r154y06006
r154y060066
r154y060067
r154y0607
r154y06076
r154y06077
r154y062006
r154y066
r154y066006
r154y06607
r154y0667
r154y067
r154y067006
r154y06707
r154y0676
r154y07
r154y07006
r154y070066
r154y070067
r154y0706
r154y07066
r154y07067
r154y072006
r154y076
r154y076006
r154y07606
r154y0767
r154y077
r154y077006
r154y07706
r154y0776
r154y1990
r154y1991
r154y1992
r154y1993
r154y1994
r154y1995
r154y1996
r154y1997
r154y1998
r154y1999
r154y2000
r154y2001
r154y2002
r154y2003
r154y2004
r154y2005
r154y2006
r154y200606
r154y200607
r154y20066
r154y200667
r154y20067
r154y200676
r154y2007
r154y2008
r154y2009
r154y2010
r154y2011
r154y2012
r154y2013
r154y2014
r154y2015
r154y2016
r154y2017
r154y2018
r154y2019
r154y2020
r154y6
r154y6006
r154y600606
r154y600607
r154y60067
r154y606
r154y606006
r154y60607
r154y6067
r154y607
r154y607006
r154y60706
r154y6077
r154y62006
r154y620067
r154y67
r154y67006
r154y6706
r154y6707
r154y672006
r154y7
r154y7006
r154y700606
r154y700607
r154y70066
r154y706
r154y706006
r154y70607
r154y7066
r154y707
r154y707006
r154y70706
r154y7076
r154y72006
r154y720066
r154y76
r154y76006
r154y7606
r154y7607
r154y762006
r154y@
r154y@!
r154y@!!
r154y@!$
r154y@!%
r154y@!&
r154y@!'#'
r154y@!*
r154y@!@
r154y@$
r154y@$!
r154y@$$
r154y@$%
r154y@$&
r154y@$'#'
r154y@$*
r154y@$@
r154y@%
r154y@%!
r154y@%$
r154y@%%
r154y@%&
r154y@%'#'
r154y@%*
r154y@%@
r154y@&
r154y@&!
r154y@&$
r154y@&%
r154y@&&
r154y@&'#'
r154y@&*
r154y@&@
r154y@'#'
r154y@'#'!
r154y@'#'$
r154y@'#'%
r154y@'#'&
r154y@'#'*
r154y@'#'@
r154y@*
r154y@*!
r154y@*$
r154y@*%
r154y@*&
r154y@*'#'
r154y@**
r154y@*@
r154y@@
r154y@@!
r154y@@$
r154y@@%
r154y@@&
r154y@@'#'
r154y@@*
r154y@@@
r154y_006
r154y_00606
r154y_00607
r154y_0066
r154y_00667
r154y_0067
r154y_00676
r154y_06
r154y_06006
r154y_0607
r154y_06076
r154y_06077
r154y_066
r154y_06607
r154y_0667
r154y_067
r154y_06707
r154y_0676
r154y_07
r154y_07006
r154y_0706
r154y_07066
r154y_07067
r154y_076
r154y_07606
r154y_0767
r154y_077
r154y_07706
r154y_0776
r154y_1990
r154y_1991
r154y_1992
r154y_1993
r154y_1994
r154y_1995
r154y_1996
r154y_1997
r154y_1998
r154y_1999
r154y_2000
r154y_2001
r154y_2002
r154y_2003
r154y_2004
r154y_2005
r154y_2006
r154y_20066
r154y_20067
r154y_2007
r154y_2008
r154y_2009
r154y_2010
r154y_2011
r154y_2012
r154y_2013
r154y_2014
r154y_2015
r154y_2016
r154y_2017
r154y_2018
r154y_2019
r154y_2020
r154y_6
r154y_6006
r154y_60067
r154y_606
r154y_60607
r154y_6067
r154y_607
r154y_60706
r154y_6077
r154y_62006
r154y_67
r154y_67006
r154y_6706
r154y_6707
r154y_7
r154y_7006
r154y_70066
r154y_706
r154y_70607
r154y_7066
r154y_707
r154y_70706
r154y_7076
r154y_72006
r154y_76
r154y_76006
r154y_7606
r154y_7607
r4n4!!
r4n4!!!
r4n4!!$
r4n4!!%
r4n4!!&
r4n4!!'#'
r4n4!!*
r4n4!!@
r4n4!$
r4n4!$!
r4n4!$$
r4n4!$%
r4n4!$&
r4n4!$'#'
r4n4!$*
r4n4!$@
r4n4!%
r4n4!%!
r4n4!%$
r4n4!%%
r4n4!%&
r4n4!%'#'
r4n4!%*
r4n4!%@
r4n4!&
r4n4!&!
r4n4!&$
r4n4!&%
r4n4!&&
r4n4!&'#'
r4n4!&*
r4n4!&@
r4n4!'#'
r4n4!'#'!
r4n4!'#'$
r4n4!'#'%
r4n4!'#'&
r4n4!'#''#'
r4n4!'#'*
r4n4!'#'@
r4n4!*
r4n4!*!
r4n4!*$
r4n4!*%
r4n4!*&
r4n4!*'#'
r4n4!**
r4n4!*@
r4n4!@
r4n4!@!
r4n4!@$
r4n4!@%
r4n4!@&
r4n4!@'#'
r4n4!@*
r4n4!@@
r4n4$!
r4n4$!!
r4n4$!$
r4n4$!%
r4n4$!&
r4n4$!'#'
r4n4$!*
r4n4$!@
r4n4$$
r4n4$$!
r4n4$$$
r4n4$$%
r4n4$$&
r4n4$$'#'
r4n4$$*
r4n4$$@
r4n4$%
r4n4$%!
r4n4$%$
r4n4$%%
r4n4$%&
r4n4$%'#'
r4n4$%*
r4n4$%@
r4n4$&
r4n4$&!
r4n4$&$
r4n4$&%
r4n4$&&
r4n4$&'#'
r4n4$&*
r4n4$&@
r4n4$'#'
r4n4$'#'!
r4n4$'#'$
r4n4$'#'%
r4n4$'#'&
r4n4$'#''#'
r4n4$'#'*
r4n4$'#'@
r4n4$*
r4n4$*!
r4n4$*$
r4n4$*%
r4n4$*&
r4n4$*'#'
r4n4$**
r4n4$*@
r4n4$@
r4n4$@!
r4n4$@$
r4n4$@%
r4n4$@&
r4n4$@'#'
r4n4$@*
r4n4$@@
r4n4%!
r4n4%!!
r4n4%!$
r4n4%!%
r4n4%!&
r4n4%!'#'
r4n4%!*
r4n4%!@
r4n4%$
r4n4%$!
r4n4%$$
r4n4%$%
r4n4%$&
r4n4%$'#'
r4n4%$*
r4n4%$@
r4n4%%
r4n4%%!
r4n4%%$
r4n4%%%
r4n4%%&
r4n4%%'#'
r4n4%%*
r4n4%%@
r4n4%&
r4n4%&!
r4n4%&$
r4n4%&%
r4n4%&&
r4n4%&'#'
r4n4%&*
r4n4%&@
r4n4%'#'
r4n4%'#'!
r4n4%'#'$
r4n4%'#'%
r4n4%'#'&
r4n4%'#''#'
r4n4%'#'*
r4n4%'#'@
r4n4%*
r4n4%*!
r4n4%*$
r4n4%*%
r4n4%*&
r4n4%*'#'
r4n4%**
r4n4%*@
r4n4%@
r4n4%@!
r4n4%@$
r4n4%@%
r4n4%@&
r4n4%@'#'
r4n4%@*
r4n4%@@
r4n4&!
r4n4&!!
r4n4&!$
r4n4&!%
r4n4&!&
r4n4&!'#'
r4n4&!*
r4n4&!@
r4n4&$
r4n4&$!
r4n4&$$
r4n4&$%
r4n4&$&
r4n4&$'#'
r4n4&$*
r4n4&$@
r4n4&%
r4n4&%!
r4n4&%$
r4n4&%%
r4n4&%&
r4n4&%'#'
r4n4&%*
r4n4&%@
r4n4&&
r4n4&&!
r4n4&&$
r4n4&&%
r4n4&&&
r4n4&&'#'
r4n4&&*
r4n4&&@
r4n4&'#'
r4n4&'#'!
r4n4&'#'$
r4n4&'#'%
r4n4&'#'&
r4n4&'#''#'
r4n4&'#'*
r4n4&'#'@
r4n4&*
r4n4&*!
r4n4&*$
r4n4&*%
r4n4&*&
r4n4&*'#'
r4n4&**
r4n4&*@
r4n4&@
r4n4&@!
r4n4&@$
r4n4&@%
r4n4&@&
r4n4&@'#'
r4n4&@*
r4n4&@@
r4n4'#'
r4n4'#'!
r4n4'#'!!
r4n4'#'!$
r4n4'#'!%
r4n4'#'!&
r4n4'#'!'#'
r4n4'#'!*
r4n4'#'!@
r4n4'#'$
r4n4'#'$!
r4n4'#'$$
r4n4'#'$%
r4n4'#'$&
r4n4'#'$'#'
r4n4'#'$*
r4n4'#'$@
r4n4'#'%
r4n4'#'%!
r4n4'#'%$
r4n4'#'%%
r4n4'#'%&
r4n4'#'%'#'
r4n4'#'%*
r4n4'#'%@
r4n4'#'&
r4n4'#'&!
r4n4'#'&$
r4n4'#'&%
r4n4'#'&&
r4n4'#'&'#'
r4n4'#'&*
r4n4'#'&@
r4n4'#''#'
r4n4'#''#'!
r4n4'#''#'$
r4n4'#''#'%
r4n4'#''#'&
r4n4'#''#'*
r4n4'#''#'@
r4n4'#'*
r4n4'#'*!
r4n4'#'*$
r4n4'#'*%
r4n4'#'*&
r4n4'#'*'#'
r4n4'#'**
r4n4'#'*@
r4n4'#'@
r4n4'#'@!
r4n4'#'@$
r4n4'#'@%
r4n4'#'@&
r4n4'#'@'#'
r4n4'#'@*
r4n4'#'@@
r4n4*!
r4n4*!!
r4n4*!$
r4n4*!%
r4n4*!&
r4n4*!'#'
r4n4*!*
r4n4*!@
r4n4*$
r4n4*$!
r4n4*$$
r4n4*$%
r4n4*$&
r4n4*$'#'
r4n4*$*
r4n4*$@
r4n4*%
r4n4*%!
r4n4*%$
r4n4*%%
r4n4*%&
r4n4*%'#'
r4n4*%*
r4n4*%@
r4n4*&
r4n4*&!
r4n4*&$
r4n4*&%
r4n4*&&
r4n4*&'#'
r4n4*&*
r4n4*&@
r4n4*'#'
r4n4*'#'!
r4n4*'#'$
r4n4*'#'%
r4n4*'#'&
r4n4*'#''#'
r4n4*'#'*
r4n4*'#'@
r4n4**
r4n4**!
r4n4**$
r4n4**%
r4n4**&
r4n4**'#'
r4n4***
r4n4**@
r4n4*@
r4n4*@!
r4n4*@$
r4n4*@%
r4n4*@&
r4n4*@'#'
r4n4*@*
r4n4*@@
r4n4006
r4n400606
r4n40060607
r4n4006066
r4n4006067
r4n400607
r4n40060706
r4n4006076
r4n4006077
r4n40062006
r4n40066
r4n4006606
r4n4006607
r4n400667
r4n40067
r4n4006706
r4n4006707
r4n400676
r4n4009
r4n400901
r4n40090109
r4n4009011
r4n400909
r4n40090901
r4n4009091
r4n40091
r4n4009101
r4n4009109
r4n40092009
r4n401
r4n401009
r4n40100909
r4n4010091
r4n40109
r4n40109009
r4n401091
r4n4011
r4n4011009
r4n401109
r4n40111987
r4n40112009
r4n401187
r4n4011987
r4n40119871
r4n4012009
r4n40120091
r4n40187
r4n401871
r4n40187987
r4n401987
r4n4019871
r4n40198787
r4n406
r4n406006
r4n40600607
r4n4060066
r4n4060067
r4n40607
r4n40607006
r4n406076
r4n406077
r4n4062006
r4n40620066
r4n40620067
r4n4066
r4n4066006
r4n406607
r4n40662006
r4n40667
r4n4067
r4n4067006
r4n406707
r4n40672006
r4n40676
r4n407
r4n407006
r4n40700606
r4n4070066
r4n4070067
r4n40706
r4n40706006
r4n407066
r4n407067
r4n4072006
r4n40720066
r4n40720067
r4n4076
r4n4076006
r4n407606
r4n40762006
r4n40767
r4n4077
r4n4077006
r4n407706
r4n40772006
r4n40776
r4n409
r4n409009
r4n40900901
r4n4090091
r4n40901
r4n40901009
r4n409011
r4n4091
r4n4091009
r4n409101
r4n40912009
r4n4092009
r4n40920091
r4n410
r4n41009
r4n4100901
r4n4100909
r4n4101
r4n4101009
r4n410109
r4n41011987
r4n41012009
r4n410187
r4n4101987
r4n4109
r4n4109009
r4n410901
r4n41092009
r4n411
r4n411987
r4n41198701
r4n41198787
r4n412
r4n412009
r4n41200901
r4n41200909
r4n413
r4n414
r4n415
r4n416
r4n417
r4n418
r4n4187
r4n418701
r4n41871987
r4n4187987
r4n419
r4n41987
r4n4198701
r4n41987011
r4n419871
r4n41987101
r4n41987187
r4n4198787
r4n41987871
r4n41987987
r4n41990
r4n41991
r4n41992
r4n41993
r4n41994
r4n41995
r4n41996
r4n41997
r4n41998
r4n41999
r4n420
r4n42000
r4n42001
r4n42002
r4n42003
r4n42004
r4n42005
r4n42006
r4n42006006
r4n4200606
r4n42006066
r4n42006067
r4n4200607
r4n42006076
r4n42006077
r4n420066
r4n42006606
r4n42006607
r4n4200667
r4n420067
r4n42006706
r4n42006707
r4n4200676
r4n42007
r4n42008
r4n42009
r4n42009009
r4n4200901
r4n42009011
r4n4200909
r4n42009091
r4n420091
r4n42009101
r4n42009109
r4n42010
r4n42011
r4n42012
r4n42013
r4n42014
r4n42015
r4n42016
r4n42017
r4n42018
r4n42019
r4n42020
r4n421
r4n422
r4n423
r4n424
r4n425
r4n426
r4n427
r4n428
r4n429
r4n430
r4n431
r4n432
r4n433
r4n434
r4n435
r4n436
r4n437
r4n438
r4n439
r4n440
r4n441
r4n442
r4n443
r4n444
r4n445
r4n446
r4n447
r4n448
r4n449
r4n450
r4n451
r4n452
r4n453
r4n454
r4n455
r4n456
r4n457
r4n458
r4n459
r4n45k
r4n45k!
r4n45k!!
r4n45k!!!
r4n45k!!$
r4n45k!!%
r4n45k!!&
r4n45k!!'#'
r4n45k!!*
r4n45k!!@
r4n45k!$
r4n45k!$!
r4n45k!$$
r4n45k!$%
r4n45k!$&
r4n45k!$'#'
r4n45k!$*
r4n45k!$@
r4n45k!%
r4n45k!%!
r4n45k!%$
r4n45k!%%
r4n45k!%&
r4n45k!%'#'
r4n45k!%*
r4n45k!%@
r4n45k!&
r4n45k!&!
r4n45k!&$
r4n45k!&%
r4n45k!&&
r4n45k!&'#'
r4n45k!&*
r4n45k!&@
r4n45k!'#'
r4n45k!'#'!
r4n45k!'#'$
r4n45k!'#'%
r4n45k!'#'&
r4n45k!'#'*
r4n45k!'#'@
r4n45k!*
r4n45k!*!
r4n45k!*$
r4n45k!*%
r4n45k!*&
r4n45k!*'#'
r4n45k!**
r4n45k!*@
r4n45k!@
r4n45k!@!
r4n45k!@$
r4n45k!@%
r4n45k!@&
r4n45k!@'#'
r4n45k!@*
r4n45k!@@
r4n45k$
r4n45k$!
r4n45k$!!
r4n45k$!$
r4n45k$!%
r4n45k$!&
r4n45k$!'#'
r4n45k$!*
r4n45k$!@
r4n45k$$
r4n45k$$!
r4n45k$$$
r4n45k$$%
r4n45k$$&
r4n45k$$'#'
r4n45k$$*
r4n45k$$@
r4n45k$%
r4n45k$%!
r4n45k$%$
r4n45k$%%
r4n45k$%&
r4n45k$%'#'
r4n45k$%*
r4n45k$%@
r4n45k$&
r4n45k$&!
r4n45k$&$
r4n45k$&%
r4n45k$&&
r4n45k$&'#'
r4n45k$&*
r4n45k$&@
r4n45k$'#'
r4n45k$'#'!
r4n45k$'#'$
r4n45k$'#'%
r4n45k$'#'&
r4n45k$'#'*
r4n45k$'#'@
r4n45k$*
r4n45k$*!
r4n45k$*$
r4n45k$*%
r4n45k$*&
r4n45k$*'#'
r4n45k$**
r4n45k$*@
r4n45k$@
r4n45k$@!
r4n45k$@$
r4n45k$@%
r4n45k$@&
r4n45k$@'#'
r4n45k$@*
r4n45k$@@
r4n45k%
r4n45k%!
r4n45k%!!
r4n45k%!$
r4n45k%!%
r4n45k%!&
r4n45k%!'#'
r4n45k%!*
r4n45k%!@
r4n45k%$
r4n45k%$!
r4n45k%$$
r4n45k%$%
r4n45k%$&
r4n45k%$'#'
r4n45k%$*
r4n45k%$@
r4n45k%%
r4n45k%%!
r4n45k%%$
r4n45k%%%
r4n45k%%&
r4n45k%%'#'
r4n45k%%*
r4n45k%%@
r4n45k%&
r4n45k%&!
r4n45k%&$
r4n45k%&%
r4n45k%&&
r4n45k%&'#'
r4n45k%&*
r4n45k%&@
r4n45k%'#'
r4n45k%'#'!
r4n45k%'#'$
r4n45k%'#'%
r4n45k%'#'&
r4n45k%'#'*
r4n45k%'#'@
r4n45k%*
r4n45k%*!
r4n45k%*$
r4n45k%*%
r4n45k%*&
r4n45k%*'#'
r4n45k%**
r4n45k%*@
r4n45k%@
r4n45k%@!
r4n45k%@$
r4n45k%@%
r4n45k%@&
r4n45k%@'#'
r4n45k%@*
r4n45k%@@
r4n45k&
r4n45k&!
r4n45k&!!
r4n45k&!$
r4n45k&!%
r4n45k&!&
r4n45k&!'#'
r4n45k&!*
r4n45k&!@
r4n45k&$
r4n45k&$!
r4n45k&$$
r4n45k&$%
r4n45k&$&
r4n45k&$'#'
r4n45k&$*
r4n45k&$@
r4n45k&%
r4n45k&%!
r4n45k&%$
r4n45k&%%
r4n45k&%&
r4n45k&%'#'
r4n45k&%*
r4n45k&%@
r4n45k&&
r4n45k&&!
r4n45k&&$
r4n45k&&%
r4n45k&&&
r4n45k&&'#'
r4n45k&&*
r4n45k&&@
r4n45k&'#'
r4n45k&'#'!
r4n45k&'#'$
r4n45k&'#'%
r4n45k&'#'&
r4n45k&'#'*
r4n45k&'#'@
r4n45k&*
r4n45k&*!
r4n45k&*$
r4n45k&*%
r4n45k&*&
r4n45k&*'#'
r4n45k&**
r4n45k&*@
r4n45k&@
r4n45k&@!
r4n45k&@$
r4n45k&@%
r4n45k&@&
r4n45k&@'#'
r4n45k&@*
r4n45k&@@
r4n45k'#'
r4n45k'#'!
r4n45k'#'!!
r4n45k'#'!$
r4n45k'#'!%
r4n45k'#'!&
r4n45k'#'!*
r4n45k'#'!@
r4n45k'#'$
r4n45k'#'$!
r4n45k'#'$$
r4n45k'#'$%
r4n45k'#'$&
r4n45k'#'$*
r4n45k'#'$@
r4n45k'#'%
r4n45k'#'%!
r4n45k'#'%$
r4n45k'#'%%
r4n45k'#'%&
r4n45k'#'%*
r4n45k'#'%@
r4n45k'#'&
r4n45k'#'&!
r4n45k'#'&$
r4n45k'#'&%
r4n45k'#'&&
r4n45k'#'&*
r4n45k'#'&@
r4n45k'#'*
r4n45k'#'*!
r4n45k'#'*$
r4n45k'#'*%
r4n45k'#'*&
r4n45k'#'**
r4n45k'#'*@
r4n45k'#'@
r4n45k'#'@!
r4n45k'#'@$
r4n45k'#'@%
r4n45k'#'@&
r4n45k'#'@*
r4n45k'#'@@
r4n45k*
r4n45k*!
r4n45k*!!
r4n45k*!$
r4n45k*!%
r4n45k*!&
r4n45k*!'#'
r4n45k*!*
r4n45k*!@
r4n45k*$
r4n45k*$!
r4n45k*$$
r4n45k*$%
r4n45k*$&
r4n45k*$'#'
r4n45k*$*
r4n45k*$@
r4n45k*%
r4n45k*%!
r4n45k*%$
r4n45k*%%
r4n45k*%&
r4n45k*%'#'
r4n45k*%*
r4n45k*%@
r4n45k*&
r4n45k*&!
r4n45k*&$
r4n45k*&%
r4n45k*&&
r4n45k*&'#'
r4n45k*&*
r4n45k*&@
r4n45k*'#'
r4n45k*'#'!
r4n45k*'#'$
r4n45k*'#'%
r4n45k*'#'&
r4n45k*'#'*
r4n45k*'#'@
r4n45k**
r4n45k**!
r4n45k**$
r4n45k**%
r4n45k**&
r4n45k**'#'
r4n45k***
r4n45k**@
r4n45k*@
r4n45k*@!
r4n45k*@$
r4n45k*@%
r4n45k*@&
r4n45k*@'#'
r4n45k*@*
r4n45k*@@
r4n45k0
r4n45k009
r4n45k00901
r4n45k00909
r4n45k0091
r4n45k01
r4n45k01009
r4n45k0109
r4n45k01091
r4n45k011
r4n45k01109
r4n45k01187
r4n45k0187
r4n45k01871
r4n45k01987
r4n45k09
r4n45k09009
r4n45k0901
r4n45k09011
r4n45k091
r4n45k09101
r4n45k1
r4n45k10
r4n45k1009
r4n45k101
r4n45k10109
r4n45k10187
r4n45k109
r4n45k10901
r4n45k11
r4n45k11987
r4n45k12
r4n45k12009
r4n45k13
r4n45k14
r4n45k15
r4n45k16
r4n45k17
r4n45k18
r4n45k187
r4n45k18701
r4n45k19
r4n45k1987
r4n45k19871
r4n45k1990
r4n45k1991
r4n45k1992
r4n45k1993
r4n45k1994
r4n45k1995
r4n45k1996
r4n45k1997
r4n45k1998
r4n45k1999
r4n45k2
r4n45k20
r4n45k2000
r4n45k2001
r4n45k2002
r4n45k2003
r4n45k2004
r4n45k2005
r4n45k2006
r4n45k2007
r4n45k2008
r4n45k2009
r4n45k20091
r4n45k2010
r4n45k2011
r4n45k2012
r4n45k2013
r4n45k2014
r4n45k2015
r4n45k2016
r4n45k2017
r4n45k2018
r4n45k2019
r4n45k2020
r4n45k21
r4n45k22
r4n45k23
r4n45k24
r4n45k25
r4n45k26
r4n45k27
r4n45k28
r4n45k29
r4n45k3
r4n45k30
r4n45k31
r4n45k32
r4n45k33
r4n45k34
r4n45k35
r4n45k36
r4n45k37
r4n45k38
r4n45k39
r4n45k4
r4n45k40
r4n45k41
r4n45k42
r4n45k43
r4n45k44
r4n45k45
r4n45k46
r4n45k47
r4n45k48
r4n45k49
r4n45k5
r4n45k50
r4n45k51
r4n45k52
r4n45k53
r4n45k54
r4n45k55
r4n45k56
r4n45k57
r4n45k58
r4n45k59
r4n45k6
r4n45k60
r4n45k61
r4n45k62
r4n45k63
r4n45k64
r4n45k65
r4n45k66
r4n45k67
r4n45k68
r4n45k69
r4n45k7
r4n45k70
r4n45k71
r4n45k72
r4n45k73
r4n45k74
r4n45k75
r4n45k76
r4n45k77
r4n45k78
r4n45k79
r4n45k8
r4n45k80
r4n45k81
r4n45k82
r4n45k83
r4n45k84
r4n45k85
r4n45k86
r4n45k87
r4n45k8701
r4n45k87011
r4n45k871
r4n45k87101
r4n45k87987
r4n45k88
r4n45k89
r4n45k9
r4n45k90
r4n45k91
r4n45k92
r4n45k93
r4n45k94
r4n45k95
r4n45k96
r4n45k97
r4n45k98
r4n45k987
r4n45k98701
r4n45k9871
r4n45k98787
r4n45k99
r4n45k@
r4n45k@!
r4n45k@!!
r4n45k@!$
r4n45k@!%
r4n45k@!&
r4n45k@!'#'
r4n45k@!*
r4n45k@!@
r4n45k@$
r4n45k@$!
r4n45k@$$
r4n45k@$%
r4n45k@$&
r4n45k@$'#'
r4n45k@$*
r4n45k@$@
r4n45k@%
r4n45k@%!
r4n45k@%$
r4n45k@%%
r4n45k@%&
r4n45k@%'#'
r4n45k@%*
r4n45k@%@
r4n45k@&
r4n45k@&!
r4n45k@&$
r4n45k@&%
r4n45k@&&
r4n45k@&'#'
r4n45k@&*
r4n45k@&@
r4n45k@'#'
r4n45k@'#'!
r4n45k@'#'$
r4n45k@'#'%
r4n45k@'#'&
r4n45k@'#'*
r4n45k@'#'@
r4n45k@*
r4n45k@*!
r4n45k@*$
r4n45k@*%
r4n45k@*&
r4n45k@*'#'
r4n45k@**
r4n45k@*@
r4n45k@@
r4n45k@@!
r4n45k@@$
r4n45k@@%
r4n45k@@&
r4n45k@@'#'
r4n45k@@*
r4n45k@@@
r4n45k_009
r4n45k_0091
r4n45k_01
r4n45k_0109
r4n45k_011
r4n45k_0187
r4n45k_09
r4n45k_0901
r4n45k_091
r4n45k_1
r4n45k_1009
r4n45k_101
r4n45k_109
r4n45k_187
r4n45k_1987
r4n45k_1990
r4n45k_1991
r4n45k_1992
r4n45k_1993
r4n45k_1994
r4n45k_1995
r4n45k_1996
r4n45k_1997
r4n45k_1998
r4n45k_1999
r4n45k_2000
r4n45k_2001
r4n45k_2002
r4n45k_2003
r4n45k_2004
r4n45k_2005
r4n45k_2006
r4n45k_2007
r4n45k_2008
r4n45k_2009
r4n45k_2010
r4n45k_2011
r4n45k_2012
r4n45k_2013
r4n45k_2014
r4n45k_2015
r4n45k_2016
r4n45k_2017
r4n45k_2018
r4n45k_2019
r4n45k_2020
r4n45k_87
r4n45k_8701
r4n45k_871
r4n45k_987
r4n45k_9871
r4n460
r4n46006
r4n4600606
r4n4600607
r4n460067
r4n4606
r4n4606006
r4n460607
r4n46062006
r4n46067
r4n4607
r4n4607006
r4n460706
r4n46072006
r4n46077
r4n461
r4n462
r4n462006
r4n46200606
r4n46200607
r4n4620067
r4n463
r4n464
r4n465
r4n466
r4n467
r4n467006
r4n46706
r4n46707
r4n4672006
r4n468
r4n469
r4n470
r4n47006
r4n4700606
r4n4700607
r4n470066
r4n4706
r4n4706006
r4n470607
r4n47062006
r4n47066
r4n4707
r4n4707006
r4n470706
r4n47072006
r4n47076
r4n471
r4n472
r4n472006
r4n47200606
r4n47200607
r4n4720066
r4n473
r4n474
r4n475
r4n476
r4n476006
r4n47606
r4n47607
r4n4762006
r4n477
r4n478
r4n479
r4n480
r4n481
r4n482
r4n483
r4n484
r4n485
r4n486
r4n487
r4n48701
r4n487011
r4n48701987
r4n4871
r4n487101
r4n48711987
r4n4871987
r4n48719871
r4n487987
r4n48798701
r4n4879871
r4n488
r4n489
r4n490
r4n491
r4n492
r4n493
r4n494
r4n495
r4n496
r4n497
r4n498
r4n4987
r4n498701
r4n4987011
r4n49870187
r4n49871
r4n4987101
r4n4987187
r4n49871987
r4n498787
r4n49878701
r4n4987871
r4n499
r4n4@!
r4n4@!!
r4n4@!$
r4n4@!%
r4n4@!&
r4n4@!'#'
r4n4@!*
r4n4@!@
r4n4@$
r4n4@$!
r4n4@$$
r4n4@$%
r4n4@$&
r4n4@$'#'
r4n4@$*
r4n4@$@
r4n4@%
r4n4@%!
r4n4@%$
r4n4@%%
r4n4@%&
r4n4@%'#'
r4n4@%*
r4n4@%@
r4n4@&
r4n4@&!
r4n4@&$
r4n4@&%
r4n4@&&
r4n4@&'#'
r4n4@&*
r4n4@&@
r4n4@'#'
r4n4@'#'!
r4n4@'#'$
r4n4@'#'%
r4n4@'#'&
r4n4@'#''#'
r4n4@'#'*
r4n4@'#'@
r4n4@*
r4n4@*!
r4n4@*$
r4n4@*%
r4n4@*&
r4n4@*'#'
r4n4@**
r4n4@*@
r4n4@@
r4n4@@!
r4n4@@$
r4n4@@%
r4n4@@&
r4n4@@'#'
r4n4@@*
r4n4@@@
r4n4Sk
r4n4Sk!
r4n4Sk!!
r4n4Sk!!!
r4n4Sk!!$
r4n4Sk!!%
r4n4Sk!!&
r4n4Sk!!'#'
r4n4Sk!!*
r4n4Sk!!@
r4n4Sk!$
r4n4Sk!$!
r4n4Sk!$$
r4n4Sk!$%
r4n4Sk!$&
r4n4Sk!$'#'
r4n4Sk!$*
r4n4Sk!$@
r4n4Sk!%
r4n4Sk!%!
r4n4Sk!%$
r4n4Sk!%%
r4n4Sk!%&
r4n4Sk!%'#'
r4n4Sk!%*
r4n4Sk!%@
r4n4Sk!&
r4n4Sk!&!
r4n4Sk!&$
r4n4Sk!&%
r4n4Sk!&&
r4n4Sk!&'#'
r4n4Sk!&*
r4n4Sk!&@
r4n4Sk!'#'
r4n4Sk!'#'!
r4n4Sk!'#'$
r4n4Sk!'#'%
r4n4Sk!'#'&
r4n4Sk!'#'*
r4n4Sk!'#'@
r4n4Sk!*
r4n4Sk!*!
r4n4Sk!*$
r4n4Sk!*%
r4n4Sk!*&
r4n4Sk!*'#'
r4n4Sk!**
r4n4Sk!*@
r4n4Sk!@
r4n4Sk!@!
r4n4Sk!@$
r4n4Sk!@%
r4n4Sk!@&
r4n4Sk!@'#'
r4n4Sk!@*
r4n4Sk!@@
r4n4Sk$
r4n4Sk$!
r4n4Sk$!!
r4n4Sk$!$
r4n4Sk$!%
r4n4Sk$!&
r4n4Sk$!'#'
r4n4Sk$!*
r4n4Sk$!@
r4n4Sk$$
r4n4Sk$$!
r4n4Sk$$$
r4n4Sk$$%
r4n4Sk$$&
r4n4Sk$$'#'
r4n4Sk$$*
r4n4Sk$$@
r4n4Sk$%
r4n4Sk$%!
r4n4Sk$%$
r4n4Sk$%%
r4n4Sk$%&
r4n4Sk$%'#'
r4n4Sk$%*
r4n4Sk$%@
r4n4Sk$&
r4n4Sk$&!
r4n4Sk$&$
r4n4Sk$&%
r4n4Sk$&&
r4n4Sk$&'#'
r4n4Sk$&*
r4n4Sk$&@
r4n4Sk$'#'
r4n4Sk$'#'!
r4n4Sk$'#'$
r4n4Sk$'#'%
r4n4Sk$'#'&
r4n4Sk$'#'*
r4n4Sk$'#'@
r4n4Sk$*
r4n4Sk$*!
r4n4Sk$*$
r4n4Sk$*%
r4n4Sk$*&
r4n4Sk$*'#'
r4n4Sk$**
r4n4Sk$*@
r4n4Sk$@
r4n4Sk$@!
r4n4Sk$@$
r4n4Sk$@%
r4n4Sk$@&
r4n4Sk$@'#'
r4n4Sk$@*
r4n4Sk$@@
r4n4Sk%
r4n4Sk%!
r4n4Sk%!!
r4n4Sk%!$
r4n4Sk%!%
r4n4Sk%!&
r4n4Sk%!'#'
r4n4Sk%!*
r4n4Sk%!@
r4n4Sk%$
r4n4Sk%$!
r4n4Sk%$$
r4n4Sk%$%
r4n4Sk%$&
r4n4Sk%$'#'
r4n4Sk%$*
r4n4Sk%$@
r4n4Sk%%
r4n4Sk%%!
r4n4Sk%%$
r4n4Sk%%%
r4n4Sk%%&
r4n4Sk%%'#'
r4n4Sk%%*
r4n4Sk%%@
r4n4Sk%&
r4n4Sk%&!
r4n4Sk%&$
r4n4Sk%&%
r4n4Sk%&&
r4n4Sk%&'#'
r4n4Sk%&*
r4n4Sk%&@
r4n4Sk%'#'
r4n4Sk%'#'!
r4n4Sk%'#'$
r4n4Sk%'#'%
r4n4Sk%'#'&
r4n4Sk%'#'*
r4n4Sk%'#'@
r4n4Sk%*
r4n4Sk%*!
r4n4Sk%*$
r4n4Sk%*%
r4n4Sk%*&
r4n4Sk%*'#'
r4n4Sk%**
r4n4Sk%*@
r4n4Sk%@
r4n4Sk%@!
r4n4Sk%@$
r4n4Sk%@%
r4n4Sk%@&
r4n4Sk%@'#'
r4n4Sk%@*
r4n4Sk%@@
r4n4Sk&
r4n4Sk&!
r4n4Sk&!!
r4n4Sk&!$
r4n4Sk&!%
r4n4Sk&!&
r4n4Sk&!'#'
r4n4Sk&!*
r4n4Sk&!@
r4n4Sk&$
r4n4Sk&$!
r4n4Sk&$$
r4n4Sk&$%
r4n4Sk&$&
r4n4Sk&$'#'
r4n4Sk&$*
r4n4Sk&$@
r4n4Sk&%
r4n4Sk&%!
r4n4Sk&%$
r4n4Sk&%%
r4n4Sk&%&
r4n4Sk&%'#'
r4n4Sk&%*
r4n4Sk&%@
r4n4Sk&&
r4n4Sk&&!
r4n4Sk&&$
r4n4Sk&&%
r4n4Sk&&&
r4n4Sk&&'#'
r4n4Sk&&*
r4n4Sk&&@
r4n4Sk&'#'
r4n4Sk&'#'!
r4n4Sk&'#'$
r4n4Sk&'#'%
r4n4Sk&'#'&
r4n4Sk&'#'*
r4n4Sk&'#'@
r4n4Sk&*
r4n4Sk&*!
r4n4Sk&*$
r4n4Sk&*%
r4n4Sk&*&
r4n4Sk&*'#'
r4n4Sk&**
r4n4Sk&*@
r4n4Sk&@
r4n4Sk&@!
r4n4Sk&@$
r4n4Sk&@%
r4n4Sk&@&
r4n4Sk&@'#'
r4n4Sk&@*
r4n4Sk&@@
r4n4Sk'#'
r4n4Sk'#'!
r4n4Sk'#'!!
r4n4Sk'#'!$
r4n4Sk'#'!%
r4n4Sk'#'!&
r4n4Sk'#'!*
r4n4Sk'#'!@
r4n4Sk'#'$
r4n4Sk'#'$!
r4n4Sk'#'$$
r4n4Sk'#'$%
r4n4Sk'#'$&
r4n4Sk'#'$*
r4n4Sk'#'$@
r4n4Sk'#'%
r4n4Sk'#'%!
r4n4Sk'#'%$
r4n4Sk'#'%%
r4n4Sk'#'%&
r4n4Sk'#'%*
r4n4Sk'#'%@
r4n4Sk'#'&
r4n4Sk'#'&!
r4n4Sk'#'&$
r4n4Sk'#'&%
r4n4Sk'#'&&
r4n4Sk'#'&*
r4n4Sk'#'&@
r4n4Sk'#'*
r4n4Sk'#'*!
r4n4Sk'#'*$
r4n4Sk'#'*%
r4n4Sk'#'*&
r4n4Sk'#'**
r4n4Sk'#'*@
r4n4Sk'#'@
r4n4Sk'#'@!
r4n4Sk'#'@$
r4n4Sk'#'@%
r4n4Sk'#'@&
r4n4Sk'#'@*
r4n4Sk'#'@@
r4n4Sk*
r4n4Sk*!
r4n4Sk*!!
r4n4Sk*!$
r4n4Sk*!%
r4n4Sk*!&
r4n4Sk*!'#'
r4n4Sk*!*
r4n4Sk*!@
r4n4Sk*$
r4n4Sk*$!
r4n4Sk*$$
r4n4Sk*$%
r4n4Sk*$&
r4n4Sk*$'#'
r4n4Sk*$*
r4n4Sk*$@
r4n4Sk*%
r4n4Sk*%!
r4n4Sk*%$
r4n4Sk*%%
r4n4Sk*%&
r4n4Sk*%'#'
r4n4Sk*%*
r4n4Sk*%@
r4n4Sk*&
r4n4Sk*&!
r4n4Sk*&$
r4n4Sk*&%
r4n4Sk*&&
r4n4Sk*&'#'
r4n4Sk*&*
r4n4Sk*&@
r4n4Sk*'#'
r4n4Sk*'#'!
r4n4Sk*'#'$
r4n4Sk*'#'%
r4n4Sk*'#'&
r4n4Sk*'#'*
r4n4Sk*'#'@
r4n4Sk**
r4n4Sk**!
r4n4Sk**$
r4n4Sk**%
r4n4Sk**&
r4n4Sk**'#'
r4n4Sk***
r4n4Sk**@
r4n4Sk*@
r4n4Sk*@!
r4n4Sk*@$
r4n4Sk*@%
r4n4Sk*@&
r4n4Sk*@'#'
r4n4Sk*@*
r4n4Sk*@@
r4n4Sk0
r4n4Sk009
r4n4Sk00901
r4n4Sk00909
r4n4Sk0091
r4n4Sk01
r4n4Sk01009
r4n4Sk0109
r4n4Sk01091
r4n4Sk011
r4n4Sk01109
r4n4Sk01187
r4n4Sk0187
r4n4Sk01871
r4n4Sk01987
r4n4Sk09
r4n4Sk09009
r4n4Sk0901
r4n4Sk09011
r4n4Sk091
r4n4Sk09101
r4n4Sk1
r4n4Sk10
r4n4Sk1009
r4n4Sk101
r4n4Sk10109
r4n4Sk10187
r4n4Sk109
r4n4Sk10901
r4n4Sk11
r4n4Sk11987
r4n4Sk12
r4n4Sk12009
r4n4Sk13
r4n4Sk14
r4n4Sk15
r4n4Sk16
r4n4Sk17
r4n4Sk18
r4n4Sk187
r4n4Sk18701
r4n4Sk19
r4n4Sk1987
r4n4Sk19871
r4n4Sk1990
r4n4Sk1991
r4n4Sk1992
r4n4Sk1993
r4n4Sk1994
r4n4Sk1995
r4n4Sk1996
r4n4Sk1997
r4n4Sk1998
r4n4Sk1999
r4n4Sk2
r4n4Sk20
r4n4Sk2000
r4n4Sk2001
r4n4Sk2002
r4n4Sk2003
r4n4Sk2004
r4n4Sk2005
r4n4Sk2006
r4n4Sk2007
r4n4Sk2008
r4n4Sk2009
r4n4Sk20091
r4n4Sk2010
r4n4Sk2011
r4n4Sk2012
r4n4Sk2013
r4n4Sk2014
r4n4Sk2015
r4n4Sk2016
r4n4Sk2017
r4n4Sk2018
r4n4Sk2019
r4n4Sk2020
r4n4Sk21
r4n4Sk22
r4n4Sk23
r4n4Sk24
r4n4Sk25
r4n4Sk26
r4n4Sk27
r4n4Sk28
r4n4Sk29
r4n4Sk3
r4n4Sk30
r4n4Sk31
r4n4Sk32
r4n4Sk33
r4n4Sk34
r4n4Sk35
r4n4Sk36
r4n4Sk37
r4n4Sk38
r4n4Sk39
r4n4Sk4
r4n4Sk40
r4n4Sk41
r4n4Sk42
r4n4Sk43
r4n4Sk44
r4n4Sk45
r4n4Sk46
r4n4Sk47
r4n4Sk48
r4n4Sk49
r4n4Sk5
r4n4Sk50
r4n4Sk51
r4n4Sk52
r4n4Sk53
r4n4Sk54
r4n4Sk55
r4n4Sk56
r4n4Sk57
r4n4Sk58
r4n4Sk59
r4n4Sk6
r4n4Sk60
r4n4Sk61
r4n4Sk62
r4n4Sk63
r4n4Sk64
r4n4Sk65
r4n4Sk66
r4n4Sk67
r4n4Sk68
r4n4Sk69
r4n4Sk7
r4n4Sk70
r4n4Sk71
r4n4Sk72
r4n4Sk73
r4n4Sk74
r4n4Sk75
r4n4Sk76
r4n4Sk77
r4n4Sk78
r4n4Sk79
r4n4Sk8
r4n4Sk80
r4n4Sk81
r4n4Sk82
r4n4Sk83
r4n4Sk84
r4n4Sk85
r4n4Sk86
r4n4Sk87
r4n4Sk8701
r4n4Sk87011
r4n4Sk871
r4n4Sk87101
r4n4Sk87987
r4n4Sk88
r4n4Sk89
r4n4Sk9
r4n4Sk90
r4n4Sk91
r4n4Sk92
r4n4Sk93
r4n4Sk94
r4n4Sk95
r4n4Sk96
r4n4Sk97
r4n4Sk98
r4n4Sk987
r4n4Sk98701
r4n4Sk9871
r4n4Sk98787
r4n4Sk99
r4n4Sk@
r4n4Sk@!
r4n4Sk@!!
r4n4Sk@!$
r4n4Sk@!%
r4n4Sk@!&
r4n4Sk@!'#'
r4n4Sk@!*
r4n4Sk@!@
r4n4Sk@$
r4n4Sk@$!
r4n4Sk@$$
r4n4Sk@$%
r4n4Sk@$&
r4n4Sk@$'#'
r4n4Sk@$*
r4n4Sk@$@
r4n4Sk@%
r4n4Sk@%!
r4n4Sk@%$
r4n4Sk@%%
r4n4Sk@%&
r4n4Sk@%'#'
r4n4Sk@%*
r4n4Sk@%@
r4n4Sk@&
r4n4Sk@&!
r4n4Sk@&$
r4n4Sk@&%
r4n4Sk@&&
r4n4Sk@&'#'
r4n4Sk@&*
r4n4Sk@&@
r4n4Sk@'#'
r4n4Sk@'#'!
r4n4Sk@'#'$
r4n4Sk@'#'%
r4n4Sk@'#'&
r4n4Sk@'#'*
r4n4Sk@'#'@
r4n4Sk@*
r4n4Sk@*!
r4n4Sk@*$
r4n4Sk@*%
r4n4Sk@*&
r4n4Sk@*'#'
r4n4Sk@**
r4n4Sk@*@
r4n4Sk@@
r4n4Sk@@!
r4n4Sk@@$
r4n4Sk@@%
r4n4Sk@@&
r4n4Sk@@'#'
r4n4Sk@@*
r4n4Sk@@@
r4n4Sk_009
r4n4Sk_0091
r4n4Sk_01
r4n4Sk_0109
r4n4Sk_011
r4n4Sk_0187
r4n4Sk_09
r4n4Sk_0901
r4n4Sk_091
r4n4Sk_1
r4n4Sk_1009
r4n4Sk_101
r4n4Sk_109
r4n4Sk_187
r4n4Sk_1987
r4n4Sk_1990
r4n4Sk_1991
r4n4Sk_1992
r4n4Sk_1993
r4n4Sk_1994
r4n4Sk_1995
r4n4Sk_1996
r4n4Sk_1997
r4n4Sk_1998
r4n4Sk_1999
r4n4Sk_2000
r4n4Sk_2001
r4n4Sk_2002
r4n4Sk_2003
r4n4Sk_2004
r4n4Sk_2005
r4n4Sk_2006
r4n4Sk_2007
r4n4Sk_2008
r4n4Sk_2009
r4n4Sk_2010
r4n4Sk_2011
r4n4Sk_2012
r4n4Sk_2013
r4n4Sk_2014
r4n4Sk_2015
r4n4Sk_2016
r4n4Sk_2017
r4n4Sk_2018
r4n4Sk_2019
r4n4Sk_2020
r4n4Sk_87
r4n4Sk_8701
r4n4Sk_871
r4n4Sk_987
r4n4Sk_9871
r4n4Y451r
r4n4Y451r!
r4n4Y451r!!
r4n4Y451r!$
r4n4Y451r!%
r4n4Y451r!&
r4n4Y451r!*
r4n4Y451r!@
r4n4Y451r$
r4n4Y451r$!
r4n4Y451r$$
r4n4Y451r$%
r4n4Y451r$&
r4n4Y451r$*
r4n4Y451r$@
r4n4Y451r%
r4n4Y451r%!
r4n4Y451r%$
r4n4Y451r%%
r4n4Y451r%&
r4n4Y451r%*
r4n4Y451r%@
r4n4Y451r&
r4n4Y451r&!
r4n4Y451r&$
r4n4Y451r&%
r4n4Y451r&&
r4n4Y451r&*
r4n4Y451r&@
r4n4Y451r*
r4n4Y451r*!
r4n4Y451r*$
r4n4Y451r*%
r4n4Y451r*&
r4n4Y451r**
r4n4Y451r*@
r4n4Y451r0
r4n4Y451r06
r4n4Y451r07
r4n4Y451r1
r4n4Y451r10
r4n4Y451r11
r4n4Y451r12
r4n4Y451r13
r4n4Y451r14
r4n4Y451r15
r4n4Y451r16
r4n4Y451r17
r4n4Y451r18
r4n4Y451r19
r4n4Y451r2
r4n4Y451r20
r4n4Y451r21
r4n4Y451r22
r4n4Y451r23
r4n4Y451r24
r4n4Y451r25
r4n4Y451r26
r4n4Y451r27
r4n4Y451r28
r4n4Y451r29
r4n4Y451r3
r4n4Y451r30
r4n4Y451r31
r4n4Y451r32
r4n4Y451r33
r4n4Y451r34
r4n4Y451r35
r4n4Y451r36
r4n4Y451r37
r4n4Y451r38
r4n4Y451r39
r4n4Y451r4
r4n4Y451r40
r4n4Y451r41
r4n4Y451r42
r4n4Y451r43
r4n4Y451r44
r4n4Y451r45
r4n4Y451r46
r4n4Y451r47
r4n4Y451r48
r4n4Y451r49
r4n4Y451r5
r4n4Y451r50
r4n4Y451r51
r4n4Y451r52
r4n4Y451r53
r4n4Y451r54
r4n4Y451r55
r4n4Y451r56
r4n4Y451r57
r4n4Y451r58
r4n4Y451r59
r4n4Y451r6
r4n4Y451r60
r4n4Y451r61
r4n4Y451r62
r4n4Y451r63
r4n4Y451r64
r4n4Y451r65
r4n4Y451r66
r4n4Y451r67
r4n4Y451r68
r4n4Y451r69
r4n4Y451r7
r4n4Y451r70
r4n4Y451r71
r4n4Y451r72
r4n4Y451r73
r4n4Y451r74
r4n4Y451r75
r4n4Y451r76
r4n4Y451r77
r4n4Y451r78
r4n4Y451r79
r4n4Y451r8
r4n4Y451r80
r4n4Y451r81
r4n4Y451r82
r4n4Y451r83
r4n4Y451r84
r4n4Y451r85
r4n4Y451r86
r4n4Y451r87
r4n4Y451r88
r4n4Y451r89
r4n4Y451r9
r4n4Y451r90
r4n4Y451r91
r4n4Y451r92
r4n4Y451r93
r4n4Y451r94
r4n4Y451r95
r4n4Y451r96
r4n4Y451r97
r4n4Y451r98
r4n4Y451r99
r4n4Y451r@
r4n4Y451r@!
r4n4Y451r@$
r4n4Y451r@%
r4n4Y451r@&
r4n4Y451r@*
r4n4Y451r@@
r4n4Y451r_6
r4n4Y451r_7
r4n4_006
r4n4_00606
r4n4_006066
r4n4_006067
r4n4_00607
r4n4_006076
r4n4_006077
r4n4_0066
r4n4_006606
r4n4_006607
r4n4_00667
r4n4_0067
r4n4_006706
r4n4_006707
r4n4_00676
r4n4_009
r4n4_00901
r4n4_009011
r4n4_00909
r4n4_009091
r4n4_0091
r4n4_009101
r4n4_009109
r4n4_01
r4n4_01009
r4n4_010091
r4n4_0109
r4n4_01091
r4n4_011
r4n4_011009
r4n4_01109
r4n4_01187
r4n4_011987
r4n4_012009
r4n4_0187
r4n4_01871
r4n4_01987
r4n4_019871
r4n4_06
r4n4_06006
r4n4_060066
r4n4_060067
r4n4_0607
r4n4_06076
r4n4_06077
r4n4_062006
r4n4_066
r4n4_066006
r4n4_06607
r4n4_0667
r4n4_067
r4n4_067006
r4n4_06707
r4n4_0676
r4n4_07
r4n4_07006
r4n4_070066
r4n4_070067
r4n4_0706
r4n4_07066
r4n4_07067
r4n4_072006
r4n4_076
r4n4_076006
r4n4_07606
r4n4_0767
r4n4_077
r4n4_077006
r4n4_07706
r4n4_0776
r4n4_09
r4n4_09009
r4n4_090091
r4n4_0901
r4n4_09011
r4n4_091
r4n4_091009
r4n4_09101
r4n4_092009
r4n4_1
r4n4_1009
r4n4_100901
r4n4_100909
r4n4_101
r4n4_101009
r4n4_10109
r4n4_10187
r4n4_101987
r4n4_109
r4n4_109009
r4n4_10901
r4n4_11987
r4n4_12009
r4n4_187
r4n4_18701
r4n4_187987
r4n4_1987
r4n4_198701
r4n4_19871
r4n4_198787
r4n4_1990
r4n4_1991
r4n4_1992
r4n4_1993
r4n4_1994
r4n4_1995
r4n4_1996
r4n4_1997
r4n4_1998
r4n4_1999
r4n4_2000
r4n4_2001
r4n4_2002
r4n4_2003
r4n4_2004
r4n4_2005
r4n4_2006
r4n4_200606
r4n4_200607
r4n4_20066
r4n4_200667
r4n4_20067
r4n4_200676
r4n4_2007
r4n4_2008
r4n4_2009
r4n4_200901
r4n4_200909
r4n4_20091
r4n4_2010
r4n4_2011
r4n4_2012
r4n4_2013
r4n4_2014
r4n4_2015
r4n4_2016
r4n4_2017
r4n4_2018
r4n4_2019
r4n4_2020
r4n4_6
r4n4_6006
r4n4_600606
r4n4_600607
r4n4_60067
r4n4_606
r4n4_606006
r4n4_60607
r4n4_6067
r4n4_607
r4n4_607006
r4n4_60706
r4n4_6077
r4n4_62006
r4n4_620067
r4n4_67
r4n4_67006
r4n4_6706
r4n4_6707
r4n4_672006
r4n4_7
r4n4_7006
r4n4_700606
r4n4_700607
r4n4_70066
r4n4_706
r4n4_706006
r4n4_70607
r4n4_7066
r4n4_707
r4n4_707006
r4n4_70706
r4n4_7076
r4n4_72006
r4n4_720066
r4n4_76
r4n4_76006
r4n4_7606
r4n4_7607
r4n4_762006
r4n4_87
r4n4_8701
r4n4_87011
r4n4_871
r4n4_87101
r4n4_871987
r4n4_87987
r4n4_879871
r4n4_987
r4n4_98701
r4n4_987011
r4n4_9871
r4n4_987101
r4n4_987187
r4n4_98787
r4n4_987871
r4n4y451r
r4n4y451r!
r4n4y451r!!
r4n4y451r!$
r4n4y451r!%
r4n4y451r!&
r4n4y451r!*
r4n4y451r!@
r4n4y451r$
r4n4y451r$!
r4n4y451r$$
r4n4y451r$%
r4n4y451r$&
r4n4y451r$*
r4n4y451r$@
r4n4y451r%
r4n4y451r%!
r4n4y451r%$
r4n4y451r%%
r4n4y451r%&
r4n4y451r%*
r4n4y451r%@
r4n4y451r&
r4n4y451r&!
r4n4y451r&$
r4n4y451r&%
r4n4y451r&&
r4n4y451r&*
r4n4y451r&@
r4n4y451r*
r4n4y451r*!
r4n4y451r*$
r4n4y451r*%
r4n4y451r*&
r4n4y451r**
r4n4y451r*@
r4n4y451r0
r4n4y451r06
r4n4y451r07
r4n4y451r1
r4n4y451r10
r4n4y451r11
r4n4y451r12
r4n4y451r13
r4n4y451r14
r4n4y451r15
r4n4y451r16
r4n4y451r17
r4n4y451r18
r4n4y451r19
r4n4y451r2
r4n4y451r20
r4n4y451r21
r4n4y451r22
r4n4y451r23
r4n4y451r24
r4n4y451r25
r4n4y451r26
r4n4y451r27
r4n4y451r28
r4n4y451r29
r4n4y451r3
r4n4y451r30
r4n4y451r31
r4n4y451r32
r4n4y451r33
r4n4y451r34
r4n4y451r35
r4n4y451r36
r4n4y451r37
r4n4y451r38
r4n4y451r39
r4n4y451r4
r4n4y451r40
r4n4y451r41
r4n4y451r42
r4n4y451r43
r4n4y451r44
r4n4y451r45
r4n4y451r46
r4n4y451r47
r4n4y451r48
r4n4y451r49
r4n4y451r5
r4n4y451r50
r4n4y451r51
r4n4y451r52
r4n4y451r53
r4n4y451r54
r4n4y451r55
r4n4y451r56
r4n4y451r57
r4n4y451r58
r4n4y451r59
r4n4y451r6
r4n4y451r60
r4n4y451r61
r4n4y451r62
r4n4y451r63
r4n4y451r64
r4n4y451r65
r4n4y451r66
r4n4y451r67
r4n4y451r68
r4n4y451r69
r4n4y451r7
r4n4y451r70
r4n4y451r71
r4n4y451r72
r4n4y451r73
r4n4y451r74
r4n4y451r75
r4n4y451r76
r4n4y451r77
r4n4y451r78
r4n4y451r79
r4n4y451r8
r4n4y451r80
r4n4y451r81
r4n4y451r82
r4n4y451r83
r4n4y451r84
r4n4y451r85
r4n4y451r86
r4n4y451r87
r4n4y451r88
r4n4y451r89
r4n4y451r9
r4n4y451r90
r4n4y451r91
r4n4y451r92
r4n4y451r93
r4n4y451r94
r4n4y451r95
r4n4y451r96
r4n4y451r97
r4n4y451r98
r4n4y451r99
r4n4y451r@
r4n4y451r@!
r4n4y451r@$
r4n4y451r@%
r4n4y451r@&
r4n4y451r@*
r4n4y451r@@
r4n4y451r_6
r4n4y451r_7
rana!!
rana!!!
rana!!$
rana!!%
rana!!&
rana!!'#'
rana!!*
rana!!@
rana!$
rana!$!
rana!$$
rana!$%
rana!$&
rana!$'#'
rana!$*
rana!$@
rana!%
rana!%!
rana!%$
rana!%%
rana!%&
rana!%'#'
rana!%*
rana!%@
rana!&
rana!&!
rana!&$
rana!&%
rana!&&
rana!&'#'
rana!&*
rana!&@
rana!'#'
rana!'#'!
rana!'#'$
rana!'#'%
rana!'#'&
rana!'#''#'
rana!'#'*
rana!'#'@
rana!*
rana!*!
rana!*$
rana!*%
rana!*&
rana!*'#'
rana!**
rana!*@
rana!@
rana!@!
rana!@$
rana!@%
rana!@&
rana!@'#'
rana!@*
rana!@@
rana$!
rana$!!
rana$!$
rana$!%
rana$!&
rana$!'#'
rana$!*
rana$!@
rana$$
rana$$!
rana$$$
rana$$%
rana$$&
rana$$'#'
rana$$*
rana$$@
rana$%
rana$%!
rana$%$
rana$%%
rana$%&
rana$%'#'
rana$%*
rana$%@
rana$&
rana$&!
rana$&$
rana$&%
rana$&&
rana$&'#'
rana$&*
rana$&@
rana$'#'
rana$'#'!
rana$'#'$
rana$'#'%
rana$'#'&
rana$'#''#'
rana$'#'*
rana$'#'@
rana$*
rana$*!
rana$*$
rana$*%
rana$*&
rana$*'#'
rana$**
rana$*@
rana$@
rana$@!
rana$@$
rana$@%
rana$@&
rana$@'#'
rana$@*
rana$@@
rana%!
rana%!!
rana%!$
rana%!%
rana%!&
rana%!'#'
rana%!*
rana%!@
rana%$
rana%$!
rana%$$
rana%$%
rana%$&
rana%$'#'
rana%$*
rana%$@
rana%%
rana%%!
rana%%$
rana%%%
rana%%&
rana%%'#'
rana%%*
rana%%@
rana%&
rana%&!
rana%&$
rana%&%
rana%&&
rana%&'#'
rana%&*
rana%&@
rana%'#'
rana%'#'!
rana%'#'$
rana%'#'%
rana%'#'&
rana%'#''#'
rana%'#'*
rana%'#'@
rana%*
rana%*!
rana%*$
rana%*%
rana%*&
rana%*'#'
rana%**
rana%*@
rana%@
rana%@!
rana%@$
rana%@%
rana%@&
rana%@'#'
rana%@*
rana%@@
rana&!
rana&!!
rana&!$
rana&!%
rana&!&
rana&!'#'
rana&!*
rana&!@
rana&$
rana&$!
rana&$$
rana&$%
rana&$&
rana&$'#'
rana&$*
rana&$@
rana&%
rana&%!
rana&%$
rana&%%
rana&%&
rana&%'#'
rana&%*
rana&%@
rana&&
rana&&!
rana&&$
rana&&%
rana&&&
rana&&'#'
rana&&*
rana&&@
rana&'#'
rana&'#'!
rana&'#'$
rana&'#'%
rana&'#'&
rana&'#''#'
rana&'#'*
rana&'#'@
rana&*
rana&*!
rana&*$
rana&*%
rana&*&
rana&*'#'
rana&**
rana&*@
rana&@
rana&@!
rana&@$
rana&@%
rana&@&
rana&@'#'
rana&@*
rana&@@
rana'#'
rana'#'!
rana'#'!!
rana'#'!$
rana'#'!%
rana'#'!&
rana'#'!'#'
rana'#'!*
rana'#'!@
rana'#'$
rana'#'$!
rana'#'$$
rana'#'$%
rana'#'$&
rana'#'$'#'
rana'#'$*
rana'#'$@
rana'#'%
rana'#'%!
rana'#'%$
rana'#'%%
rana'#'%&
rana'#'%'#'
rana'#'%*
rana'#'%@
rana'#'&
rana'#'&!
rana'#'&$
rana'#'&%
rana'#'&&
rana'#'&'#'
rana'#'&*
rana'#'&@
rana'#''#'
rana'#''#'!
rana'#''#'$
rana'#''#'%
rana'#''#'&
rana'#''#'*
rana'#''#'@
rana'#'*
rana'#'*!
rana'#'*$
rana'#'*%
rana'#'*&
rana'#'*'#'
rana'#'**
rana'#'*@
rana'#'@
rana'#'@!
rana'#'@$
rana'#'@%
rana'#'@&
rana'#'@'#'
rana'#'@*
rana'#'@@
rana*!
rana*!!
rana*!$
rana*!%
rana*!&
rana*!'#'
rana*!*
rana*!@
rana*$
rana*$!
rana*$$
rana*$%
rana*$&
rana*$'#'
rana*$*
rana*$@
rana*%
rana*%!
rana*%$
rana*%%
rana*%&
rana*%'#'
rana*%*
rana*%@
rana*&
rana*&!
rana*&$
rana*&%
rana*&&
rana*&'#'
rana*&*
rana*&@
rana*'#'
rana*'#'!
rana*'#'$
rana*'#'%
rana*'#'&
rana*'#''#'
rana*'#'*
rana*'#'@
rana**
rana**!
rana**$
rana**%
rana**&
rana**'#'
rana***
rana**@
rana*@
rana*@!
rana*@$
rana*@%
rana*@&
rana*@'#'
rana*@*
rana*@@
rana006
rana00606
rana0060607
rana006066
rana006067
rana00607
rana0060706
rana006076
rana006077
rana0062006
rana0066
rana006606
rana006607
rana00667
rana0067
rana006706
rana006707
rana00676
rana009
rana00901
rana0090109
rana009011
rana00909
rana0090901
rana009091
rana0091
rana009101
rana009109
rana0092009
rana01
rana01009
rana0100909
rana010091
rana0109
rana0109009
rana01091
rana011
rana011009
rana01109
rana0111987
rana0112009
rana01187
rana011987
rana0119871
rana012009
rana0120091
rana0187
rana01871
rana0187987
rana01987
rana019871
rana0198787
rana06
rana06006
rana0600607
rana060066
rana060067
rana0607
rana0607006
rana06076
rana06077
rana062006
rana0620066
rana0620067
rana066
rana066006
rana06607
rana0662006
rana0667
rana067
rana067006
rana06707
rana0672006
rana0676
rana07
rana07006
rana0700606
rana070066
rana070067
rana0706
rana0706006
rana07066
rana07067
rana072006
rana0720066
rana0720067
rana076
rana076006
rana07606
rana0762006
rana0767
rana077
rana077006
rana07706
rana0772006
rana0776
rana09
rana09009
rana0900901
rana090091
rana0901
rana0901009
rana09011
rana091
rana091009
rana09101
rana0912009
rana092009
rana0920091
rana10
rana1009
rana100901
rana100909
rana101
rana101009
rana10109
rana1011987
rana1012009
rana10187
rana101987
rana109
rana109009
rana10901
rana1092009
rana11
rana11987
rana1198701
rana1198787
rana12
rana12009
rana1200901
rana1200909
rana13
rana14
rana15
rana16
rana17
rana18
rana187
rana18701
rana1871987
rana187987
rana19
rana1987
rana198701
rana1987011
rana19871
rana1987101
rana1987187
rana198787
rana1987871
rana1987987
rana1990
rana1991
rana1992
rana1993
rana1994
rana1995
rana1996
rana1997
rana1998
rana1999
rana20
rana2000
rana2001
rana2002
rana2003
rana2004
rana2005
rana2006
rana2006006
rana200606
rana2006066
rana2006067
rana200607
rana2006076
rana2006077
rana20066
rana2006606
rana2006607
rana200667
rana20067
rana2006706
rana2006707
rana200676
rana2007
rana2008
rana2009
rana2009009
rana200901
rana2009011
rana200909
rana2009091
rana20091
rana2009101
rana2009109
rana2010
rana2011
rana2012
rana2013
rana2014
rana2015
rana2016
rana2017
rana2018
rana2019
rana2020
rana21
rana22
rana23
rana24
rana25
rana26
rana27
rana28
rana29
rana30
rana31
rana32
rana33
rana34
rana35
rana36
rana37
rana38
rana39
rana40
rana41
rana42
rana43
rana44
rana45
rana46
rana47
rana48
rana49
rana50
rana51
rana52
rana53
rana54
rana55
rana56
rana57
rana58
rana59
rana60
rana6006
rana600606
rana600607
rana60067
rana606
rana606006
rana60607
rana6062006
rana6067
rana607
rana607006
rana60706
rana6072006
rana6077
rana61
rana62
rana62006
rana6200606
rana6200607
rana620067
rana63
rana64
rana65
rana66
rana67
rana67006
rana6706
rana6707
rana672006
rana68
rana69
rana70
rana7006
rana700606
rana700607
rana70066
rana706
rana706006
rana70607
rana7062006
rana7066
rana707
rana707006
rana70706
rana7072006
rana7076
rana71
rana72
rana72006
rana7200606
rana7200607
rana720066
rana73
rana74
rana75
rana76
rana76006
rana7606
rana7607
rana762006
rana77
rana78
rana79
rana80
rana81
rana82
rana83
rana84
rana85
rana86
rana87
rana8701
rana87011
rana8701987
rana871
rana87101
rana8711987
rana871987
rana8719871
rana87987
rana8798701
rana879871
rana88
rana89
rana90
rana91
rana92
rana93
rana94
rana95
rana96
rana97
rana98
rana987
rana98701
rana987011
rana9870187
rana9871
rana987101
rana987187
rana9871987
rana98787
rana9878701
rana987871
rana99
rana@!
rana@!!
rana@!$
rana@!%
rana@!&
rana@!'#'
rana@!*
rana@!@
rana@$
rana@$!
rana@$$
rana@$%
rana@$&
rana@$'#'
rana@$*
rana@$@
rana@%
rana@%!
rana@%$
rana@%%
rana@%&
rana@%'#'
rana@%*
rana@%@
rana@&
rana@&!
rana@&$
rana@&%
rana@&&
rana@&'#'
rana@&*
rana@&@
rana@'#'
rana@'#'!
rana@'#'$
rana@'#'%
rana@'#'&
rana@'#''#'
rana@'#'*
rana@'#'@
rana@*
rana@*!
rana@*$
rana@*%
rana@*&
rana@*'#'
rana@**
rana@*@
rana@@
rana@@!
rana@@$
rana@@%
rana@@&
rana@@'#'
rana@@*
rana@@@
ranaSk
ranaSk!
ranaSk!!
ranaSk!!!
ranaSk!!$
ranaSk!!%
ranaSk!!&
ranaSk!!'#'
ranaSk!!*
ranaSk!!@
ranaSk!$
ranaSk!$!
ranaSk!$$
ranaSk!$%
ranaSk!$&
ranaSk!$'#'
ranaSk!$*
ranaSk!$@
ranaSk!%
ranaSk!%!
ranaSk!%$
ranaSk!%%
ranaSk!%&
ranaSk!%'#'
ranaSk!%*
ranaSk!%@
ranaSk!&
ranaSk!&!
ranaSk!&$
ranaSk!&%
ranaSk!&&
ranaSk!&'#'
ranaSk!&*
ranaSk!&@
ranaSk!'#'
ranaSk!'#'!
ranaSk!'#'$
ranaSk!'#'%
ranaSk!'#'&
ranaSk!'#'*
ranaSk!'#'@
ranaSk!*
ranaSk!*!
ranaSk!*$
ranaSk!*%
ranaSk!*&
ranaSk!*'#'
ranaSk!**
ranaSk!*@
ranaSk!@
ranaSk!@!
ranaSk!@$
ranaSk!@%
ranaSk!@&
ranaSk!@'#'
ranaSk!@*
ranaSk!@@
ranaSk$
ranaSk$!
ranaSk$!!
ranaSk$!$
ranaSk$!%
ranaSk$!&
ranaSk$!'#'
ranaSk$!*
ranaSk$!@
ranaSk$$
ranaSk$$!
ranaSk$$$
ranaSk$$%
ranaSk$$&
ranaSk$$'#'
ranaSk$$*
ranaSk$$@
ranaSk$%
ranaSk$%!
ranaSk$%$
ranaSk$%%
ranaSk$%&
ranaSk$%'#'
ranaSk$%*
ranaSk$%@
ranaSk$&
ranaSk$&!
ranaSk$&$
ranaSk$&%
ranaSk$&&
ranaSk$&'#'
ranaSk$&*
ranaSk$&@
ranaSk$'#'
ranaSk$'#'!
ranaSk$'#'$
ranaSk$'#'%
ranaSk$'#'&
ranaSk$'#'*
ranaSk$'#'@
ranaSk$*
ranaSk$*!
ranaSk$*$
ranaSk$*%
ranaSk$*&
ranaSk$*'#'
ranaSk$**
ranaSk$*@
ranaSk$@
ranaSk$@!
ranaSk$@$
ranaSk$@%
ranaSk$@&
ranaSk$@'#'
ranaSk$@*
ranaSk$@@
ranaSk%
ranaSk%!
ranaSk%!!
ranaSk%!$
ranaSk%!%
ranaSk%!&
ranaSk%!'#'
ranaSk%!*
ranaSk%!@
ranaSk%$
ranaSk%$!
ranaSk%$$
ranaSk%$%
ranaSk%$&
ranaSk%$'#'
ranaSk%$*
ranaSk%$@
ranaSk%%
ranaSk%%!
ranaSk%%$
ranaSk%%%
ranaSk%%&
ranaSk%%'#'
ranaSk%%*
ranaSk%%@
ranaSk%&
ranaSk%&!
ranaSk%&$
ranaSk%&%
ranaSk%&&
ranaSk%&'#'
ranaSk%&*
ranaSk%&@
ranaSk%'#'
ranaSk%'#'!
ranaSk%'#'$
ranaSk%'#'%
ranaSk%'#'&
ranaSk%'#'*
ranaSk%'#'@
ranaSk%*
ranaSk%*!
ranaSk%*$
ranaSk%*%
ranaSk%*&
ranaSk%*'#'
ranaSk%**
ranaSk%*@
ranaSk%@
ranaSk%@!
ranaSk%@$
ranaSk%@%
ranaSk%@&
ranaSk%@'#'
ranaSk%@*
ranaSk%@@
ranaSk&
ranaSk&!
ranaSk&!!
ranaSk&!$
ranaSk&!%
ranaSk&!&
ranaSk&!'#'
ranaSk&!*
ranaSk&!@
ranaSk&$
ranaSk&$!
ranaSk&$$
ranaSk&$%
ranaSk&$&
ranaSk&$'#'
ranaSk&$*
ranaSk&$@
ranaSk&%
ranaSk&%!
ranaSk&%$
ranaSk&%%
ranaSk&%&
ranaSk&%'#'
ranaSk&%*
ranaSk&%@
ranaSk&&
ranaSk&&!
ranaSk&&$
ranaSk&&%
ranaSk&&&
ranaSk&&'#'
ranaSk&&*
ranaSk&&@
ranaSk&'#'
ranaSk&'#'!
ranaSk&'#'$
ranaSk&'#'%
ranaSk&'#'&
ranaSk&'#'*
ranaSk&'#'@
ranaSk&*
ranaSk&*!
ranaSk&*$
ranaSk&*%
ranaSk&*&
ranaSk&*'#'
ranaSk&**
ranaSk&*@
ranaSk&@
ranaSk&@!
ranaSk&@$
ranaSk&@%
ranaSk&@&
ranaSk&@'#'
ranaSk&@*
ranaSk&@@
ranaSk'#'
ranaSk'#'!
ranaSk'#'!!
ranaSk'#'!$
ranaSk'#'!%
ranaSk'#'!&
ranaSk'#'!*
ranaSk'#'!@
ranaSk'#'$
ranaSk'#'$!
ranaSk'#'$$
ranaSk'#'$%
ranaSk'#'$&
ranaSk'#'$*
ranaSk'#'$@
ranaSk'#'%
ranaSk'#'%!
ranaSk'#'%$
ranaSk'#'%%
ranaSk'#'%&
ranaSk'#'%*
ranaSk'#'%@
ranaSk'#'&
ranaSk'#'&!
ranaSk'#'&$
ranaSk'#'&%
ranaSk'#'&&
ranaSk'#'&*
ranaSk'#'&@
ranaSk'#'*
ranaSk'#'*!
ranaSk'#'*$
ranaSk'#'*%
ranaSk'#'*&
ranaSk'#'**
ranaSk'#'*@
ranaSk'#'@
ranaSk'#'@!
ranaSk'#'@$
ranaSk'#'@%
ranaSk'#'@&
ranaSk'#'@*
ranaSk'#'@@
ranaSk*
ranaSk*!
ranaSk*!!
ranaSk*!$
ranaSk*!%
ranaSk*!&
ranaSk*!'#'
ranaSk*!*
ranaSk*!@
ranaSk*$
ranaSk*$!
ranaSk*$$
ranaSk*$%
ranaSk*$&
ranaSk*$'#'
ranaSk*$*
ranaSk*$@
ranaSk*%
ranaSk*%!
ranaSk*%$
ranaSk*%%
ranaSk*%&
ranaSk*%'#'
ranaSk*%*
ranaSk*%@
ranaSk*&
ranaSk*&!
ranaSk*&$
ranaSk*&%
ranaSk*&&
ranaSk*&'#'
ranaSk*&*
ranaSk*&@
ranaSk*'#'
ranaSk*'#'!
ranaSk*'#'$
ranaSk*'#'%
ranaSk*'#'&
ranaSk*'#'*
ranaSk*'#'@
ranaSk**
ranaSk**!
ranaSk**$
ranaSk**%
ranaSk**&
ranaSk**'#'
ranaSk***
ranaSk**@
ranaSk*@
ranaSk*@!
ranaSk*@$
ranaSk*@%
ranaSk*@&
ranaSk*@'#'
ranaSk*@*
ranaSk*@@
ranaSk0
ranaSk009
ranaSk00901
ranaSk00909
ranaSk0091
ranaSk01
ranaSk01009
ranaSk0109
ranaSk01091
ranaSk011
ranaSk01109
ranaSk01187
ranaSk0187
ranaSk01871
ranaSk01987
ranaSk09
ranaSk09009
ranaSk0901
ranaSk09011
ranaSk091
ranaSk09101
ranaSk1
ranaSk10
ranaSk1009
ranaSk101
ranaSk10109
ranaSk10187
ranaSk109
ranaSk10901
ranaSk11
ranaSk11987
ranaSk12
ranaSk12009
ranaSk13
ranaSk14
ranaSk15
ranaSk16
ranaSk17
ranaSk18
ranaSk187
ranaSk18701
ranaSk19
ranaSk1987
ranaSk19871
ranaSk1990
ranaSk1991
ranaSk1992
ranaSk1993
ranaSk1994
ranaSk1995
ranaSk1996
ranaSk1997
ranaSk1998
ranaSk1999
ranaSk2
ranaSk20
ranaSk2000
ranaSk2001
ranaSk2002
ranaSk2003
ranaSk2004
ranaSk2005
ranaSk2006
ranaSk2007
ranaSk2008
ranaSk2009
ranaSk20091
ranaSk2010
ranaSk2011
ranaSk2012
ranaSk2013
ranaSk2014
ranaSk2015
ranaSk2016
ranaSk2017
ranaSk2018
ranaSk2019
ranaSk2020
ranaSk21
ranaSk22
ranaSk23
ranaSk24
ranaSk25
ranaSk26
ranaSk27
ranaSk28
ranaSk29
ranaSk3
ranaSk30
ranaSk31
ranaSk32
ranaSk33
ranaSk34
ranaSk35
ranaSk36
ranaSk37
ranaSk38
ranaSk39
ranaSk4
ranaSk40
ranaSk41
ranaSk42
ranaSk43
ranaSk44
ranaSk45
ranaSk46
ranaSk47
ranaSk48
ranaSk49
ranaSk5
ranaSk50
ranaSk51
ranaSk52
ranaSk53
ranaSk54
ranaSk55
ranaSk56
ranaSk57
ranaSk58
ranaSk59
ranaSk6
ranaSk60
ranaSk61
ranaSk62
ranaSk63
ranaSk64
ranaSk65
ranaSk66
ranaSk67
ranaSk68
ranaSk69
ranaSk7
ranaSk70
ranaSk71
ranaSk72
ranaSk73
ranaSk74
ranaSk75
ranaSk76
ranaSk77
ranaSk78
ranaSk79
ranaSk8
ranaSk80
ranaSk81
ranaSk82
ranaSk83
ranaSk84
ranaSk85
ranaSk86
ranaSk87
ranaSk8701
ranaSk87011
ranaSk871
ranaSk87101
ranaSk87987
ranaSk88
ranaSk89
ranaSk9
ranaSk90
ranaSk91
ranaSk92
ranaSk93
ranaSk94
ranaSk95
ranaSk96
ranaSk97
ranaSk98
ranaSk987
ranaSk98701
ranaSk9871
ranaSk98787
ranaSk99
ranaSk@
ranaSk@!
ranaSk@!!
ranaSk@!$
ranaSk@!%
ranaSk@!&
ranaSk@!'#'
ranaSk@!*
ranaSk@!@
ranaSk@$
ranaSk@$!
ranaSk@$$
ranaSk@$%
ranaSk@$&
ranaSk@$'#'
ranaSk@$*
ranaSk@$@
ranaSk@%
ranaSk@%!
ranaSk@%$
ranaSk@%%
ranaSk@%&
ranaSk@%'#'
ranaSk@%*
ranaSk@%@
ranaSk@&
ranaSk@&!
ranaSk@&$
ranaSk@&%
ranaSk@&&
ranaSk@&'#'
ranaSk@&*
ranaSk@&@
ranaSk@'#'
ranaSk@'#'!
ranaSk@'#'$
ranaSk@'#'%
ranaSk@'#'&
ranaSk@'#'*
ranaSk@'#'@
ranaSk@*
ranaSk@*!
ranaSk@*$
ranaSk@*%
ranaSk@*&
ranaSk@*'#'
ranaSk@**
ranaSk@*@
ranaSk@@
ranaSk@@!
ranaSk@@$
ranaSk@@%
ranaSk@@&
ranaSk@@'#'
ranaSk@@*
ranaSk@@@
ranaSk_009
ranaSk_0091
ranaSk_01
ranaSk_0109
ranaSk_011
ranaSk_0187
ranaSk_09
ranaSk_0901
ranaSk_091
ranaSk_1
ranaSk_1009
ranaSk_101
ranaSk_109
ranaSk_187
ranaSk_1987
ranaSk_1990
ranaSk_1991
ranaSk_1992
ranaSk_1993
ranaSk_1994
ranaSk_1995
ranaSk_1996
ranaSk_1997
ranaSk_1998
ranaSk_1999
ranaSk_2000
ranaSk_2001
ranaSk_2002
ranaSk_2003
ranaSk_2004
ranaSk_2005
ranaSk_2006
ranaSk_2007
ranaSk_2008
ranaSk_2009
ranaSk_2010
ranaSk_2011
ranaSk_2012
ranaSk_2013
ranaSk_2014
ranaSk_2015
ranaSk_2016
ranaSk_2017
ranaSk_2018
ranaSk_2019
ranaSk_2020
ranaSk_87
ranaSk_8701
ranaSk_871
ranaSk_987
ranaSk_9871
ranaYasir
ranaYasir!
ranaYasir!!
ranaYasir!$
ranaYasir!%
ranaYasir!&
ranaYasir!*
ranaYasir!@
ranaYasir$
ranaYasir$!
ranaYasir$$
ranaYasir$%
ranaYasir$&
ranaYasir$*
ranaYasir$@
ranaYasir%
ranaYasir%!
ranaYasir%$
ranaYasir%%
ranaYasir%&
ranaYasir%*
ranaYasir%@
ranaYasir&
ranaYasir&!
ranaYasir&$
ranaYasir&%
ranaYasir&&
ranaYasir&*
ranaYasir&@
ranaYasir*
ranaYasir*!
ranaYasir*$
ranaYasir*%
ranaYasir*&
ranaYasir**
ranaYasir*@
ranaYasir0
ranaYasir06
ranaYasir07
ranaYasir1
ranaYasir10
ranaYasir11
ranaYasir12
ranaYasir13
ranaYasir14
ranaYasir15
ranaYasir16
ranaYasir17
ranaYasir18
ranaYasir19
ranaYasir2
ranaYasir20
ranaYasir21
ranaYasir22
ranaYasir23
ranaYasir24
ranaYasir25
ranaYasir26
ranaYasir27
ranaYasir28
ranaYasir29
ranaYasir3
ranaYasir30
ranaYasir31
ranaYasir32
ranaYasir33
ranaYasir34
ranaYasir35
ranaYasir36
ranaYasir37
ranaYasir38
ranaYasir39
ranaYasir4
ranaYasir40
ranaYasir41
ranaYasir42
ranaYasir43
ranaYasir44
ranaYasir45
ranaYasir46
ranaYasir47
ranaYasir48
ranaYasir49
ranaYasir5
ranaYasir50
ranaYasir51
ranaYasir52
ranaYasir53
ranaYasir54
ranaYasir55
ranaYasir56
ranaYasir57
ranaYasir58
ranaYasir59
ranaYasir6
ranaYasir60
ranaYasir61
ranaYasir62
ranaYasir63
ranaYasir64
ranaYasir65
ranaYasir66
ranaYasir67
ranaYasir68
ranaYasir69
ranaYasir7
ranaYasir70
ranaYasir71
ranaYasir72
ranaYasir73
ranaYasir74
ranaYasir75
ranaYasir76
ranaYasir77
ranaYasir78
ranaYasir79
ranaYasir8
ranaYasir80
ranaYasir81
ranaYasir82
ranaYasir83
ranaYasir84
ranaYasir85
ranaYasir86
ranaYasir87
ranaYasir88
ranaYasir89
ranaYasir9
ranaYasir90
ranaYasir91
ranaYasir92
ranaYasir93
ranaYasir94
ranaYasir95
ranaYasir96
ranaYasir97
ranaYasir98
ranaYasir99
ranaYasir@
ranaYasir@!
ranaYasir@$
ranaYasir@%
ranaYasir@&
ranaYasir@*
ranaYasir@@
ranaYasir_6
ranaYasir_7
rana_006
rana_00606
rana_006066
rana_006067
rana_00607
rana_006076
rana_006077
rana_0066
rana_006606
rana_006607
rana_00667
rana_0067
rana_006706
rana_006707
rana_00676
rana_009
rana_00901
rana_009011
rana_00909
rana_009091
rana_0091
rana_009101
rana_009109
rana_01
rana_01009
rana_010091
rana_0109
rana_01091
rana_011
rana_011009
rana_01109
rana_01187
rana_011987
rana_012009
rana_0187
rana_01871
rana_01987
rana_019871
rana_06
rana_06006
rana_060066
rana_060067
rana_0607
rana_06076
rana_06077
rana_062006
rana_066
rana_066006
rana_06607
rana_0667
rana_067
rana_067006
rana_06707
rana_0676
rana_07
rana_07006
rana_070066
rana_070067
rana_0706
rana_07066
rana_07067
rana_072006
rana_076
rana_076006
rana_07606
rana_0767
rana_077
rana_077006
rana_07706
rana_0776
rana_09
rana_09009
rana_090091
rana_0901
rana_09011
rana_091
rana_091009
rana_09101
rana_092009
rana_1
rana_1009
rana_100901
rana_100909
rana_101
rana_101009
rana_10109
rana_10187
rana_101987
rana_109
rana_109009
rana_10901
rana_11987
rana_12009
rana_187
rana_18701
rana_187987
rana_1987
rana_198701
rana_19871
rana_198787
rana_1990
rana_1991
rana_1992
rana_1993
rana_1994
rana_1995
rana_1996
rana_1997
rana_1998
rana_1999
rana_2000
rana_2001
rana_2002
rana_2003
rana_2004
rana_2005
rana_2006
rana_200606
rana_200607
rana_20066
rana_200667
rana_20067
rana_200676
rana_2007
rana_2008
rana_2009
rana_200901
rana_200909
rana_20091
rana_2010
rana_2011
rana_2012
rana_2013
rana_2014
rana_2015
rana_2016
rana_2017
rana_2018
rana_2019
rana_2020
rana_6
rana_6006
rana_600606
rana_600607
rana_60067
rana_606
rana_606006
rana_60607
rana_6067
rana_607
rana_607006
rana_60706
rana_6077
rana_62006
rana_620067
rana_67
rana_67006
rana_6706
rana_6707
rana_672006
rana_7
rana_7006
rana_700606
rana_700607
rana_70066
rana_706
rana_706006
rana_70607
rana_7066
rana_707
rana_707006
rana_70706
rana_7076
rana_72006
rana_720066
rana_76
rana_76006
rana_7606
rana_7607
rana_762006
rana_87
rana_8701
rana_87011
rana_871
rana_87101
rana_871987
rana_87987
rana_879871
rana_987
rana_98701
rana_987011
rana_9871
rana_987101
rana_987187
rana_98787
rana_987871
ranask
ranask!
ranask!!
ranask!!!
ranask!!$
ranask!!%
ranask!!&
ranask!!'#'
ranask!!*
ranask!!@
ranask!$
ranask!$!
ranask!$$
ranask!$%
ranask!$&
ranask!$'#'
ranask!$*
ranask!$@
ranask!%
ranask!%!
ranask!%$
ranask!%%
ranask!%&
ranask!%'#'
ranask!%*
ranask!%@
ranask!&
ranask!&!
ranask!&$
ranask!&%
ranask!&&
ranask!&'#'
ranask!&*
ranask!&@
ranask!'#'
ranask!'#'!
ranask!'#'$
ranask!'#'%
ranask!'#'&
ranask!'#'*
ranask!'#'@
ranask!*
ranask!*!
ranask!*$
ranask!*%
ranask!*&
ranask!*'#'
ranask!**
ranask!*@
ranask!@
ranask!@!
ranask!@$
ranask!@%
ranask!@&
ranask!@'#'
ranask!@*
ranask!@@
ranask$
ranask$!
ranask$!!
ranask$!$
ranask$!%
ranask$!&
ranask$!'#'
ranask$!*
ranask$!@
ranask$$
ranask$$!
ranask$$$
ranask$$%
ranask$$&
ranask$$'#'
ranask$$*
ranask$$@
ranask$%
ranask$%!
ranask$%$
ranask$%%
ranask$%&
ranask$%'#'
ranask$%*
ranask$%@
ranask$&
ranask$&!
ranask$&$
ranask$&%
ranask$&&
ranask$&'#'
ranask$&*
ranask$&@
ranask$'#'
ranask$'#'!
ranask$'#'$
ranask$'#'%
ranask$'#'&
ranask$'#'*
ranask$'#'@
ranask$*
ranask$*!
ranask$*$
ranask$*%
ranask$*&
ranask$*'#'
ranask$**
ranask$*@
ranask$@
ranask$@!
ranask$@$
ranask$@%
ranask$@&
ranask$@'#'
ranask$@*
ranask$@@
ranask%
ranask%!
ranask%!!
ranask%!$
ranask%!%
ranask%!&
ranask%!'#'
ranask%!*
ranask%!@
ranask%$
ranask%$!
ranask%$$
ranask%$%
ranask%$&
ranask%$'#'
ranask%$*
ranask%$@
ranask%%
ranask%%!
ranask%%$
ranask%%%
ranask%%&
ranask%%'#'
ranask%%*
ranask%%@
ranask%&
ranask%&!
ranask%&$
ranask%&%
ranask%&&
ranask%&'#'
ranask%&*
ranask%&@
ranask%'#'
ranask%'#'!
ranask%'#'$
ranask%'#'%
ranask%'#'&
ranask%'#'*
ranask%'#'@
ranask%*
ranask%*!
ranask%*$
ranask%*%
ranask%*&
ranask%*'#'
ranask%**
ranask%*@
ranask%@
ranask%@!
ranask%@$
ranask%@%
ranask%@&
ranask%@'#'
ranask%@*
ranask%@@
ranask&
ranask&!
ranask&!!
ranask&!$
ranask&!%
ranask&!&
ranask&!'#'
ranask&!*
ranask&!@
ranask&$
ranask&$!
ranask&$$
ranask&$%
ranask&$&
ranask&$'#'
ranask&$*
ranask&$@
ranask&%
ranask&%!
ranask&%$
ranask&%%
ranask&%&
ranask&%'#'
ranask&%*
ranask&%@
ranask&&
ranask&&!
ranask&&$
ranask&&%
ranask&&&
ranask&&'#'
ranask&&*
ranask&&@
ranask&'#'
ranask&'#'!
ranask&'#'$
ranask&'#'%
ranask&'#'&
ranask&'#'*
ranask&'#'@
ranask&*
ranask&*!
ranask&*$
ranask&*%
ranask&*&
ranask&*'#'
ranask&**
ranask&*@
ranask&@
ranask&@!
ranask&@$
ranask&@%
ranask&@&
ranask&@'#'
ranask&@*
ranask&@@
ranask'#'
ranask'#'!
ranask'#'!!
ranask'#'!$
ranask'#'!%
ranask'#'!&
ranask'#'!*
ranask'#'!@
ranask'#'$
ranask'#'$!
ranask'#'$$
ranask'#'$%
ranask'#'$&
ranask'#'$*
ranask'#'$@
ranask'#'%
ranask'#'%!
ranask'#'%$
ranask'#'%%
ranask'#'%&
ranask'#'%*
ranask'#'%@
ranask'#'&
ranask'#'&!
ranask'#'&$
ranask'#'&%
ranask'#'&&
ranask'#'&*
ranask'#'&@
ranask'#'*
ranask'#'*!
ranask'#'*$
ranask'#'*%
ranask'#'*&
ranask'#'**
ranask'#'*@
ranask'#'@
ranask'#'@!
ranask'#'@$
ranask'#'@%
ranask'#'@&
ranask'#'@*
ranask'#'@@
ranask*
ranask*!
ranask*!!
ranask*!$
ranask*!%
ranask*!&
ranask*!'#'
ranask*!*
ranask*!@
ranask*$
ranask*$!
ranask*$$
ranask*$%
ranask*$&
ranask*$'#'
ranask*$*
ranask*$@
ranask*%
ranask*%!
ranask*%$
ranask*%%
ranask*%&
ranask*%'#'
ranask*%*
ranask*%@
ranask*&
ranask*&!
ranask*&$
ranask*&%
ranask*&&
ranask*&'#'
ranask*&*
ranask*&@
ranask*'#'
ranask*'#'!
ranask*'#'$
ranask*'#'%
ranask*'#'&
ranask*'#'*
ranask*'#'@
ranask**
ranask**!
ranask**$
ranask**%
ranask**&
ranask**'#'
ranask***
ranask**@
ranask*@
ranask*@!
ranask*@$
ranask*@%
ranask*@&
ranask*@'#'
ranask*@*
ranask*@@
ranask0
ranask009
ranask00901
ranask00909
ranask0091
ranask01
ranask01009
ranask0109
ranask01091
ranask011
ranask01109
ranask01187
ranask0187
ranask01871
ranask01987
ranask09
ranask09009
ranask0901
ranask09011
ranask091
ranask09101
ranask1
ranask10
ranask1009
ranask101
ranask10109
ranask10187
ranask109
ranask10901
ranask11
ranask11987
ranask12
ranask12009
ranask13
ranask14
ranask15
ranask16
ranask17
ranask18
ranask187
ranask18701
ranask19
ranask1987
ranask19871
ranask1990
ranask1991
ranask1992
ranask1993
ranask1994
ranask1995
ranask1996
ranask1997
ranask1998
ranask1999
ranask2
ranask20
ranask2000
ranask2001
ranask2002
ranask2003
ranask2004
ranask2005
ranask2006
ranask2007
ranask2008
ranask2009
ranask20091
ranask2010
ranask2011
ranask2012
ranask2013
ranask2014
ranask2015
ranask2016
ranask2017
ranask2018
ranask2019
ranask2020
ranask21
ranask22
ranask23
ranask24
ranask25
ranask26
ranask27
ranask28
ranask29
ranask3
ranask30
ranask31
ranask32
ranask33
ranask34
ranask35
ranask36
ranask37
ranask38
ranask39
ranask4
ranask40
ranask41
ranask42
ranask43
ranask44
ranask45
ranask46
ranask47
ranask48
ranask49
ranask5
ranask50
ranask51
ranask52
ranask53
ranask54
ranask55
ranask56
ranask57
ranask58
ranask59
ranask6
ranask60
ranask61
ranask62
ranask63
ranask64
ranask65
ranask66
ranask67
ranask68
ranask69
ranask7
ranask70
ranask71
ranask72
ranask73
ranask74
ranask75
ranask76
ranask77
ranask78
ranask79
ranask8
ranask80
ranask81
ranask82
ranask83
ranask84
ranask85
ranask86
ranask87
ranask8701
ranask87011
ranask871
ranask87101
ranask87987
ranask88
ranask89
ranask9
ranask90
ranask91
ranask92
ranask93
ranask94
ranask95
ranask96
ranask97
ranask98
ranask987
ranask98701
ranask9871
ranask98787
ranask99
ranask@
ranask@!
ranask@!!
ranask@!$
ranask@!%
ranask@!&
ranask@!'#'
ranask@!*
ranask@!@
ranask@$
ranask@$!
ranask@$$
ranask@$%
ranask@$&
ranask@$'#'
ranask@$*
ranask@$@
ranask@%
ranask@%!
ranask@%$
ranask@%%
ranask@%&
ranask@%'#'
ranask@%*
ranask@%@
ranask@&
ranask@&!
ranask@&$
ranask@&%
ranask@&&
ranask@&'#'
ranask@&*
ranask@&@
ranask@'#'
ranask@'#'!
ranask@'#'$
ranask@'#'%
ranask@'#'&
ranask@'#'*
ranask@'#'@
ranask@*
ranask@*!
ranask@*$
ranask@*%
ranask@*&
ranask@*'#'
ranask@**
ranask@*@
ranask@@
ranask@@!
ranask@@$
ranask@@%
ranask@@&
ranask@@'#'
ranask@@*
ranask@@@
ranask_009
ranask_0091
ranask_01
ranask_0109
ranask_011
ranask_0187
ranask_09
ranask_0901
ranask_091
ranask_1
ranask_1009
ranask_101
ranask_109
ranask_187
ranask_1987
ranask_1990
ranask_1991
ranask_1992
ranask_1993
ranask_1994
ranask_1995
ranask_1996
ranask_1997
ranask_1998
ranask_1999
ranask_2000
ranask_2001
ranask_2002
ranask_2003
ranask_2004
ranask_2005
ranask_2006
ranask_2007
ranask_2008
ranask_2009
ranask_2010
ranask_2011
ranask_2012
ranask_2013
ranask_2014
ranask_2015
ranask_2016
ranask_2017
ranask_2018
ranask_2019
ranask_2020
ranask_87
ranask_8701
ranask_871
ranask_987
ranask_9871
ranayasir
ranayasir!
ranayasir!!
ranayasir!$
ranayasir!%
ranayasir!&
ranayasir!*
ranayasir!@
ranayasir$
ranayasir$!
ranayasir$$
ranayasir$%
ranayasir$&
ranayasir$*
ranayasir$@
ranayasir%
ranayasir%!
ranayasir%$
ranayasir%%
ranayasir%&
ranayasir%*
ranayasir%@
ranayasir&
ranayasir&!
ranayasir&$
ranayasir&%
ranayasir&&
ranayasir&*
ranayasir&@
ranayasir*
ranayasir*!
ranayasir*$
ranayasir*%
ranayasir*&
ranayasir**
ranayasir*@
ranayasir0
ranayasir06
ranayasir07
ranayasir1
ranayasir10
ranayasir11
ranayasir12
ranayasir13
ranayasir14
ranayasir15
ranayasir16
ranayasir17
ranayasir18
ranayasir19
ranayasir2
ranayasir20
ranayasir21
ranayasir22
ranayasir23
ranayasir24
ranayasir25
ranayasir26
ranayasir27
ranayasir28
ranayasir29
ranayasir3
ranayasir30
ranayasir31
ranayasir32
ranayasir33
ranayasir34
ranayasir35
ranayasir36
ranayasir37
ranayasir38
ranayasir39
ranayasir4
ranayasir40
ranayasir41
ranayasir42
ranayasir43
ranayasir44
ranayasir45
ranayasir46
ranayasir47
ranayasir48
ranayasir49
ranayasir5
ranayasir50
ranayasir51
ranayasir52
ranayasir53
ranayasir54
ranayasir55
ranayasir56
ranayasir57
ranayasir58
ranayasir59
ranayasir6
ranayasir60
ranayasir61
ranayasir62
ranayasir63
ranayasir64
ranayasir65
ranayasir66
ranayasir67
ranayasir68
ranayasir69
ranayasir7
ranayasir70
ranayasir71
ranayasir72
ranayasir73
ranayasir74
ranayasir75
ranayasir76
ranayasir77
ranayasir78
ranayasir79
ranayasir8
ranayasir80
ranayasir81
ranayasir82
ranayasir83
ranayasir84
ranayasir85
ranayasir86
ranayasir87
ranayasir88
ranayasir89
ranayasir9
ranayasir90
ranayasir91
ranayasir92
ranayasir93
ranayasir94
ranayasir95
ranayasir96
ranayasir97
ranayasir98
ranayasir99
ranayasir@
ranayasir@!
ranayasir@$
ranayasir@%
ranayasir@&
ranayasir@*
ranayasir@@
ranayasir_6
ranayasir_7
risaY!
risaY!!
risaY!!!
risaY!!$
risaY!!%
risaY!!&
risaY!!'#'
risaY!!*
risaY!!@
risaY!$
risaY!$!
risaY!$$
risaY!$%
risaY!$&
risaY!$'#'
risaY!$*
risaY!$@
risaY!%
risaY!%!
risaY!%$
risaY!%%
risaY!%&
risaY!%'#'
risaY!%*
risaY!%@
risaY!&
risaY!&!
risaY!&$
risaY!&%
risaY!&&
risaY!&'#'
risaY!&*
risaY!&@
risaY!'#'
risaY!'#'!
risaY!'#'$
risaY!'#'%
risaY!'#'&
risaY!'#'*
risaY!'#'@
risaY!*
risaY!*!
risaY!*$
risaY!*%
risaY!*&
risaY!*'#'
risaY!**
risaY!*@
risaY!@
risaY!@!
risaY!@$
risaY!@%
risaY!@&
risaY!@'#'
risaY!@*
risaY!@@
risaY$
risaY$!
risaY$!!
risaY$!$
risaY$!%
risaY$!&
risaY$!'#'
risaY$!*
risaY$!@
risaY$$
risaY$$!
risaY$$$
risaY$$%
risaY$$&
risaY$$'#'
risaY$$*
risaY$$@
risaY$%
risaY$%!
risaY$%$
risaY$%%
risaY$%&
risaY$%'#'
risaY$%*
risaY$%@
risaY$&
risaY$&!
risaY$&$
risaY$&%
risaY$&&
risaY$&'#'
risaY$&*
risaY$&@
risaY$'#'
risaY$'#'!
risaY$'#'$
risaY$'#'%
risaY$'#'&
risaY$'#'*
risaY$'#'@
risaY$*
risaY$*!
risaY$*$
risaY$*%
risaY$*&
risaY$*'#'
risaY$**
risaY$*@
risaY$@
risaY$@!
risaY$@$
risaY$@%
risaY$@&
risaY$@'#'
risaY$@*
risaY$@@
risaY%
risaY%!
risaY%!!
risaY%!$
risaY%!%
risaY%!&
risaY%!'#'
risaY%!*
risaY%!@
risaY%$
risaY%$!
risaY%$$
risaY%$%
risaY%$&
risaY%$'#'
risaY%$*
risaY%$@
risaY%%
risaY%%!
risaY%%$
risaY%%%
risaY%%&
risaY%%'#'
risaY%%*
risaY%%@
risaY%&
risaY%&!
risaY%&$
risaY%&%
risaY%&&
risaY%&'#'
risaY%&*
risaY%&@
risaY%'#'
risaY%'#'!
risaY%'#'$
risaY%'#'%
risaY%'#'&
risaY%'#'*
risaY%'#'@
risaY%*
risaY%*!
risaY%*$
risaY%*%
risaY%*&
risaY%*'#'
risaY%**
risaY%*@
risaY%@
risaY%@!
risaY%@$
risaY%@%
risaY%@&
risaY%@'#'
risaY%@*
risaY%@@
risaY&
risaY&!
risaY&!!
risaY&!$
risaY&!%
risaY&!&
risaY&!'#'
risaY&!*
risaY&!@
risaY&$
risaY&$!
risaY&$$
risaY&$%
risaY&$&
risaY&$'#'
risaY&$*
risaY&$@
risaY&%
risaY&%!
risaY&%$
risaY&%%
risaY&%&
risaY&%'#'
risaY&%*
risaY&%@
risaY&&
risaY&&!
risaY&&$
risaY&&%
risaY&&&
risaY&&'#'
risaY&&*
risaY&&@
risaY&'#'
risaY&'#'!
risaY&'#'$
risaY&'#'%
risaY&'#'&
risaY&'#'*
risaY&'#'@
risaY&*
risaY&*!
risaY&*$
risaY&*%
risaY&*&
risaY&*'#'
risaY&**
risaY&*@
risaY&@
risaY&@!
risaY&@$
risaY&@%
risaY&@&
risaY&@'#'
risaY&@*
risaY&@@
risaY'#'
risaY'#'!
risaY'#'!!
risaY'#'!$
risaY'#'!%
risaY'#'!&
risaY'#'!*
risaY'#'!@
risaY'#'$
risaY'#'$!
risaY'#'$$
risaY'#'$%
risaY'#'$&
risaY'#'$*
risaY'#'$@
risaY'#'%
risaY'#'%!
risaY'#'%$
risaY'#'%%
risaY'#'%&
risaY'#'%*
risaY'#'%@
risaY'#'&
risaY'#'&!
risaY'#'&$
risaY'#'&%
risaY'#'&&
risaY'#'&*
risaY'#'&@
risaY'#''#'
risaY'#'*
risaY'#'*!
risaY'#'*$
risaY'#'*%
risaY'#'*&
risaY'#'**
risaY'#'*@
risaY'#'@
risaY'#'@!
risaY'#'@$
risaY'#'@%
risaY'#'@&
risaY'#'@*
risaY'#'@@
risaY*
risaY*!
risaY*!!
risaY*!$
risaY*!%
risaY*!&
risaY*!'#'
risaY*!*
risaY*!@
risaY*$
risaY*$!
risaY*$$
risaY*$%
risaY*$&
risaY*$'#'
risaY*$*
risaY*$@
risaY*%
risaY*%!
risaY*%$
risaY*%%
risaY*%&
risaY*%'#'
risaY*%*
risaY*%@
risaY*&
risaY*&!
risaY*&$
risaY*&%
risaY*&&
risaY*&'#'
risaY*&*
risaY*&@
risaY*'#'
risaY*'#'!
risaY*'#'$
risaY*'#'%
risaY*'#'&
risaY*'#'*
risaY*'#'@
risaY**
risaY**!
risaY**$
risaY**%
risaY**&
risaY**'#'
risaY***
risaY**@
risaY*@
risaY*@!
risaY*@$
risaY*@%
risaY*@&
risaY*@'#'
risaY*@*
risaY*@@
risaY006
risaY00606
risaY006066
risaY006067
risaY00607
risaY006076
risaY006077
risaY0066
risaY006606
risaY006607
risaY00667
risaY0067
risaY006706
risaY006707
risaY00676
risaY06
risaY06006
risaY060066
risaY060067
risaY0607
risaY06076
risaY06077
risaY062006
risaY066
risaY066006
risaY06607
risaY0667
risaY067
risaY067006
risaY06707
risaY0676
risaY07
risaY07006
risaY070066
risaY070067
risaY0706
risaY07066
risaY07067
risaY072006
risaY076
risaY076006
risaY07606
risaY0767
risaY077
risaY077006
risaY07706
risaY0776
risaY1990
risaY1991
risaY1992
risaY1993
risaY1994
risaY1995
risaY1996
risaY1997
risaY1998
risaY1999
risaY2000
risaY2001
risaY2002
risaY2003
risaY2004
risaY2005
risaY2006
risaY200606
risaY200607
risaY20066
risaY200667
risaY20067
risaY200676
risaY2007
risaY2008
risaY2009
risaY2010
risaY2011
risaY2012
risaY2013
risaY2014
risaY2015
risaY2016
risaY2017
risaY2018
risaY2019
risaY2020
risaY6
risaY6006
risaY600606
risaY600607
risaY60067
risaY606
risaY606006
risaY60607
risaY6067
risaY607
risaY607006
risaY60706
risaY6077
risaY62006
risaY620067
risaY67
risaY67006
risaY6706
risaY6707
risaY672006
risaY7
risaY7006
risaY700606
risaY700607
risaY70066
risaY706
risaY706006
risaY70607
risaY7066
risaY707
risaY707006
risaY70706
risaY7076
risaY72006
risaY720066
risaY76
risaY76006
risaY7606
risaY7607
risaY762006
risaY@
risaY@!
risaY@!!
risaY@!$
risaY@!%
risaY@!&
risaY@!'#'
risaY@!*
risaY@!@
risaY@$
risaY@$!
risaY@$$
risaY@$%
risaY@$&
risaY@$'#'
risaY@$*
risaY@$@
risaY@%
risaY@%!
risaY@%$
risaY@%%
risaY@%&
risaY@%'#'
risaY@%*
risaY@%@
risaY@&
risaY@&!
risaY@&$
risaY@&%
risaY@&&
risaY@&'#'
risaY@&*
risaY@&@
risaY@'#'
risaY@'#'!
risaY@'#'$
risaY@'#'%
risaY@'#'&
risaY@'#'*
risaY@'#'@
risaY@*
risaY@*!
risaY@*$
risaY@*%
risaY@*&
risaY@*'#'
risaY@**
risaY@*@
risaY@@
risaY@@!
risaY@@$
risaY@@%
risaY@@&
risaY@@'#'
risaY@@*
risaY@@@
risaY_006
risaY_00606
risaY_00607
risaY_0066
risaY_00667
risaY_0067
risaY_00676
risaY_06
risaY_06006
risaY_0607
risaY_06076
risaY_06077
risaY_066
risaY_06607
risaY_0667
risaY_067
risaY_06707
risaY_0676
risaY_07
risaY_07006
risaY_0706
risaY_07066
risaY_07067
risaY_076
risaY_07606
risaY_0767
risaY_077
risaY_07706
risaY_0776
risaY_1990
risaY_1991
risaY_1992
risaY_1993
risaY_1994
risaY_1995
risaY_1996
risaY_1997
risaY_1998
risaY_1999
risaY_2000
risaY_2001
risaY_2002
risaY_2003
risaY_2004
risaY_2005
risaY_2006
risaY_20066
risaY_20067
risaY_2007
risaY_2008
risaY_2009
risaY_2010
risaY_2011
risaY_2012
risaY_2013
risaY_2014
risaY_2015
risaY_2016
risaY_2017
risaY_2018
risaY_2019
risaY_2020
risaY_6
risaY_6006
risaY_60067
risaY_606
risaY_60607
risaY_6067
risaY_607
risaY_60706
risaY_6077
risaY_62006
risaY_67
risaY_67006
risaY_6706
risaY_6707
risaY_7
risaY_7006
risaY_70066
risaY_706
risaY_70607
risaY_7066
risaY_707
risaY_70706
risaY_7076
risaY_72006
risaY_76
risaY_76006
risaY_7606
risaY_7607
risay!
risay!!
risay!!!
risay!!$
risay!!%
risay!!&
risay!!'#'
risay!!*
risay!!@
risay!$
risay!$!
risay!$$
risay!$%
risay!$&
risay!$'#'
risay!$*
risay!$@
risay!%
risay!%!
risay!%$
risay!%%
risay!%&
risay!%'#'
risay!%*
risay!%@
risay!&
risay!&!
risay!&$
risay!&%
risay!&&
risay!&'#'
risay!&*
risay!&@
risay!'#'
risay!'#'!
risay!'#'$
risay!'#'%
risay!'#'&
risay!'#'*
risay!'#'@
risay!*
risay!*!
risay!*$
risay!*%
risay!*&
risay!*'#'
risay!**
risay!*@
risay!@
risay!@!
risay!@$
risay!@%
risay!@&
risay!@'#'
risay!@*
risay!@@
risay$
risay$!
risay$!!
risay$!$
risay$!%
risay$!&
risay$!'#'
risay$!*
risay$!@
risay$$
risay$$!
risay$$$
risay$$%
risay$$&
risay$$'#'
risay$$*
risay$$@
risay$%
risay$%!
risay$%$
risay$%%
risay$%&
risay$%'#'
risay$%*
risay$%@
risay$&
risay$&!
risay$&$
risay$&%
risay$&&
risay$&'#'
risay$&*
risay$&@
risay$'#'
risay$'#'!
risay$'#'$
risay$'#'%
risay$'#'&
risay$'#'*
risay$'#'@
risay$*
risay$*!
risay$*$
risay$*%
risay$*&
risay$*'#'
risay$**
risay$*@
risay$@
risay$@!
risay$@$
risay$@%
risay$@&
risay$@'#'
risay$@*
risay$@@
risay%
risay%!
risay%!!
risay%!$
risay%!%
risay%!&
risay%!'#'
risay%!*
risay%!@
risay%$
risay%$!
risay%$$
risay%$%
risay%$&
risay%$'#'
risay%$*
risay%$@
risay%%
risay%%!
risay%%$
risay%%%
risay%%&
risay%%'#'
risay%%*
risay%%@
risay%&
risay%&!
risay%&$
risay%&%
risay%&&
risay%&'#'
risay%&*
risay%&@
risay%'#'
risay%'#'!
risay%'#'$
risay%'#'%
risay%'#'&
risay%'#'*
risay%'#'@
risay%*
risay%*!
risay%*$
risay%*%
risay%*&
risay%*'#'
risay%**
risay%*@
risay%@
risay%@!
risay%@$
risay%@%
risay%@&
risay%@'#'
risay%@*
risay%@@
risay&
risay&!
risay&!!
risay&!$
risay&!%
risay&!&
risay&!'#'
risay&!*
risay&!@
risay&$
risay&$!
risay&$$
risay&$%
risay&$&
risay&$'#'
risay&$*
risay&$@
risay&%
risay&%!
risay&%$
risay&%%
risay&%&
risay&%'#'
risay&%*
risay&%@
risay&&
risay&&!
risay&&$
risay&&%
risay&&&
risay&&'#'
risay&&*
risay&&@
risay&'#'
risay&'#'!
risay&'#'$
risay&'#'%
risay&'#'&
risay&'#'*
risay&'#'@
risay&*
risay&*!
risay&*$
risay&*%
risay&*&
risay&*'#'
risay&**
risay&*@
risay&@
risay&@!
risay&@$
risay&@%
risay&@&
risay&@'#'
risay&@*
risay&@@
risay'#'
risay'#'!
risay'#'!!
risay'#'!$
risay'#'!%
risay'#'!&
risay'#'!*
risay'#'!@
risay'#'$
risay'#'$!
risay'#'$$
risay'#'$%
risay'#'$&
risay'#'$*
risay'#'$@
risay'#'%
risay'#'%!
risay'#'%$
risay'#'%%
risay'#'%&
risay'#'%*
risay'#'%@
risay'#'&
risay'#'&!
risay'#'&$
risay'#'&%
risay'#'&&
risay'#'&*
risay'#'&@
risay'#''#'
risay'#'*
risay'#'*!
risay'#'*$
risay'#'*%
risay'#'*&
risay'#'**
risay'#'*@
risay'#'@
risay'#'@!
risay'#'@$
risay'#'@%
risay'#'@&
risay'#'@*
risay'#'@@
risay*
risay*!
risay*!!
risay*!$
risay*!%
risay*!&
risay*!'#'
risay*!*
risay*!@
risay*$
risay*$!
risay*$$
risay*$%
risay*$&
risay*$'#'
risay*$*
risay*$@
risay*%
risay*%!
risay*%$
risay*%%
risay*%&
risay*%'#'
risay*%*
risay*%@
risay*&
risay*&!
risay*&$
risay*&%
risay*&&
risay*&'#'
risay*&*
risay*&@
risay*'#'
risay*'#'!
risay*'#'$
risay*'#'%
risay*'#'&
risay*'#'*
risay*'#'@
risay**
risay**!
risay**$
risay**%
risay**&
risay**'#'
risay***
risay**@
risay*@
risay*@!
risay*@$
risay*@%
risay*@&
risay*@'#'
risay*@*
risay*@@
risay006
risay00606
risay006066
risay006067
risay00607
risay006076
risay006077
risay0066
risay006606
risay006607
risay00667
risay0067
risay006706
risay006707
risay00676
risay06
risay06006
risay060066
risay060067
risay0607
risay06076
risay06077
risay062006
risay066
risay066006
risay06607
risay0667
risay067
risay067006
risay06707
risay0676
risay07
risay07006
risay070066
risay070067
risay0706
risay07066
risay07067
risay072006
risay076
risay076006
risay07606
risay0767
risay077
risay077006
risay07706
risay0776
risay1990
risay1991
risay1992
risay1993
risay1994
risay1995
risay1996
risay1997
risay1998
risay1999
risay2000
risay2001
risay2002
risay2003
risay2004
risay2005
risay2006
risay200606
risay200607
risay20066
risay200667
risay20067
risay200676
risay2007
risay2008
risay2009
risay2010
risay2011
risay2012
risay2013
risay2014
risay2015
risay2016
risay2017
risay2018
risay2019
risay2020
risay6
risay6006
risay600606
risay600607
risay60067
risay606
risay606006
risay60607
risay6067
risay607
risay607006
risay60706
risay6077
risay62006
risay620067
risay67
risay67006
risay6706
risay6707
risay672006
risay7
risay7006
risay700606
risay700607
risay70066
risay706
risay706006
risay70607
risay7066
risay707
risay707006
risay70706
risay7076
risay72006
risay720066
risay76
risay76006
risay7606
risay7607
risay762006
risay@
risay@!
risay@!!
risay@!$
risay@!%
risay@!&
risay@!'#'
risay@!*
risay@!@
risay@$
risay@$!
risay@$$
risay@$%
risay@$&
risay@$'#'
risay@$*
risay@$@
risay@%
risay@%!
risay@%$
risay@%%
risay@%&
risay@%'#'
risay@%*
risay@%@
risay@&
risay@&!
risay@&$
risay@&%
risay@&&
risay@&'#'
risay@&*
risay@&@
risay@'#'
risay@'#'!
risay@'#'$
risay@'#'%
risay@'#'&
risay@'#'*
risay@'#'@
risay@*
risay@*!
risay@*$
risay@*%
risay@*&
risay@*'#'
risay@**
risay@*@
risay@@
risay@@!
risay@@$
risay@@%
risay@@&
risay@@'#'
risay@@*
risay@@@
risay_006
risay_00606
risay_00607
risay_0066
risay_00667
risay_0067
risay_00676
risay_06
risay_06006
risay_0607
risay_06076
risay_06077
risay_066
risay_06607
risay_0667
risay_067
risay_06707
risay_0676
risay_07
risay_07006
risay_0706
risay_07066
risay_07067
risay_076
risay_07606
risay_0767
risay_077
risay_07706
risay_0776
risay_1990
risay_1991
risay_1992
risay_1993
risay_1994
risay_1995
risay_1996
risay_1997
risay_1998
risay_1999
risay_2000
risay_2001
risay_2002
risay_2003
risay_2004
risay_2005
risay_2006
risay_20066
risay_20067
risay_2007
risay_2008
risay_2009
risay_2010
risay_2011
risay_2012
risay_2013
risay_2014
risay_2015
risay_2016
risay_2017
risay_2018
risay_2019
risay_2020
risay_6
risay_6006
risay_60067
risay_606
risay_60607
risay_6067
risay_607
risay_60706
risay_6077
risay_62006
risay_67
risay_67006
risay_6706
risay_6707
risay_7
risay_7006
risay_70066
risay_706
risay_70607
risay_7066
risay_707
risay_70706
risay_7076
risay_72006
risay_76
risay_76006
risay_7606
risay_7607
rock!!
rock!!!
rock!!$
rock!!%
rock!!&
rock!!'#'
rock!!*
rock!!@
rock!$
rock!$!
rock!$$
rock!$%
rock!$&
rock!$'#'
rock!$*
rock!$@
rock!%
rock!%!
rock!%$
rock!%%
rock!%&
rock!%'#'
rock!%*
rock!%@
rock!&
rock!&!
rock!&$
rock!&%
rock!&&
rock!&'#'
rock!&*
rock!&@
rock!'#'
rock!'#'!
rock!'#'$
rock!'#'%
rock!'#'&
rock!'#''#'
rock!'#'*
rock!'#'@
rock!*
rock!*!
rock!*$
rock!*%
rock!*&
rock!*'#'
rock!**
rock!*@
rock!@
rock!@!
rock!@$
rock!@%
rock!@&
rock!@'#'
rock!@*
rock!@@
rock$!
rock$!!
rock$!$
rock$!%
rock$!&
rock$!'#'
rock$!*
rock$!@
rock$$
rock$$!
rock$$$
rock$$%
rock$$&
rock$$'#'
rock$$*
rock$$@
rock$%
rock$%!
rock$%$
rock$%%
rock$%&
rock$%'#'
rock$%*
rock$%@
rock$&
rock$&!
rock$&$
rock$&%
rock$&&
rock$&'#'
rock$&*
rock$&@
rock$'#'
rock$'#'!
rock$'#'$
rock$'#'%
rock$'#'&
rock$'#''#'
rock$'#'*
rock$'#'@
rock$*
rock$*!
rock$*$
rock$*%
rock$*&
rock$*'#'
rock$**
rock$*@
rock$@
rock$@!
rock$@$
rock$@%
rock$@&
rock$@'#'
rock$@*
rock$@@
rock%!
rock%!!
rock%!$
rock%!%
rock%!&
rock%!'#'
rock%!*
rock%!@
rock%$
rock%$!
rock%$$
rock%$%
rock%$&
rock%$'#'
rock%$*
rock%$@
rock%%
rock%%!
rock%%$
rock%%%
rock%%&
rock%%'#'
rock%%*
rock%%@
rock%&
rock%&!
rock%&$
rock%&%
rock%&&
rock%&'#'
rock%&*
rock%&@
rock%'#'
rock%'#'!
rock%'#'$
rock%'#'%
rock%'#'&
rock%'#''#'
rock%'#'*
rock%'#'@
rock%*
rock%*!
rock%*$
rock%*%
rock%*&
rock%*'#'
rock%**
rock%*@
rock%@
rock%@!
rock%@$
rock%@%
rock%@&
rock%@'#'
rock%@*
rock%@@
rock&!
rock&!!
rock&!$
rock&!%
rock&!&
rock&!'#'
rock&!*
rock&!@
rock&$
rock&$!
rock&$$
rock&$%
rock&$&
rock&$'#'
rock&$*
rock&$@
rock&%
rock&%!
rock&%$
rock&%%
rock&%&
rock&%'#'
rock&%*
rock&%@
rock&&
rock&&!
rock&&$
rock&&%
rock&&&
rock&&'#'
rock&&*
rock&&@
rock&'#'
rock&'#'!
rock&'#'$
rock&'#'%
rock&'#'&
rock&'#''#'
rock&'#'*
rock&'#'@
rock&*
rock&*!
rock&*$
rock&*%
rock&*&
rock&*'#'
rock&**
rock&*@
rock&@
rock&@!
rock&@$
rock&@%
rock&@&
rock&@'#'
rock&@*
rock&@@
rock'#'
rock'#'!
rock'#'!!
rock'#'!$
rock'#'!%
rock'#'!&
rock'#'!'#'
rock'#'!*
rock'#'!@
rock'#'$
rock'#'$!
rock'#'$$
rock'#'$%
rock'#'$&
rock'#'$'#'
rock'#'$*
rock'#'$@
rock'#'%
rock'#'%!
rock'#'%$
rock'#'%%
rock'#'%&
rock'#'%'#'
rock'#'%*
rock'#'%@
rock'#'&
rock'#'&!
rock'#'&$
rock'#'&%
rock'#'&&
rock'#'&'#'
rock'#'&*
rock'#'&@
rock'#''#'
rock'#''#'!
rock'#''#'$
rock'#''#'%
rock'#''#'&
rock'#''#'*
rock'#''#'@
rock'#'*
rock'#'*!
rock'#'*$
rock'#'*%
rock'#'*&
rock'#'*'#'
rock'#'**
rock'#'*@
rock'#'@
rock'#'@!
rock'#'@$
rock'#'@%
rock'#'@&
rock'#'@'#'
rock'#'@*
rock'#'@@
rock*!
rock*!!
rock*!$
rock*!%
rock*!&
rock*!'#'
rock*!*
rock*!@
rock*$
rock*$!
rock*$$
rock*$%
rock*$&
rock*$'#'
rock*$*
rock*$@
rock*%
rock*%!
rock*%$
rock*%%
rock*%&
rock*%'#'
rock*%*
rock*%@
rock*&
rock*&!
rock*&$
rock*&%
rock*&&
rock*&'#'
rock*&*
rock*&@
rock*'#'
rock*'#'!
rock*'#'$
rock*'#'%
rock*'#'&
rock*'#''#'
rock*'#'*
rock*'#'@
rock**
rock**!
rock**$
rock**%
rock**&
rock**'#'
rock***
rock**@
rock*@
rock*@!
rock*@$
rock*@%
rock*@&
rock*@'#'
rock*@*
rock*@@
rock10
rock11
rock12
rock13
rock14
rock15
rock16
rock17
rock18
rock19
rock1990
rock1991
rock1992
rock1993
rock1994
rock1995
rock1996
rock1997
rock1998
rock1999
rock20
rock2000
rock2001
rock2002
rock2003
rock2004
rock2005
rock2006
rock2007
rock2008
rock2009
rock2010
rock2011
rock2012
rock2013
rock2014
rock2015
rock2016
rock2017
rock2018
rock2019
rock2020
rock21
rock22
rock23
rock24
rock25
rock26
rock27
rock28
rock29
rock30
rock31
rock32
rock33
rock34
rock35
rock36
rock37
rock38
rock39
rock40
rock41
rock42
rock43
rock44
rock45
rock46
rock47
rock48
rock49
rock50
rock51
rock52
rock53
rock54
rock55
rock56
rock57
rock58
rock59
rock60
rock61
rock62
rock63
rock64
rock65
rock66
rock67
rock68
rock69
rock70
rock71
rock72
rock73
rock74
rock75
rock76
rock77
rock78
rock79
rock80
rock81
rock82
rock83
rock84
rock85
rock86
rock87
rock88
rock89
rock90
rock91
rock92
rock93
rock94
rock95
rock96
rock97
rock98
rock99
rock@!
rock@!!
rock@!$
rock@!%
rock@!&
rock@!'#'
rock@!*
rock@!@
rock@$
rock@$!
rock@$$
rock@$%
rock@$&
rock@$'#'
rock@$*
rock@$@
rock@%
rock@%!
rock@%$
rock@%%
rock@%&
rock@%'#'
rock@%*
rock@%@
rock@&
rock@&!
rock@&$
rock@&%
rock@&&
rock@&'#'
rock@&*
rock@&@
rock@'#'
rock@'#'!
rock@'#'$
rock@'#'%
rock@'#'&
rock@'#''#'
rock@'#'*
rock@'#'@
rock@*
rock@*!
rock@*$
rock@*%
rock@*&
rock@*'#'
rock@**
rock@*@
rock@@
rock@@!
rock@@$
rock@@%
rock@@&
rock@@'#'
rock@@*
rock@@@
rock_1990
rock_1991
rock_1992
rock_1993
rock_1994
rock_1995
rock_1996
rock_1997
rock_1998
rock_1999
rock_2000
rock_2001
rock_2002
rock_2003
rock_2004
rock_2005
rock_2006
rock_2007
rock_2008
rock_2009
rock_2010
rock_2011
rock_2012
rock_2013
rock_2014
rock_2015
rock_2016
rock_2017
rock_2018
rock_2019
rock_2020
sk!!'#'
sk!$'#'
sk!%'#'
sk!&'#'
sk!'#'
sk!'#'!
sk!'#'$
sk!'#'%
sk!'#'&
sk!'#''#'
sk!'#'*
sk!'#'@
sk!*'#'
sk!@'#'
sk$!'#'
sk$$'#'
sk$%'#'
sk$&'#'
sk$'#'
sk$'#'!
sk$'#'$
sk$'#'%
sk$'#'&
sk$'#''#'
sk$'#'*
sk$'#'@
sk$*'#'
sk$@'#'
sk%!'#'
sk%$'#'
sk%%'#'
sk%&'#'
sk%'#'
sk%'#'!
sk%'#'$
sk%'#'%
sk%'#'&
sk%'#''#'
sk%'#'*
sk%'#'@
sk%*'#'
sk%@'#'
sk&!'#'
sk&$'#'
sk&%'#'
sk&&'#'
sk&'#'
sk&'#'!
sk&'#'$
sk&'#'%
sk&'#'&
sk&'#''#'
sk&'#'*
sk&'#'@
sk&*'#'
sk&@'#'
sk'#'!
sk'#'!!
sk'#'!$
sk'#'!%
sk'#'!&
sk'#'!'#'
sk'#'!*
sk'#'!@
sk'#'$
sk'#'$!
sk'#'$$
sk'#'$%
sk'#'$&
sk'#'$'#'
sk'#'$*
sk'#'$@
sk'#'%
sk'#'%!
sk'#'%$
sk'#'%%
sk'#'%&
sk'#'%'#'
sk'#'%*
sk'#'%@
sk'#'&
sk'#'&!
sk'#'&$
sk'#'&%
sk'#'&&
sk'#'&'#'
sk'#'&*
sk'#'&@
sk'#''#'
sk'#''#'!
sk'#''#'$
sk'#''#'%
sk'#''#'&
sk'#''#''#'
sk'#''#'*
sk'#''#'@
sk'#'*
sk'#'*!
sk'#'*$
sk'#'*%
sk'#'*&
sk'#'*'#'
sk'#'**
sk'#'*@
sk'#'@
sk'#'@!
sk'#'@$
sk'#'@%
sk'#'@&
sk'#'@'#'
sk'#'@*
sk'#'@@
sk*!'#'
sk*$'#'
sk*%'#'
sk*&'#'
sk*'#'
sk*'#'!
sk*'#'$
sk*'#'%
sk*'#'&
sk*'#''#'
sk*'#'*
sk*'#'@
sk**'#'
sk*@'#'
sk00901
sk0090109
sk009011
sk009012009
sk00909
sk0090901
sk009091
sk009092009
sk0091
sk009101
sk009109
sk00912009
sk0092009
sk009200901
sk009200909
sk00920091
sk01009
sk0100909
sk010091
sk010092009
sk0109
sk0109009
sk01091
sk01092009
sk011009
sk01109
sk0111987
sk0112009
sk01187
sk011987
sk0119871
sk01198787
sk011987987
sk012009
sk012009009
sk01200909
sk0120091
sk0187
sk01871
sk01871987
sk0187987
sk01987
sk019871
sk019871987
sk0198787
sk09009
sk0900901
sk090091
sk090092009
sk0901
sk0901009
sk09011
sk09012009
sk091009
sk09101
sk0912009
sk092009
sk092009009
sk09200901
sk0920091
sk1009
sk100901
sk100909
sk10092009
sk101009
sk10109
sk1011987
sk1012009
sk10187
sk101987
sk109009
sk10901
sk1092009
sk11987
sk1198701
sk1198787
sk11987987
sk12009
sk12009009
sk1200901
sk1200909
sk18701
sk1871987
sk187987
sk1987
sk198701
sk1987011
sk19870187
sk198701987
sk19871
sk1987101
sk1987187
sk19871987
sk198787
sk19878701
sk1987871
sk198787987
sk1987987
sk198798701
sk19879871
sk198798787
sk1990
sk1991
sk1992
sk1993
sk1994
sk1995
sk1996
sk1997
sk1998
sk1999
sk2000
sk2001
sk2002
sk2003
sk2004
sk2005
sk2006
sk2007
sk2008
sk2009
sk2009009
sk200900901
sk200900909
sk20090091
sk200901
sk200901009
sk20090109
sk2009011
sk200909
sk200909009
sk20090901
sk2009091
sk20091
sk20091009
sk2009101
sk2009109
sk2010
sk2011
sk2012
sk2013
sk2014
sk2015
sk2016
sk2017
sk2018
sk2019
sk2020
sk8701
sk87011
sk87011987
sk8701987
sk87101
sk8711987
sk871987
sk87198701
sk8719871
sk871987987
sk87987
sk8798701
sk879871
sk879871987
sk98701
sk987011
sk987011987
sk9870187
sk9871
sk987101
sk98711987
sk987187
sk9871987
sk987198701
sk98719871
sk987198787
sk98787
sk9878701
sk987871
sk987871987
sk@!'#'
sk@$'#'
sk@%'#'
sk@&'#'
sk@'#'
sk@'#'!
sk@'#'$
sk@'#'%
sk@'#'&
sk@'#''#'
sk@'#'*
sk@'#'@
sk@*'#'
sk@@'#'
skRana
skRana!
skRana!!
skRana!!!
skRana!!$
skRana!!%
skRana!!&
skRana!!'#'
skRana!!*
skRana!!@
skRana!$
skRana!$!
skRana!$$
skRana!$%
skRana!$&
skRana!$'#'
skRana!$*
skRana!$@
skRana!%
skRana!%!
skRana!%$
skRana!%%
skRana!%&
skRana!%'#'
skRana!%*
skRana!%@
skRana!&
skRana!&!
skRana!&$
skRana!&%
skRana!&&
skRana!&'#'
skRana!&*
skRana!&@
skRana!'#'
skRana!'#'!
skRana!'#'$
skRana!'#'%
skRana!'#'&
skRana!'#'*
skRana!'#'@
skRana!*
skRana!*!
skRana!*$
skRana!*%
skRana!*&
skRana!*'#'
skRana!**
skRana!*@
skRana!@
skRana!@!
skRana!@$
skRana!@%
skRana!@&
skRana!@'#'
skRana!@*
skRana!@@
skRana$
skRana$!
skRana$!!
skRana$!$
skRana$!%
skRana$!&
skRana$!'#'
skRana$!*
skRana$!@
skRana$$
skRana$$!
skRana$$$
skRana$$%
skRana$$&
skRana$$'#'
skRana$$*
skRana$$@
skRana$%
skRana$%!
skRana$%$
skRana$%%
skRana$%&
skRana$%'#'
skRana$%*
skRana$%@
skRana$&
skRana$&!
skRana$&$
skRana$&%
skRana$&&
skRana$&'#'
skRana$&*
skRana$&@
skRana$'#'
skRana$'#'!
skRana$'#'$
skRana$'#'%
skRana$'#'&
skRana$'#'*
skRana$'#'@
skRana$*
skRana$*!
skRana$*$
skRana$*%
skRana$*&
skRana$*'#'
skRana$**
skRana$*@
skRana$@
skRana$@!
skRana$@$
skRana$@%
skRana$@&
skRana$@'#'
skRana$@*
skRana$@@
skRana%
skRana%!
skRana%!!
skRana%!$
skRana%!%
skRana%!&
skRana%!'#'
skRana%!*
skRana%!@
skRana%$
skRana%$!
skRana%$$
skRana%$%
skRana%$&
skRana%$'#'
skRana%$*
skRana%$@
skRana%%
skRana%%!
skRana%%$
skRana%%%
skRana%%&
skRana%%'#'
skRana%%*
skRana%%@
skRana%&
skRana%&!
skRana%&$
skRana%&%
skRana%&&
skRana%&'#'
skRana%&*
skRana%&@
skRana%'#'
skRana%'#'!
skRana%'#'$
skRana%'#'%
skRana%'#'&
skRana%'#'*
skRana%'#'@
skRana%*
skRana%*!
skRana%*$
skRana%*%
skRana%*&
skRana%*'#'
skRana%**
skRana%*@
skRana%@
skRana%@!
skRana%@$
skRana%@%
skRana%@&
skRana%@'#'
skRana%@*
skRana%@@
skRana&
skRana&!
skRana&!!
skRana&!$
skRana&!%
skRana&!&
skRana&!'#'
skRana&!*
skRana&!@
skRana&$
skRana&$!
skRana&$$
skRana&$%
skRana&$&
skRana&$'#'
skRana&$*
skRana&$@
skRana&%
skRana&%!
skRana&%$
skRana&%%
skRana&%&
skRana&%'#'
skRana&%*
skRana&%@
skRana&&
skRana&&!
skRana&&$
skRana&&%
skRana&&&
skRana&&'#'
skRana&&*
skRana&&@
skRana&'#'
skRana&'#'!
skRana&'#'$
skRana&'#'%
skRana&'#'&
skRana&'#'*
skRana&'#'@
skRana&*
skRana&*!
skRana&*$
skRana&*%
skRana&*&
skRana&*'#'
skRana&**
skRana&*@
skRana&@
skRana&@!
skRana&@$
skRana&@%
skRana&@&
skRana&@'#'
skRana&@*
skRana&@@
skRana'#'
skRana'#'!
skRana'#'!!
skRana'#'!$
skRana'#'!%
skRana'#'!&
skRana'#'!*
skRana'#'!@
skRana'#'$
skRana'#'$!
skRana'#'$$
skRana'#'$%
skRana'#'$&
skRana'#'$*
skRana'#'$@
skRana'#'%
skRana'#'%!
skRana'#'%$
skRana'#'%%
skRana'#'%&
skRana'#'%*
skRana'#'%@
skRana'#'&
skRana'#'&!
skRana'#'&$
skRana'#'&%
skRana'#'&&
skRana'#'&*
skRana'#'&@
skRana'#'*
skRana'#'*!
skRana'#'*$
skRana'#'*%
skRana'#'*&
skRana'#'**
skRana'#'*@
skRana'#'@
skRana'#'@!
skRana'#'@$
skRana'#'@%
skRana'#'@&
skRana'#'@*
skRana'#'@@
skRana*
skRana*!
skRana*!!
skRana*!$
skRana*!%
skRana*!&
skRana*!'#'
skRana*!*
skRana*!@
skRana*$
skRana*$!
skRana*$$
skRana*$%
skRana*$&
skRana*$'#'
skRana*$*
skRana*$@
skRana*%
skRana*%!
skRana*%$
skRana*%%
skRana*%&
skRana*%'#'
skRana*%*
skRana*%@
skRana*&
skRana*&!
skRana*&$
skRana*&%
skRana*&&
skRana*&'#'
skRana*&*
skRana*&@
skRana*'#'
skRana*'#'!
skRana*'#'$
skRana*'#'%
skRana*'#'&
skRana*'#'*
skRana*'#'@
skRana**
skRana**!
skRana**$
skRana**%
skRana**&
skRana**'#'
skRana***
skRana**@
skRana*@
skRana*@!
skRana*@$
skRana*@%
skRana*@&
skRana*@'#'
skRana*@*
skRana*@@
skRana0
skRana009
skRana00901
skRana00909
skRana0091
skRana01
skRana01009
skRana0109
skRana01091
skRana011
skRana01109
skRana01187
skRana0187
skRana01871
skRana01987
skRana09
skRana09009
skRana0901
skRana09011
skRana091
skRana09101
skRana1
skRana10
skRana1009
skRana101
skRana10109
skRana10187
skRana109
skRana10901
skRana11
skRana11987
skRana12
skRana12009
skRana13
skRana14
skRana15
skRana16
skRana17
skRana18
skRana187
skRana18701
skRana19
skRana1987
skRana19871
skRana1990
skRana1991
skRana1992
skRana1993
skRana1994
skRana1995
skRana1996
skRana1997
skRana1998
skRana1999
skRana2
skRana20
skRana2000
skRana2001
skRana2002
skRana2003
skRana2004
skRana2005
skRana2006
skRana2007
skRana2008
skRana2009
skRana20091
skRana2010
skRana2011
skRana2012
skRana2013
skRana2014
skRana2015
skRana2016
skRana2017
skRana2018
skRana2019
skRana2020
skRana21
skRana22
skRana23
skRana24
skRana25
skRana26
skRana27
skRana28
skRana29
skRana3
skRana30
skRana31
skRana32
skRana33
skRana34
skRana35
skRana36
skRana37
skRana38
skRana39
skRana4
skRana40
skRana41
skRana42
skRana43
skRana44
skRana45
skRana46
skRana47
skRana48
skRana49
skRana5
skRana50
skRana51
skRana52
skRana53
skRana54
skRana55
skRana56
skRana57
skRana58
skRana59
skRana6
skRana60
skRana61
skRana62
skRana63
skRana64
skRana65
skRana66
skRana67
skRana68
skRana69
skRana7
skRana70
skRana71
skRana72
skRana73
skRana74
skRana75
skRana76
skRana77
skRana78
skRana79
skRana8
skRana80
skRana81
skRana82
skRana83
skRana84
skRana85
skRana86
skRana87
skRana8701
skRana87011
skRana871
skRana87101
skRana87987
skRana88
skRana89
skRana9
skRana90
skRana91
skRana92
skRana93
skRana94
skRana95
skRana96
skRana97
skRana98
skRana987
skRana98701
skRana9871
skRana98787
skRana99
skRana@
skRana@!
skRana@!!
skRana@!$
skRana@!%
skRana@!&
skRana@!'#'
skRana@!*
skRana@!@
skRana@$
skRana@$!
skRana@$$
skRana@$%
skRana@$&
skRana@$'#'
skRana@$*
skRana@$@
skRana@%
skRana@%!
skRana@%$
skRana@%%
skRana@%&
skRana@%'#'
skRana@%*
skRana@%@
skRana@&
skRana@&!
skRana@&$
skRana@&%
skRana@&&
skRana@&'#'
skRana@&*
skRana@&@
skRana@'#'
skRana@'#'!
skRana@'#'$
skRana@'#'%
skRana@'#'&
skRana@'#'*
skRana@'#'@
skRana@*
skRana@*!
skRana@*$
skRana@*%
skRana@*&
skRana@*'#'
skRana@**
skRana@*@
skRana@@
skRana@@!
skRana@@$
skRana@@%
skRana@@&
skRana@@'#'
skRana@@*
skRana@@@
skRana_009
skRana_0091
skRana_01
skRana_0109
skRana_011
skRana_0187
skRana_09
skRana_0901
skRana_091
skRana_1
skRana_1009
skRana_101
skRana_109
skRana_187
skRana_1987
skRana_1990
skRana_1991
skRana_1992
skRana_1993
skRana_1994
skRana_1995
skRana_1996
skRana_1997
skRana_1998
skRana_1999
skRana_2000
skRana_2001
skRana_2002
skRana_2003
skRana_2004
skRana_2005
skRana_2006
skRana_2007
skRana_2008
skRana_2009
skRana_2010
skRana_2011
skRana_2012
skRana_2013
skRana_2014
skRana_2015
skRana_2016
skRana_2017
skRana_2018
skRana_2019
skRana_2020
skRana_87
skRana_8701
skRana_871
skRana_987
skRana_9871
sk_009
sk_00901
sk_0090109
sk_009011
sk_00909
sk_0090901
sk_009091
sk_0091
sk_009101
sk_009109
sk_00912009
sk_0092009
sk_00920091
sk_01009
sk_0100909
sk_010091
sk_0109
sk_0109009
sk_01091
sk_01092009
sk_011
sk_011009
sk_01109
sk_0111987
sk_0112009
sk_01187
sk_011987
sk_0119871
sk_01198787
sk_012009
sk_01200909
sk_0120091
sk_0187
sk_01871
sk_01871987
sk_0187987
sk_01987
sk_019871
sk_0198787
sk_09009
sk_0900901
sk_090091
sk_0901
sk_0901009
sk_09011
sk_09012009
sk_091
sk_091009
sk_09101
sk_0912009
sk_092009
sk_09200901
sk_0920091
sk_1009
sk_100901
sk_100909
sk_10092009
sk_101
sk_101009
sk_10109
sk_1011987
sk_1012009
sk_10187
sk_101987
sk_109
sk_109009
sk_10901
sk_1092009
sk_11987
sk_1198701
sk_1198787
sk_11987987
sk_12009
sk_12009009
sk_1200901
sk_1200909
sk_187
sk_18701
sk_1871987
sk_187987
sk_1987
sk_198701
sk_1987011
sk_19870187
sk_19871
sk_1987101
sk_1987187
sk_19871987
sk_198787
sk_19878701
sk_1987871
sk_1987987
sk_19879871
sk_1990
sk_1991
sk_1992
sk_1993
sk_1994
sk_1995
sk_1996
sk_1997
sk_1998
sk_1999
sk_2000
sk_2001
sk_2002
sk_2003
sk_2004
sk_2005
sk_2006
sk_2007
sk_2008
sk_2009
sk_2009009
sk_20090091
sk_200901
sk_20090109
sk_2009011
sk_200909
sk_20090901
sk_2009091
sk_20091
sk_20091009
sk_2009101
sk_2009109
sk_2010
sk_2011
sk_2012
sk_2013
sk_2014
sk_2015
sk_2016
sk_2017
sk_2018
sk_2019
sk_2020
sk_8701
sk_87011
sk_87011987
sk_8701987
sk_871
sk_87101
sk_8711987
sk_871987
sk_87198701
sk_8719871
sk_87987
sk_8798701
sk_879871
sk_987
sk_98701
sk_987011
sk_9870187
sk_9871
sk_987101
sk_98711987
sk_987187
sk_9871987
sk_98719871
sk_98787
sk_9878701
sk_987871
skrana
skrana!
skrana!!
skrana!!!
skrana!!$
skrana!!%
skrana!!&
skrana!!'#'
skrana!!*
skrana!!@
skrana!$
skrana!$!
skrana!$$
skrana!$%
skrana!$&
skrana!$'#'
skrana!$*
skrana!$@
skrana!%
skrana!%!
skrana!%$
skrana!%%
skrana!%&
skrana!%'#'
skrana!%*
skrana!%@
skrana!&
skrana!&!
skrana!&$
skrana!&%
skrana!&&
skrana!&'#'
skrana!&*
skrana!&@
skrana!'#'
skrana!'#'!
skrana!'#'$
skrana!'#'%
skrana!'#'&
skrana!'#'*
skrana!'#'@
skrana!*
skrana!*!
skrana!*$
skrana!*%
skrana!*&
skrana!*'#'
skrana!**
skrana!*@
skrana!@
skrana!@!
skrana!@$
skrana!@%
skrana!@&
skrana!@'#'
skrana!@*
skrana!@@
skrana$
skrana$!
skrana$!!
skrana$!$
skrana$!%
skrana$!&
skrana$!'#'
skrana$!*
skrana$!@
skrana$$
skrana$$!
skrana$$$
skrana$$%
skrana$$&
skrana$$'#'
skrana$$*
skrana$$@
skrana$%
skrana$%!
skrana$%$
skrana$%%
skrana$%&
skrana$%'#'
skrana$%*
skrana$%@
skrana$&
skrana$&!
skrana$&$
skrana$&%
skrana$&&
skrana$&'#'
skrana$&*
skrana$&@
skrana$'#'
skrana$'#'!
skrana$'#'$
skrana$'#'%
skrana$'#'&
skrana$'#'*
skrana$'#'@
skrana$*
skrana$*!
skrana$*$
skrana$*%
skrana$*&
skrana$*'#'
skrana$**
skrana$*@
skrana$@
skrana$@!
skrana$@$
skrana$@%
skrana$@&
skrana$@'#'
skrana$@*
skrana$@@
skrana%
skrana%!
skrana%!!
skrana%!$
skrana%!%
skrana%!&
skrana%!'#'
skrana%!*
skrana%!@
skrana%$
skrana%$!
skrana%$$
skrana%$%
skrana%$&
skrana%$'#'
skrana%$*
skrana%$@
skrana%%
skrana%%!
skrana%%$
skrana%%%
skrana%%&
skrana%%'#'
skrana%%*
skrana%%@
skrana%&
skrana%&!
skrana%&$
skrana%&%
skrana%&&
skrana%&'#'
skrana%&*
skrana%&@
skrana%'#'
skrana%'#'!
skrana%'#'$
skrana%'#'%
skrana%'#'&
skrana%'#'*
skrana%'#'@
skrana%*
skrana%*!
skrana%*$
skrana%*%
skrana%*&
skrana%*'#'
skrana%**
skrana%*@
skrana%@
skrana%@!
skrana%@$
skrana%@%
skrana%@&
skrana%@'#'
skrana%@*
skrana%@@
skrana&
skrana&!
skrana&!!
skrana&!$
skrana&!%
skrana&!&
skrana&!'#'
skrana&!*
skrana&!@
skrana&$
skrana&$!
skrana&$$
skrana&$%
skrana&$&
skrana&$'#'
skrana&$*
skrana&$@
skrana&%
skrana&%!
skrana&%$
skrana&%%
skrana&%&
skrana&%'#'
skrana&%*
skrana&%@
skrana&&
skrana&&!
skrana&&$
skrana&&%
skrana&&&
skrana&&'#'
skrana&&*
skrana&&@
skrana&'#'
skrana&'#'!
skrana&'#'$
skrana&'#'%
skrana&'#'&
skrana&'#'*
skrana&'#'@
skrana&*
skrana&*!
skrana&*$
skrana&*%
skrana&*&
skrana&*'#'
skrana&**
skrana&*@
skrana&@
skrana&@!
skrana&@$
skrana&@%
skrana&@&
skrana&@'#'
skrana&@*
skrana&@@
skrana'#'
skrana'#'!
skrana'#'!!
skrana'#'!$
skrana'#'!%
skrana'#'!&
skrana'#'!*
skrana'#'!@
skrana'#'$
skrana'#'$!
skrana'#'$$
skrana'#'$%
skrana'#'$&
skrana'#'$*
skrana'#'$@
skrana'#'%
skrana'#'%!
skrana'#'%$
skrana'#'%%
skrana'#'%&
skrana'#'%*
skrana'#'%@
skrana'#'&
skrana'#'&!
skrana'#'&$
skrana'#'&%
skrana'#'&&
skrana'#'&*
skrana'#'&@
skrana'#'*
skrana'#'*!
skrana'#'*$
skrana'#'*%
skrana'#'*&
skrana'#'**
skrana'#'*@
skrana'#'@
skrana'#'@!
skrana'#'@$
skrana'#'@%
skrana'#'@&
skrana'#'@*
skrana'#'@@
skrana*
skrana*!
skrana*!!
skrana*!$
skrana*!%
skrana*!&
skrana*!'#'
skrana*!*
skrana*!@
skrana*$
skrana*$!
skrana*$$
skrana*$%
skrana*$&
skrana*$'#'
skrana*$*
skrana*$@
skrana*%
skrana*%!
skrana*%$
skrana*%%
skrana*%&
skrana*%'#'
skrana*%*
skrana*%@
skrana*&
skrana*&!
skrana*&$
skrana*&%
skrana*&&
skrana*&'#'
skrana*&*
skrana*&@
skrana*'#'
skrana*'#'!
skrana*'#'$
skrana*'#'%
skrana*'#'&
skrana*'#'*
skrana*'#'@
skrana**
skrana**!
skrana**$
skrana**%
skrana**&
skrana**'#'
skrana***
skrana**@
skrana*@
skrana*@!
skrana*@$
skrana*@%
skrana*@&
skrana*@'#'
skrana*@*
skrana*@@
skrana0
skrana009
skrana00901
skrana00909
skrana0091
skrana01
skrana01009
skrana0109
skrana01091
skrana011
skrana01109
skrana01187
skrana0187
skrana01871
skrana01987
skrana09
skrana09009
skrana0901
skrana09011
skrana091
skrana09101
skrana1
skrana10
skrana1009
skrana101
skrana10109
skrana10187
skrana109
skrana10901
skrana11
skrana11987
skrana12
skrana12009
skrana13
skrana14
skrana15
skrana16
skrana17
skrana18
skrana187
skrana18701
skrana19
skrana1987
skrana19871
skrana1990
skrana1991
skrana1992
skrana1993
skrana1994
skrana1995
skrana1996
skrana1997
skrana1998
skrana1999
skrana2
skrana20
skrana2000
skrana2001
skrana2002
skrana2003
skrana2004
skrana2005
skrana2006
skrana2007
skrana2008
skrana2009
skrana20091
skrana2010
skrana2011
skrana2012
skrana2013
skrana2014
skrana2015
skrana2016
skrana2017
skrana2018
skrana2019
skrana2020
skrana21
skrana22
skrana23
skrana24
skrana25
skrana26
skrana27
skrana28
skrana29
skrana3
skrana30
skrana31
skrana32
skrana33
skrana34
skrana35
skrana36
skrana37
skrana38
skrana39
skrana4
skrana40
skrana41
skrana42
skrana43
skrana44
skrana45
skrana46
skrana47
skrana48
skrana49
skrana5
skrana50
skrana51
skrana52
skrana53
skrana54
skrana55
skrana56
skrana57
skrana58
skrana59
skrana6
skrana60
skrana61
skrana62
skrana63
skrana64
skrana65
skrana66
skrana67
skrana68
skrana69
skrana7
skrana70
skrana71
skrana72
skrana73
skrana74
skrana75
skrana76
skrana77
skrana78
skrana79
skrana8
skrana80
skrana81
skrana82
skrana83
skrana84
skrana85
skrana86
skrana87
skrana8701
skrana87011
skrana871
skrana87101
skrana87987
skrana88
skrana89
skrana9
skrana90
skrana91
skrana92
skrana93
skrana94
skrana95
skrana96
skrana97
skrana98
skrana987
skrana98701
skrana9871
skrana98787
skrana99
skrana@
skrana@!
skrana@!!
skrana@!$
skrana@!%
skrana@!&
skrana@!'#'
skrana@!*
skrana@!@
skrana@$
skrana@$!
skrana@$$
skrana@$%
skrana@$&
skrana@$'#'
skrana@$*
skrana@$@
skrana@%
skrana@%!
skrana@%$
skrana@%%
skrana@%&
skrana@%'#'
skrana@%*
skrana@%@
skrana@&
skrana@&!
skrana@&$
skrana@&%
skrana@&&
skrana@&'#'
skrana@&*
skrana@&@
skrana@'#'
skrana@'#'!
skrana@'#'$
skrana@'#'%
skrana@'#'&
skrana@'#'*
skrana@'#'@
skrana@*
skrana@*!
skrana@*$
skrana@*%
skrana@*&
skrana@*'#'
skrana@**
skrana@*@
skrana@@
skrana@@!
skrana@@$
skrana@@%
skrana@@&
skrana@@'#'
skrana@@*
skrana@@@
skrana_009
skrana_0091
skrana_01
skrana_0109
skrana_011
skrana_0187
skrana_09
skrana_0901
skrana_091
skrana_1
skrana_1009
skrana_101
skrana_109
skrana_187
skrana_1987
skrana_1990
skrana_1991
skrana_1992
skrana_1993
skrana_1994
skrana_1995
skrana_1996
skrana_1997
skrana_1998
skrana_1999
skrana_2000
skrana_2001
skrana_2002
skrana_2003
skrana_2004
skrana_2005
skrana_2006
skrana_2007
skrana_2008
skrana_2009
skrana_2010
skrana_2011
skrana_2012
skrana_2013
skrana_2014
skrana_2015
skrana_2016
skrana_2017
skrana_2018
skrana_2019
skrana_2020
skrana_87
skrana_8701
skrana_871
skrana_987
skrana_9871
y451r!
y451r!!
y451r!!!
y451r!!$
y451r!!%
y451r!!&
y451r!!'#'
y451r!!*
y451r!!@
y451r!$
y451r!$!
y451r!$$
y451r!$%
y451r!$&
y451r!$'#'
y451r!$*
y451r!$@
y451r!%
y451r!%!
y451r!%$
y451r!%%
y451r!%&
y451r!%'#'
y451r!%*
y451r!%@
y451r!&
y451r!&!
y451r!&$
y451r!&%
y451r!&&
y451r!&'#'
y451r!&*
y451r!&@
y451r!'#'
y451r!'#'!
y451r!'#'$
y451r!'#'%
y451r!'#'&
y451r!'#'*
y451r!'#'@
y451r!*
y451r!*!
y451r!*$
y451r!*%
y451r!*&
y451r!*'#'
y451r!**
y451r!*@
y451r!@
y451r!@!
y451r!@$
y451r!@%
y451r!@&
y451r!@'#'
y451r!@*
y451r!@@
y451r$
y451r$!
y451r$!!
y451r$!$
y451r$!%
y451r$!&
y451r$!'#'
y451r$!*
y451r$!@
y451r$$
y451r$$!
y451r$$$
y451r$$%
y451r$$&
y451r$$'#'
y451r$$*
y451r$$@
y451r$%
y451r$%!
y451r$%$
y451r$%%
y451r$%&
y451r$%'#'
y451r$%*
y451r$%@
y451r$&
y451r$&!
y451r$&$
y451r$&%
y451r$&&
y451r$&'#'
y451r$&*
y451r$&@
y451r$'#'
y451r$'#'!
y451r$'#'$
y451r$'#'%
y451r$'#'&
y451r$'#'*
y451r$'#'@
y451r$*
y451r$*!
y451r$*$
y451r$*%
y451r$*&
y451r$*'#'
y451r$**
y451r$*@
y451r$@
y451r$@!
y451r$@$
y451r$@%
y451r$@&
y451r$@'#'
y451r$@*
y451r$@@
y451r%
y451r%!
y451r%!!
y451r%!$
y451r%!%
y451r%!&
y451r%!'#'
y451r%!*
y451r%!@
y451r%$
y451r%$!
y451r%$$
y451r%$%
y451r%$&
y451r%$'#'
y451r%$*
y451r%$@
y451r%%
y451r%%!
y451r%%$
y451r%%%
y451r%%&
y451r%%'#'
y451r%%*
y451r%%@
y451r%&
y451r%&!
y451r%&$
y451r%&%
y451r%&&
y451r%&'#'
y451r%&*
y451r%&@
y451r%'#'
y451r%'#'!
y451r%'#'$
y451r%'#'%
y451r%'#'&
y451r%'#'*
y451r%'#'@
y451r%*
y451r%*!
y451r%*$
y451r%*%
y451r%*&
y451r%*'#'
y451r%**
y451r%*@
y451r%@
y451r%@!
y451r%@$
y451r%@%
y451r%@&
y451r%@'#'
y451r%@*
y451r%@@
y451r&
y451r&!
y451r&!!
y451r&!$
y451r&!%
y451r&!&
y451r&!'#'
y451r&!*
y451r&!@
y451r&$
y451r&$!
y451r&$$
y451r&$%
y451r&$&
y451r&$'#'
y451r&$*
y451r&$@
y451r&%
y451r&%!
y451r&%$
y451r&%%
y451r&%&
y451r&%'#'
y451r&%*
y451r&%@
y451r&&
y451r&&!
y451r&&$
y451r&&%
y451r&&&
y451r&&'#'
y451r&&*
y451r&&@
y451r&'#'
y451r&'#'!
y451r&'#'$
y451r&'#'%
y451r&'#'&
y451r&'#'*
y451r&'#'@
y451r&*
y451r&*!
y451r&*$
y451r&*%
y451r&*&
y451r&*'#'
y451r&**
y451r&*@
y451r&@
y451r&@!
y451r&@$
y451r&@%
y451r&@&
y451r&@'#'
y451r&@*
y451r&@@
y451r'#'
y451r'#'!
y451r'#'!!
y451r'#'!$
y451r'#'!%
y451r'#'!&
y451r'#'!*
y451r'#'!@
y451r'#'$
y451r'#'$!
y451r'#'$$
y451r'#'$%
y451r'#'$&
y451r'#'$*
y451r'#'$@
y451r'#'%
y451r'#'%!
y451r'#'%$
y451r'#'%%
y451r'#'%&
y451r'#'%*
y451r'#'%@
y451r'#'&
y451r'#'&!
y451r'#'&$
y451r'#'&%
y451r'#'&&
y451r'#'&*
y451r'#'&@
y451r'#''#'
y451r'#'*
y451r'#'*!
y451r'#'*$
y451r'#'*%
y451r'#'*&
y451r'#'**
y451r'#'*@
y451r'#'@
y451r'#'@!
y451r'#'@$
y451r'#'@%
y451r'#'@&
y451r'#'@*
y451r'#'@@
y451r*
y451r*!
y451r*!!
y451r*!$
y451r*!%
y451r*!&
y451r*!'#'
y451r*!*
y451r*!@
y451r*$
y451r*$!
y451r*$$
y451r*$%
y451r*$&
y451r*$'#'
y451r*$*
y451r*$@
y451r*%
y451r*%!
y451r*%$
y451r*%%
y451r*%&
y451r*%'#'
y451r*%*
y451r*%@
y451r*&
y451r*&!
y451r*&$
y451r*&%
y451r*&&
y451r*&'#'
y451r*&*
y451r*&@
y451r*'#'
y451r*'#'!
y451r*'#'$
y451r*'#'%
y451r*'#'&
y451r*'#'*
y451r*'#'@
y451r**
y451r**!
y451r**$
y451r**%
y451r**&
y451r**'#'
y451r***
y451r**@
y451r*@
y451r*@!
y451r*@$
y451r*@%
y451r*@&
y451r*@'#'
y451r*@*
y451r*@@
y451r0
y451r006
y451r00606
y451r006066
y451r006067
y451r00607
y451r006076
y451r006077
y451r0066
y451r006606
y451r006607
y451r00667
y451r0067
y451r006706
y451r006707
y451r00676
y451r009
y451r00901
y451r009011
y451r00909
y451r009091
y451r0091
y451r009101
y451r009109
y451r01
y451r01009
y451r010091
y451r0109
y451r01091
y451r011
y451r011009
y451r01109
y451r01187
y451r011987
y451r012009
y451r0187
y451r01871
y451r01987
y451r019871
y451r06
y451r06006
y451r060066
y451r060067
y451r0607
y451r06076
y451r06077
y451r062006
y451r066
y451r066006
y451r06607
y451r0667
y451r067
y451r067006
y451r06707
y451r0676
y451r07
y451r07006
y451r070066
y451r070067
y451r0706
y451r07066
y451r07067
y451r072006
y451r076
y451r076006
y451r07606
y451r0767
y451r077
y451r077006
y451r07706
y451r0776
y451r09
y451r09009
y451r090091
y451r0901
y451r09011
y451r091
y451r091009
y451r09101
y451r092009
y451r1
y451r10
y451r1009
y451r100901
y451r100909
y451r101
y451r101009
y451r10109
y451r10187
y451r101987
y451r109
y451r109009
y451r10901
y451r11
y451r11987
y451r12
y451r12009
y451r13
y451r14
y451r15
y451r16
y451r17
y451r18
y451r187
y451r18701
y451r187987
y451r19
y451r1987
y451r198701
y451r19871
y451r198787
y451r1990
y451r1991
y451r1992
y451r1993
y451r1994
y451r1995
y451r1996
y451r1997
y451r1998
y451r1999
y451r2
y451r20
y451r2000
y451r2001
y451r2002
y451r2003
y451r2004
y451r2005
y451r2006
y451r200606
y451r200607
y451r20066
y451r200667
y451r20067
y451r200676
y451r2007
y451r2008
y451r2009
y451r200901
y451r200909
y451r20091
y451r2010
y451r2011
y451r2012
y451r2013
y451r2014
y451r2015
y451r2016
y451r2017
y451r2018
y451r2019
y451r2020
y451r21
y451r22
y451r23
y451r24
y451r25
y451r26
y451r27
y451r28
y451r29
y451r3
y451r30
y451r31
y451r32
y451r33
y451r34
y451r35
y451r36
y451r37
y451r38
y451r39
y451r4
y451r40
y451r41
y451r42
y451r43
y451r44
y451r45
y451r46
y451r47
y451r48
y451r49
y451r5
y451r50
y451r51
y451r52
y451r53
y451r54
y451r55
y451r56
y451r57
y451r58
y451r59
y451r6
y451r60
y451r6006
y451r600606
y451r600607
y451r60067
y451r606
y451r606006
y451r60607
y451r6067
y451r607
y451r607006
y451r60706
y451r6077
y451r61
y451r62
y451r62006
y451r620067
y451r63
y451r64
y451r65
y451r66
y451r67
y451r67006
y451r6706
y451r6707
y451r672006
y451r68
y451r69
y451r7
y451r70
y451r7006
y451r700606
y451r700607
y451r70066
y451r706
y451r706006
y451r70607
y451r7066
y451r707
y451r707006
y451r70706
y451r7076
y451r71
y451r72
y451r72006
y451r720066
y451r73
y451r74
y451r75
y451r76
y451r76006
y451r7606
y451r7607
y451r762006
y451r77
y451r78
y451r79
y451r8
y451r80
y451r81
y451r82
y451r83
y451r84
y451r85
y451r86
y451r87
y451r8701
y451r87011
y451r871
y451r87101
y451r871987
y451r87987
y451r879871
y451r88
y451r89
y451r9
y451r90
y451r91
y451r92
y451r93
y451r94
y451r95
y451r96
y451r97
y451r98
y451r987
y451r98701
y451r987011
y451r9871
y451r987101
y451r987187
y451r98787
y451r987871
y451r99
y451r@
y451r@!
y451r@!!
y451r@!$
y451r@!%
y451r@!&
y451r@!'#'
y451r@!*
y451r@!@
y451r@$
y451r@$!
y451r@$$
y451r@$%
y451r@$&
y451r@$'#'
y451r@$*
y451r@$@
y451r@%
y451r@%!
y451r@%$
y451r@%%
y451r@%&
y451r@%'#'
y451r@%*
y451r@%@
y451r@&
y451r@&!
y451r@&$
y451r@&%
y451r@&&
y451r@&'#'
y451r@&*
y451r@&@
y451r@'#'
y451r@'#'!
y451r@'#'$
y451r@'#'%
y451r@'#'&
y451r@'#'*
y451r@'#'@
y451r@*
y451r@*!
y451r@*$
y451r@*%
y451r@*&
y451r@*'#'
y451r@**
y451r@*@
y451r@@
y451r@@!
y451r@@$
y451r@@%
y451r@@&
y451r@@'#'
y451r@@*
y451r@@@
y451rR4n4
y451rR4n4!
y451rR4n4!!
y451rR4n4!$
y451rR4n4!%
y451rR4n4!&
y451rR4n4!*
y451rR4n4!@
y451rR4n4$
y451rR4n4$!
y451rR4n4$$
y451rR4n4$%
y451rR4n4$&
y451rR4n4$*
y451rR4n4$@
y451rR4n4%
y451rR4n4%!
y451rR4n4%$
y451rR4n4%%
y451rR4n4%&
y451rR4n4%*
y451rR4n4%@
y451rR4n4&
y451rR4n4&!
y451rR4n4&$
y451rR4n4&%
y451rR4n4&&
y451rR4n4&*
y451rR4n4&@
y451rR4n4*
y451rR4n4*!
y451rR4n4*$
y451rR4n4*%
y451rR4n4*&
y451rR4n4**
y451rR4n4*@
y451rR4n40
y451rR4n406
y451rR4n407
y451rR4n41
y451rR4n410
y451rR4n411
y451rR4n412
y451rR4n413
y451rR4n414
y451rR4n415
y451rR4n416
y451rR4n417
y451rR4n418
y451rR4n419
y451rR4n42
y451rR4n420
y451rR4n421
y451rR4n422
y451rR4n423
y451rR4n424
y451rR4n425
y451rR4n426
y451rR4n427
y451rR4n428
y451rR4n429
y451rR4n43
y451rR4n430
y451rR4n431
y451rR4n432
y451rR4n433
y451rR4n434
y451rR4n435
y451rR4n436
y451rR4n437
y451rR4n438
y451rR4n439
y451rR4n44
y451rR4n440
y451rR4n441
y451rR4n442
y451rR4n443
y451rR4n444
y451rR4n445
y451rR4n446
y451rR4n447
y451rR4n448
y451rR4n449
y451rR4n45
y451rR4n450
y451rR4n451
y451rR4n452
y451rR4n453
y451rR4n454
y451rR4n455
y451rR4n456
y451rR4n457
y451rR4n458
y451rR4n459
y451rR4n46
y451rR4n460
y451rR4n461
y451rR4n462
y451rR4n463
y451rR4n464
y451rR4n465
y451rR4n466
y451rR4n467
y451rR4n468
y451rR4n469
y451rR4n47
y451rR4n470
y451rR4n471
y451rR4n472
y451rR4n473
y451rR4n474
y451rR4n475
y451rR4n476
y451rR4n477
y451rR4n478
y451rR4n479
y451rR4n48
y451rR4n480
y451rR4n481
y451rR4n482
y451rR4n483
y451rR4n484
y451rR4n485
y451rR4n486
y451rR4n487
y451rR4n488
y451rR4n489
y451rR4n49
y451rR4n490
y451rR4n491
y451rR4n492
y451rR4n493
y451rR4n494
y451rR4n495
y451rR4n496
y451rR4n497
y451rR4n498
y451rR4n499
y451rR4n4@
y451rR4n4@!
y451rR4n4@$
y451rR4n4@%
y451rR4n4@&
y451rR4n4@*
y451rR4n4@@
y451rR4n4_6
y451rR4n4_7
y451r_006
y451r_00606
y451r_00607
y451r_0066
y451r_00667
y451r_0067
y451r_00676
y451r_009
y451r_00901
y451r_00909
y451r_0091
y451r_01
y451r_01009
y451r_0109
y451r_01091
y451r_011
y451r_01109
y451r_01187
y451r_0187
y451r_01871
y451r_01987
y451r_06
y451r_06006
y451r_0607
y451r_06076
y451r_06077
y451r_066
y451r_06607
y451r_0667
y451r_067
y451r_06707
y451r_0676
y451r_07
y451r_07006
y451r_0706
y451r_07066
y451r_07067
y451r_076
y451r_07606
y451r_0767
y451r_077
y451r_07706
y451r_0776
y451r_09
y451r_09009
y451r_0901
y451r_09011
y451r_091
y451r_09101
y451r_1
y451r_1009
y451r_101
y451r_10109
y451r_10187
y451r_109
y451r_10901
y451r_11987
y451r_12009
y451r_187
y451r_18701
y451r_1987
y451r_19871
y451r_1990
y451r_1991
y451r_1992
y451r_1993
y451r_1994
y451r_1995
y451r_1996
y451r_1997
y451r_1998
y451r_1999
y451r_2000
y451r_2001
y451r_2002
y451r_2003
y451r_2004
y451r_2005
y451r_2006
y451r_20066
y451r_20067
y451r_2007
y451r_2008
y451r_2009
y451r_20091
y451r_2010
y451r_2011
y451r_2012
y451r_2013
y451r_2014
y451r_2015
y451r_2016
y451r_2017
y451r_2018
y451r_2019
y451r_2020
y451r_6
y451r_6006
y451r_60067
y451r_606
y451r_60607
y451r_6067
y451r_607
y451r_60706
y451r_6077
y451r_62006
y451r_67
y451r_67006
y451r_6706
y451r_6707
y451r_7
y451r_7006
y451r_70066
y451r_706
y451r_70607
y451r_7066
y451r_707
y451r_70706
y451r_7076
y451r_72006
y451r_76
y451r_76006
y451r_7606
y451r_7607
y451r_87
y451r_8701
y451r_87011
y451r_871
y451r_87101
y451r_87987
y451r_987
y451r_98701
y451r_9871
y451r_98787
y451rr4n4
y451rr4n4!
y451rr4n4!!
y451rr4n4!$
y451rr4n4!%
y451rr4n4!&
y451rr4n4!*
y451rr4n4!@
y451rr4n4$
y451rr4n4$!
y451rr4n4$$
y451rr4n4$%
y451rr4n4$&
y451rr4n4$*
y451rr4n4$@
y451rr4n4%
y451rr4n4%!
y451rr4n4%$
y451rr4n4%%
y451rr4n4%&
y451rr4n4%*
y451rr4n4%@
y451rr4n4&
y451rr4n4&!
y451rr4n4&$
y451rr4n4&%
y451rr4n4&&
y451rr4n4&*
y451rr4n4&@
y451rr4n4*
y451rr4n4*!
y451rr4n4*$
y451rr4n4*%
y451rr4n4*&
y451rr4n4**
y451rr4n4*@
y451rr4n40
y451rr4n406
y451rr4n407
y451rr4n41
y451rr4n410
y451rr4n411
y451rr4n412
y451rr4n413
y451rr4n414
y451rr4n415
y451rr4n416
y451rr4n417
y451rr4n418
y451rr4n419
y451rr4n42
y451rr4n420
y451rr4n421
y451rr4n422
y451rr4n423
y451rr4n424
y451rr4n425
y451rr4n426
y451rr4n427
y451rr4n428
y451rr4n429
y451rr4n43
y451rr4n430
y451rr4n431
y451rr4n432
y451rr4n433
y451rr4n434
y451rr4n435
y451rr4n436
y451rr4n437
y451rr4n438
y451rr4n439
y451rr4n44
y451rr4n440
y451rr4n441
y451rr4n442
y451rr4n443
y451rr4n444
y451rr4n445
y451rr4n446
y451rr4n447
y451rr4n448
y451rr4n449
y451rr4n45
y451rr4n450
y451rr4n451
y451rr4n452
y451rr4n453
y451rr4n454
y451rr4n455
y451rr4n456
y451rr4n457
y451rr4n458
y451rr4n459
y451rr4n46
y451rr4n460
y451rr4n461
y451rr4n462
y451rr4n463
y451rr4n464
y451rr4n465
y451rr4n466
y451rr4n467
y451rr4n468
y451rr4n469
y451rr4n47
y451rr4n470
y451rr4n471
y451rr4n472
y451rr4n473
y451rr4n474
y451rr4n475
y451rr4n476
y451rr4n477
y451rr4n478
y451rr4n479
y451rr4n48
y451rr4n480
y451rr4n481
y451rr4n482
y451rr4n483
y451rr4n484
y451rr4n485
y451rr4n486
y451rr4n487
y451rr4n488
y451rr4n489
y451rr4n49
y451rr4n490
y451rr4n491
y451rr4n492
y451rr4n493
y451rr4n494
y451rr4n495
y451rr4n496
y451rr4n497
y451rr4n498
y451rr4n499
y451rr4n4@
y451rr4n4@!
y451rr4n4@$
y451rr4n4@%
y451rr4n4@&
y451rr4n4@*
y451rr4n4@@
y451rr4n4_6
y451rr4n4_7
y4m4n!
y4m4n!!
y4m4n!!!
y4m4n!!$
y4m4n!!%
y4m4n!!&
y4m4n!!'#'
y4m4n!!*
y4m4n!!@
y4m4n!$
y4m4n!$!
y4m4n!$$
y4m4n!$%
y4m4n!$&
y4m4n!$'#'
y4m4n!$*
y4m4n!$@
y4m4n!%
y4m4n!%!
y4m4n!%$
y4m4n!%%
y4m4n!%&
y4m4n!%'#'
y4m4n!%*
y4m4n!%@
y4m4n!&
y4m4n!&!
y4m4n!&$
y4m4n!&%
y4m4n!&&
y4m4n!&'#'
y4m4n!&*
y4m4n!&@
y4m4n!'#'
y4m4n!'#'!
y4m4n!'#'$
y4m4n!'#'%
y4m4n!'#'&
y4m4n!'#'*
y4m4n!'#'@
y4m4n!*
y4m4n!*!
y4m4n!*$
y4m4n!*%
y4m4n!*&
y4m4n!*'#'
y4m4n!**
y4m4n!*@
y4m4n!@
y4m4n!@!
y4m4n!@$
y4m4n!@%
y4m4n!@&
y4m4n!@'#'
y4m4n!@*
y4m4n!@@
y4m4n$
y4m4n$!
y4m4n$!!
y4m4n$!$
y4m4n$!%
y4m4n$!&
y4m4n$!'#'
y4m4n$!*
y4m4n$!@
y4m4n$$
y4m4n$$!
y4m4n$$$
y4m4n$$%
y4m4n$$&
y4m4n$$'#'
y4m4n$$*
y4m4n$$@
y4m4n$%
y4m4n$%!
y4m4n$%$
y4m4n$%%
y4m4n$%&
y4m4n$%'#'
y4m4n$%*
y4m4n$%@
y4m4n$&
y4m4n$&!
y4m4n$&$
y4m4n$&%
y4m4n$&&
y4m4n$&'#'
y4m4n$&*
y4m4n$&@
y4m4n$'#'
y4m4n$'#'!
y4m4n$'#'$
y4m4n$'#'%
y4m4n$'#'&
y4m4n$'#'*
y4m4n$'#'@
y4m4n$*
y4m4n$*!
y4m4n$*$
y4m4n$*%
y4m4n$*&
y4m4n$*'#'
y4m4n$**
y4m4n$*@
y4m4n$@
y4m4n$@!
y4m4n$@$
y4m4n$@%
y4m4n$@&
y4m4n$@'#'
y4m4n$@*
y4m4n$@@
y4m4n%
y4m4n%!
y4m4n%!!
y4m4n%!$
y4m4n%!%
y4m4n%!&
y4m4n%!'#'
y4m4n%!*
y4m4n%!@
y4m4n%$
y4m4n%$!
y4m4n%$$
y4m4n%$%
y4m4n%$&
y4m4n%$'#'
y4m4n%$*
y4m4n%$@
y4m4n%%
y4m4n%%!
y4m4n%%$
y4m4n%%%
y4m4n%%&
y4m4n%%'#'
y4m4n%%*
y4m4n%%@
y4m4n%&
y4m4n%&!
y4m4n%&$
y4m4n%&%
y4m4n%&&
y4m4n%&'#'
y4m4n%&*
y4m4n%&@
y4m4n%'#'
y4m4n%'#'!
y4m4n%'#'$
y4m4n%'#'%
y4m4n%'#'&
y4m4n%'#'*
y4m4n%'#'@
y4m4n%*
y4m4n%*!
y4m4n%*$
y4m4n%*%
y4m4n%*&
y4m4n%*'#'
y4m4n%**
y4m4n%*@
y4m4n%@
y4m4n%@!
y4m4n%@$
y4m4n%@%
y4m4n%@&
y4m4n%@'#'
y4m4n%@*
y4m4n%@@
y4m4n&
y4m4n&!
y4m4n&!!
y4m4n&!$
y4m4n&!%
y4m4n&!&
y4m4n&!'#'
y4m4n&!*
y4m4n&!@
y4m4n&$
y4m4n&$!
y4m4n&$$
y4m4n&$%
y4m4n&$&
y4m4n&$'#'
y4m4n&$*
y4m4n&$@
y4m4n&%
y4m4n&%!
y4m4n&%$
y4m4n&%%
y4m4n&%&
y4m4n&%'#'
y4m4n&%*
y4m4n&%@
y4m4n&&
y4m4n&&!
y4m4n&&$
y4m4n&&%
y4m4n&&&
y4m4n&&'#'
y4m4n&&*
y4m4n&&@
y4m4n&'#'
y4m4n&'#'!
y4m4n&'#'$
y4m4n&'#'%
y4m4n&'#'&
y4m4n&'#'*
y4m4n&'#'@
y4m4n&*
y4m4n&*!
y4m4n&*$
y4m4n&*%
y4m4n&*&
y4m4n&*'#'
y4m4n&**
y4m4n&*@
y4m4n&@
y4m4n&@!
y4m4n&@$
y4m4n&@%
y4m4n&@&
y4m4n&@'#'
y4m4n&@*
y4m4n&@@
y4m4n'#'
y4m4n'#'!
y4m4n'#'!!
y4m4n'#'!$
y4m4n'#'!%
y4m4n'#'!&
y4m4n'#'!*
y4m4n'#'!@
y4m4n'#'$
y4m4n'#'$!
y4m4n'#'$$
y4m4n'#'$%
y4m4n'#'$&
y4m4n'#'$*
y4m4n'#'$@
y4m4n'#'%
y4m4n'#'%!
y4m4n'#'%$
y4m4n'#'%%
y4m4n'#'%&
y4m4n'#'%*
y4m4n'#'%@
y4m4n'#'&
y4m4n'#'&!
y4m4n'#'&$
y4m4n'#'&%
y4m4n'#'&&
y4m4n'#'&*
y4m4n'#'&@
y4m4n'#''#'
y4m4n'#'*
y4m4n'#'*!
y4m4n'#'*$
y4m4n'#'*%
y4m4n'#'*&
y4m4n'#'**
y4m4n'#'*@
y4m4n'#'@
y4m4n'#'@!
y4m4n'#'@$
y4m4n'#'@%
y4m4n'#'@&
y4m4n'#'@*
y4m4n'#'@@
y4m4n*
y4m4n*!
y4m4n*!!
y4m4n*!$
y4m4n*!%
y4m4n*!&
y4m4n*!'#'
y4m4n*!*
y4m4n*!@
y4m4n*$
y4m4n*$!
y4m4n*$$
y4m4n*$%
y4m4n*$&
y4m4n*$'#'
y4m4n*$*
y4m4n*$@
y4m4n*%
y4m4n*%!
y4m4n*%$
y4m4n*%%
y4m4n*%&
y4m4n*%'#'
y4m4n*%*
y4m4n*%@
y4m4n*&
y4m4n*&!
y4m4n*&$
y4m4n*&%
y4m4n*&&
y4m4n*&'#'
y4m4n*&*
y4m4n*&@
y4m4n*'#'
y4m4n*'#'!
y4m4n*'#'$
y4m4n*'#'%
y4m4n*'#'&
y4m4n*'#'*
y4m4n*'#'@
y4m4n**
y4m4n**!
y4m4n**$
y4m4n**%
y4m4n**&
y4m4n**'#'
y4m4n***
y4m4n**@
y4m4n*@
y4m4n*@!
y4m4n*@$
y4m4n*@%
y4m4n*@&
y4m4n*@'#'
y4m4n*@*
y4m4n*@@
y4m4n0
y4m4n006
y4m4n00606
y4m4n006066
y4m4n006067
y4m4n00607
y4m4n006076
y4m4n006077
y4m4n0066
y4m4n006606
y4m4n006607
y4m4n00667
y4m4n0067
y4m4n006706
y4m4n006707
y4m4n00676
y4m4n009
y4m4n00901
y4m4n009011
y4m4n00909
y4m4n009091
y4m4n0091
y4m4n009101
y4m4n009109
y4m4n01
y4m4n01009
y4m4n010091
y4m4n0109
y4m4n01091
y4m4n011
y4m4n011009
y4m4n01109
y4m4n01187
y4m4n011987
y4m4n012009
y4m4n0187
y4m4n01871
y4m4n01987
y4m4n019871
y4m4n06
y4m4n06006
y4m4n060066
y4m4n060067
y4m4n0607
y4m4n06076
y4m4n06077
y4m4n062006
y4m4n066
y4m4n066006
y4m4n06607
y4m4n0667
y4m4n067
y4m4n067006
y4m4n06707
y4m4n0676
y4m4n07
y4m4n07006
y4m4n070066
y4m4n070067
y4m4n0706
y4m4n07066
y4m4n07067
y4m4n072006
y4m4n076
y4m4n076006
y4m4n07606
y4m4n0767
y4m4n077
y4m4n077006
y4m4n07706
y4m4n0776
y4m4n09
y4m4n09009
y4m4n090091
y4m4n0901
y4m4n09011
y4m4n091
y4m4n091009
y4m4n09101
y4m4n092009
y4m4n1
y4m4n10
y4m4n1009
y4m4n100901
y4m4n100909
y4m4n101
y4m4n101009
y4m4n10109
y4m4n10187
y4m4n101987
y4m4n109
y4m4n109009
y4m4n10901
y4m4n11
y4m4n11987
y4m4n12
y4m4n12009
y4m4n13
y4m4n14
y4m4n15
y4m4n16
y4m4n17
y4m4n18
y4m4n187
y4m4n18701
y4m4n187987
y4m4n19
y4m4n1987
y4m4n198701
y4m4n19871
y4m4n198787
y4m4n1990
y4m4n1991
y4m4n1992
y4m4n1993
y4m4n1994
y4m4n1995
y4m4n1996
y4m4n1997
y4m4n1998
y4m4n1999
y4m4n2
y4m4n20
y4m4n2000
y4m4n2001
y4m4n2002
y4m4n2003
y4m4n2004
y4m4n2005
y4m4n2006
y4m4n200606
y4m4n200607
y4m4n20066
y4m4n200667
y4m4n20067
y4m4n200676
y4m4n2007
y4m4n2008
y4m4n2009
y4m4n200901
y4m4n200909
y4m4n20091
y4m4n2010
y4m4n2011
y4m4n2012
y4m4n2013
y4m4n2014
y4m4n2015
y4m4n2016
y4m4n2017
y4m4n2018
y4m4n2019
y4m4n2020
y4m4n21
y4m4n22
y4m4n23
y4m4n24
y4m4n25
y4m4n26
y4m4n27
y4m4n28
y4m4n29
y4m4n3
y4m4n30
y4m4n31
y4m4n32
y4m4n33
y4m4n34
y4m4n35
y4m4n36
y4m4n37
y4m4n38
y4m4n39
y4m4n4
y4m4n40
y4m4n41
y4m4n42
y4m4n43
y4m4n44
y4m4n45
y4m4n46
y4m4n47
y4m4n48
y4m4n49
y4m4n5
y4m4n50
y4m4n51
y4m4n52
y4m4n53
y4m4n54
y4m4n55
y4m4n56
y4m4n57
y4m4n58
y4m4n59
y4m4n6
y4m4n60
y4m4n6006
y4m4n600606
y4m4n600607
y4m4n60067
y4m4n606
y4m4n606006
y4m4n60607
y4m4n6067
y4m4n607
y4m4n607006
y4m4n60706
y4m4n6077
y4m4n61
y4m4n62
y4m4n62006
y4m4n620067
y4m4n63
y4m4n64
y4m4n65
y4m4n66
y4m4n67
y4m4n67006
y4m4n6706
y4m4n6707
y4m4n672006
y4m4n68
y4m4n69
y4m4n7
y4m4n70
y4m4n7006
y4m4n700606
y4m4n700607
y4m4n70066
y4m4n706
y4m4n706006
y4m4n70607
y4m4n7066
y4m4n707
y4m4n707006
y4m4n70706
y4m4n7076
y4m4n71
y4m4n72
y4m4n72006
y4m4n720066
y4m4n73
y4m4n74
y4m4n75
y4m4n76
y4m4n76006
y4m4n7606
y4m4n7607
y4m4n762006
y4m4n77
y4m4n78
y4m4n79
y4m4n8
y4m4n80
y4m4n81
y4m4n82
y4m4n83
y4m4n84
y4m4n85
y4m4n86
y4m4n87
y4m4n8701
y4m4n87011
y4m4n871
y4m4n87101
y4m4n871987
y4m4n87987
y4m4n879871
y4m4n88
y4m4n89
y4m4n9
y4m4n90
y4m4n91
y4m4n92
y4m4n93
y4m4n94
y4m4n95
y4m4n96
y4m4n97
y4m4n98
y4m4n987
y4m4n98701
y4m4n987011
y4m4n9871
y4m4n987101
y4m4n987187
y4m4n98787
y4m4n987871
y4m4n99
y4m4n@
y4m4n@!
y4m4n@!!
y4m4n@!$
y4m4n@!%
y4m4n@!&
y4m4n@!'#'
y4m4n@!*
y4m4n@!@
y4m4n@$
y4m4n@$!
y4m4n@$$
y4m4n@$%
y4m4n@$&
y4m4n@$'#'
y4m4n@$*
y4m4n@$@
y4m4n@%
y4m4n@%!
y4m4n@%$
y4m4n@%%
y4m4n@%&
y4m4n@%'#'
y4m4n@%*
y4m4n@%@
y4m4n@&
y4m4n@&!
y4m4n@&$
y4m4n@&%
y4m4n@&&
y4m4n@&'#'
y4m4n@&*
y4m4n@&@
y4m4n@'#'
y4m4n@'#'!
y4m4n@'#'$
y4m4n@'#'%
y4m4n@'#'&
y4m4n@'#'*
y4m4n@'#'@
y4m4n@*
y4m4n@*!
y4m4n@*$
y4m4n@*%
y4m4n@*&
y4m4n@*'#'
y4m4n@**
y4m4n@*@
y4m4n@@
y4m4n@@!
y4m4n@@$
y4m4n@@%
y4m4n@@&
y4m4n@@'#'
y4m4n@@*
y4m4n@@@
y4m4n_006
y4m4n_00606
y4m4n_00607
y4m4n_0066
y4m4n_00667
y4m4n_0067
y4m4n_00676
y4m4n_009
y4m4n_00901
y4m4n_00909
y4m4n_0091
y4m4n_01
y4m4n_01009
y4m4n_0109
y4m4n_01091
y4m4n_011
y4m4n_01109
y4m4n_01187
y4m4n_0187
y4m4n_01871
y4m4n_01987
y4m4n_06
y4m4n_06006
y4m4n_0607
y4m4n_06076
y4m4n_06077
y4m4n_066
y4m4n_06607
y4m4n_0667
y4m4n_067
y4m4n_06707
y4m4n_0676
y4m4n_07
y4m4n_07006
y4m4n_0706
y4m4n_07066
y4m4n_07067
y4m4n_076
y4m4n_07606
y4m4n_0767
y4m4n_077
y4m4n_07706
y4m4n_0776
y4m4n_09
y4m4n_09009
y4m4n_0901
y4m4n_09011
y4m4n_091
y4m4n_09101
y4m4n_1
y4m4n_1009
y4m4n_101
y4m4n_10109
y4m4n_10187
y4m4n_109
y4m4n_10901
y4m4n_11987
y4m4n_12009
y4m4n_187
y4m4n_18701
y4m4n_1987
y4m4n_19871
y4m4n_1990
y4m4n_1991
y4m4n_1992
y4m4n_1993
y4m4n_1994
y4m4n_1995
y4m4n_1996
y4m4n_1997
y4m4n_1998
y4m4n_1999
y4m4n_2000
y4m4n_2001
y4m4n_2002
y4m4n_2003
y4m4n_2004
y4m4n_2005
y4m4n_2006
y4m4n_20066
y4m4n_20067
y4m4n_2007
y4m4n_2008
y4m4n_2009
y4m4n_20091
y4m4n_2010
y4m4n_2011
y4m4n_2012
y4m4n_2013
y4m4n_2014
y4m4n_2015
y4m4n_2016
y4m4n_2017
y4m4n_2018
y4m4n_2019
y4m4n_2020
y4m4n_6
y4m4n_6006
y4m4n_60067
y4m4n_606
y4m4n_60607
y4m4n_6067
y4m4n_607
y4m4n_60706
y4m4n_6077
y4m4n_62006
y4m4n_67
y4m4n_67006
y4m4n_6706
y4m4n_6707
y4m4n_7
y4m4n_7006
y4m4n_70066
y4m4n_706
y4m4n_70607
y4m4n_7066
y4m4n_707
y4m4n_70706
y4m4n_7076
y4m4n_72006
y4m4n_76
y4m4n_76006
y4m4n_7606
y4m4n_7607
y4m4n_87
y4m4n_8701
y4m4n_87011
y4m4n_871
y4m4n_87101
y4m4n_87987
y4m4n_987
y4m4n_98701
y4m4n_9871
y4m4n_98787
yaman!
yaman!!
yaman!!!
yaman!!$
yaman!!%
yaman!!&
yaman!!'#'
yaman!!*
yaman!!@
yaman!$
yaman!$!
yaman!$$
yaman!$%
yaman!$&
yaman!$'#'
yaman!$*
yaman!$@
yaman!%
yaman!%!
yaman!%$
yaman!%%
yaman!%&
yaman!%'#'
yaman!%*
yaman!%@
yaman!&
yaman!&!
yaman!&$
yaman!&%
yaman!&&
yaman!&'#'
yaman!&*
yaman!&@
yaman!'#'
yaman!'#'!
yaman!'#'$
yaman!'#'%
yaman!'#'&
yaman!'#'*
yaman!'#'@
yaman!*
yaman!*!
yaman!*$
yaman!*%
yaman!*&
yaman!*'#'
yaman!**
yaman!*@
yaman!@
yaman!@!
yaman!@$
yaman!@%
yaman!@&
yaman!@'#'
yaman!@*
yaman!@@
yaman$
yaman$!
yaman$!!
yaman$!$
yaman$!%
yaman$!&
yaman$!'#'
yaman$!*
yaman$!@
yaman$$
yaman$$!
yaman$$$
yaman$$%
yaman$$&
yaman$$'#'
yaman$$*
yaman$$@
yaman$%
yaman$%!
yaman$%$
yaman$%%
yaman$%&
yaman$%'#'
yaman$%*
yaman$%@
yaman$&
yaman$&!
yaman$&$
yaman$&%
yaman$&&
yaman$&'#'
yaman$&*
yaman$&@
yaman$'#'
yaman$'#'!
yaman$'#'$
yaman$'#'%
yaman$'#'&
yaman$'#'*
yaman$'#'@
yaman$*
yaman$*!
yaman$*$
yaman$*%
yaman$*&
yaman$*'#'
yaman$**
yaman$*@
yaman$@
yaman$@!
yaman$@$
yaman$@%
yaman$@&
yaman$@'#'
yaman$@*
yaman$@@
yaman%
yaman%!
yaman%!!
yaman%!$
yaman%!%
yaman%!&
yaman%!'#'
yaman%!*
yaman%!@
yaman%$
yaman%$!
yaman%$$
yaman%$%
yaman%$&
yaman%$'#'
yaman%$*
yaman%$@
yaman%%
yaman%%!
yaman%%$
yaman%%%
yaman%%&
yaman%%'#'
yaman%%*
yaman%%@
yaman%&
yaman%&!
yaman%&$
yaman%&%
yaman%&&
yaman%&'#'
yaman%&*
yaman%&@
yaman%'#'
yaman%'#'!
yaman%'#'$
yaman%'#'%
yaman%'#'&
yaman%'#'*
yaman%'#'@
yaman%*
yaman%*!
yaman%*$
yaman%*%
yaman%*&
yaman%*'#'
yaman%**
yaman%*@
yaman%@
yaman%@!
yaman%@$
yaman%@%
yaman%@&
yaman%@'#'
yaman%@*
yaman%@@
yaman&
yaman&!
yaman&!!
yaman&!$
yaman&!%
yaman&!&
yaman&!'#'
yaman&!*
yaman&!@
yaman&$
yaman&$!
yaman&$$
yaman&$%
yaman&$&
yaman&$'#'
yaman&$*
yaman&$@
yaman&%
yaman&%!
yaman&%$
yaman&%%
yaman&%&
yaman&%'#'
yaman&%*
yaman&%@
yaman&&
yaman&&!
yaman&&$
yaman&&%
yaman&&&
yaman&&'#'
yaman&&*
yaman&&@
yaman&'#'
yaman&'#'!
yaman&'#'$
yaman&'#'%
yaman&'#'&
yaman&'#'*
yaman&'#'@
yaman&*
yaman&*!
yaman&*$
yaman&*%
yaman&*&
yaman&*'#'
yaman&**
yaman&*@
yaman&@
yaman&@!
yaman&@$
yaman&@%
yaman&@&
yaman&@'#'
yaman&@*
yaman&@@
yaman'#'
yaman'#'!
yaman'#'!!
yaman'#'!$
yaman'#'!%
yaman'#'!&
yaman'#'!*
yaman'#'!@
yaman'#'$
yaman'#'$!
yaman'#'$$
yaman'#'$%
yaman'#'$&
yaman'#'$*
yaman'#'$@
yaman'#'%
yaman'#'%!
yaman'#'%$
yaman'#'%%
yaman'#'%&
yaman'#'%*
yaman'#'%@
yaman'#'&
yaman'#'&!
yaman'#'&$
yaman'#'&%
yaman'#'&&
yaman'#'&*
yaman'#'&@
yaman'#''#'
yaman'#'*
yaman'#'*!
yaman'#'*$
yaman'#'*%
yaman'#'*&
yaman'#'**
yaman'#'*@
yaman'#'@
yaman'#'@!
yaman'#'@$
yaman'#'@%
yaman'#'@&
yaman'#'@*
yaman'#'@@
yaman*
yaman*!
yaman*!!
yaman*!$
yaman*!%
yaman*!&
yaman*!'#'
yaman*!*
yaman*!@
yaman*$
yaman*$!
yaman*$$
yaman*$%
yaman*$&
yaman*$'#'
yaman*$*
yaman*$@
yaman*%
yaman*%!
yaman*%$
yaman*%%
yaman*%&
yaman*%'#'
yaman*%*
yaman*%@
yaman*&
yaman*&!
yaman*&$
yaman*&%
yaman*&&
yaman*&'#'
yaman*&*
yaman*&@
yaman*'#'
yaman*'#'!
yaman*'#'$
yaman*'#'%
yaman*'#'&
yaman*'#'*
yaman*'#'@
yaman**
yaman**!
yaman**$
yaman**%
yaman**&
yaman**'#'
yaman***
yaman**@
yaman*@
yaman*@!
yaman*@$
yaman*@%
yaman*@&
yaman*@'#'
yaman*@*
yaman*@@
yaman0
yaman006
yaman00606
yaman006066
yaman006067
yaman00607
yaman006076
yaman006077
yaman0066
yaman006606
yaman006607
yaman00667
yaman0067
yaman006706
yaman006707
yaman00676
yaman009
yaman00901
yaman009011
yaman00909
yaman009091
yaman0091
yaman009101
yaman009109
yaman01
yaman01009
yaman010091
yaman0109
yaman01091
yaman011
yaman011009
yaman01109
yaman01187
yaman011987
yaman012009
yaman0187
yaman01871
yaman01987
yaman019871
yaman06
yaman06006
yaman060066
yaman060067
yaman0607
yaman06076
yaman06077
yaman062006
yaman066
yaman066006
yaman06607
yaman0667
yaman067
yaman067006
yaman06707
yaman0676
yaman07
yaman07006
yaman070066
yaman070067
yaman0706
yaman07066
yaman07067
yaman072006
yaman076
yaman076006
yaman07606
yaman0767
yaman077
yaman077006
yaman07706
yaman0776
yaman09
yaman09009
yaman090091
yaman0901
yaman09011
yaman091
yaman091009
yaman09101
yaman092009
yaman1
yaman10
yaman1009
yaman100901
yaman100909
yaman101
yaman101009
yaman10109
yaman10187
yaman101987
yaman109
yaman109009
yaman10901
yaman11
yaman11987
yaman12
yaman12009
yaman13
yaman14
yaman15
yaman16
yaman17
yaman18
yaman187
yaman18701
yaman187987
yaman19
yaman1987
yaman198701
yaman19871
yaman198787
yaman1990
yaman1991
yaman1992
yaman1993
yaman1994
yaman1995
yaman1996
yaman1997
yaman1998
yaman1999
yaman2
yaman20
yaman2000
yaman2001
yaman2002
yaman2003
yaman2004
yaman2005
yaman2006
yaman200606
yaman200607
yaman20066
yaman200667
yaman20067
yaman200676
yaman2007
yaman2008
yaman2009
yaman200901
yaman200909
yaman20091
yaman2010
yaman2011
yaman2012
yaman2013
yaman2014
yaman2015
yaman2016
yaman2017
yaman2018
yaman2019
yaman2020
yaman21
yaman22
yaman23
yaman24
yaman25
yaman26
yaman27
yaman28
yaman29
yaman3
yaman30
yaman31
yaman32
yaman33
yaman34
yaman35
yaman36
yaman37
yaman38
yaman39
yaman4
yaman40
yaman41
yaman42
yaman43
yaman44
yaman45
yaman46
yaman47
yaman48
yaman49
yaman5
yaman50
yaman51
yaman52
yaman53
yaman54
yaman55
yaman56
yaman57
yaman58
yaman59
yaman6
yaman60
yaman6006
yaman600606
yaman600607
yaman60067
yaman606
yaman606006
yaman60607
yaman6067
yaman607
yaman607006
yaman60706
yaman6077
yaman61
yaman62
yaman62006
yaman620067
yaman63
yaman64
yaman65
yaman66
yaman67
yaman67006
yaman6706
yaman6707
yaman672006
yaman68
yaman69
yaman7
yaman70
yaman7006
yaman700606
yaman700607
yaman70066
yaman706
yaman706006
yaman70607
yaman7066
yaman707
yaman707006
yaman70706
yaman7076
yaman71
yaman72
yaman72006
yaman720066
yaman73
yaman74
yaman75
yaman76
yaman76006
yaman7606
yaman7607
yaman762006
yaman77
yaman78
yaman79
yaman8
yaman80
yaman81
yaman82
yaman83
yaman84
yaman85
yaman86
yaman87
yaman8701
yaman87011
yaman871
yaman87101
yaman871987
yaman87987
yaman879871
yaman88
yaman89
yaman9
yaman90
yaman91
yaman92
yaman93
yaman94
yaman95
yaman96
yaman97
yaman98
yaman987
yaman98701
yaman987011
yaman9871
yaman987101
yaman987187
yaman98787
yaman987871
yaman99
yaman@
yaman@!
yaman@!!
yaman@!$
yaman@!%
yaman@!&
yaman@!'#'
yaman@!*
yaman@!@
yaman@$
yaman@$!
yaman@$$
yaman@$%
yaman@$&
yaman@$'#'
yaman@$*
yaman@$@
yaman@%
yaman@%!
yaman@%$
yaman@%%
yaman@%&
yaman@%'#'
yaman@%*
yaman@%@
yaman@&
yaman@&!
yaman@&$
yaman@&%
yaman@&&
yaman@&'#'
yaman@&*
yaman@&@
yaman@'#'
yaman@'#'!
yaman@'#'$
yaman@'#'%
yaman@'#'&
yaman@'#'*
yaman@'#'@
yaman@*
yaman@*!
yaman@*$
yaman@*%
yaman@*&
yaman@*'#'
yaman@**
yaman@*@
yaman@@
yaman@@!
yaman@@$
yaman@@%
yaman@@&
yaman@@'#'
yaman@@*
yaman@@@
yaman_006
yaman_00606
yaman_00607
yaman_0066
yaman_00667
yaman_0067
yaman_00676
yaman_009
yaman_00901
yaman_00909
yaman_0091
yaman_01
yaman_01009
yaman_0109
yaman_01091
yaman_011
yaman_01109
yaman_01187
yaman_0187
yaman_01871
yaman_01987
yaman_06
yaman_06006
yaman_0607
yaman_06076
yaman_06077
yaman_066
yaman_06607
yaman_0667
yaman_067
yaman_06707
yaman_0676
yaman_07
yaman_07006
yaman_0706
yaman_07066
yaman_07067
yaman_076
yaman_07606
yaman_0767
yaman_077
yaman_07706
yaman_0776
yaman_09
yaman_09009
yaman_0901
yaman_09011
yaman_091
yaman_09101
yaman_1
yaman_1009
yaman_101
yaman_10109
yaman_10187
yaman_109
yaman_10901
yaman_11987
yaman_12009
yaman_187
yaman_18701
yaman_1987
yaman_19871
yaman_1990
yaman_1991
yaman_1992
yaman_1993
yaman_1994
yaman_1995
yaman_1996
yaman_1997
yaman_1998
yaman_1999
yaman_2000
yaman_2001
yaman_2002
yaman_2003
yaman_2004
yaman_2005
yaman_2006
yaman_20066
yaman_20067
yaman_2007
yaman_2008
yaman_2009
yaman_20091
yaman_2010
yaman_2011
yaman_2012
yaman_2013
yaman_2014
yaman_2015
yaman_2016
yaman_2017
yaman_2018
yaman_2019
yaman_2020
yaman_6
yaman_6006
yaman_60067
yaman_606
yaman_60607
yaman_6067
yaman_607
yaman_60706
yaman_6077
yaman_62006
yaman_67
yaman_67006
yaman_6706
yaman_6707
yaman_7
yaman_7006
yaman_70066
yaman_706
yaman_70607
yaman_7066
yaman_707
yaman_70706
yaman_7076
yaman_72006
yaman_76
yaman_76006
yaman_7606
yaman_7607
yaman_87
yaman_8701
yaman_87011
yaman_871
yaman_87101
yaman_87987
yaman_987
yaman_98701
yaman_9871
yaman_98787
yasir!
yasir!!
yasir!!!
yasir!!$
yasir!!%
yasir!!&
yasir!!'#'
yasir!!*
yasir!!@
yasir!$
yasir!$!
yasir!$$
yasir!$%
yasir!$&
yasir!$'#'
yasir!$*
yasir!$@
yasir!%
yasir!%!
yasir!%$
yasir!%%
yasir!%&
yasir!%'#'
yasir!%*
yasir!%@
yasir!&
yasir!&!
yasir!&$
yasir!&%
yasir!&&
yasir!&'#'
yasir!&*
yasir!&@
yasir!'#'
yasir!'#'!
yasir!'#'$
yasir!'#'%
yasir!'#'&
yasir!'#'*
yasir!'#'@
yasir!*
yasir!*!
yasir!*$
yasir!*%
yasir!*&
yasir!*'#'
yasir!**
yasir!*@
yasir!@
yasir!@!
yasir!@$
yasir!@%
yasir!@&
yasir!@'#'
yasir!@*
yasir!@@
yasir$
yasir$!
yasir$!!
yasir$!$
yasir$!%
yasir$!&
yasir$!'#'
yasir$!*
yasir$!@
yasir$$
yasir$$!
yasir$$$
yasir$$%
yasir$$&
yasir$$'#'
yasir$$*
yasir$$@
yasir$%
yasir$%!
yasir$%$
yasir$%%
yasir$%&
yasir$%'#'
yasir$%*
yasir$%@
yasir$&
yasir$&!
yasir$&$
yasir$&%
yasir$&&
yasir$&'#'
yasir$&*
yasir$&@
yasir$'#'
yasir$'#'!
yasir$'#'$
yasir$'#'%
yasir$'#'&
yasir$'#'*
yasir$'#'@
yasir$*
yasir$*!
yasir$*$
yasir$*%
yasir$*&
yasir$*'#'
yasir$**
yasir$*@
yasir$@
yasir$@!
yasir$@$
yasir$@%
yasir$@&
yasir$@'#'
yasir$@*
yasir$@@
yasir%
yasir%!
yasir%!!
yasir%!$
yasir%!%
yasir%!&
yasir%!'#'
yasir%!*
yasir%!@
yasir%$
yasir%$!
yasir%$$
yasir%$%
yasir%$&
yasir%$'#'
yasir%$*
yasir%$@
yasir%%
yasir%%!
yasir%%$
yasir%%%
yasir%%&
yasir%%'#'
yasir%%*
yasir%%@
yasir%&
yasir%&!
yasir%&$
yasir%&%
yasir%&&
yasir%&'#'
yasir%&*
yasir%&@
yasir%'#'
yasir%'#'!
yasir%'#'$
yasir%'#'%
yasir%'#'&
yasir%'#'*
yasir%'#'@
yasir%*
yasir%*!
yasir%*$
yasir%*%
yasir%*&
yasir%*'#'
yasir%**
yasir%*@
yasir%@
yasir%@!
yasir%@$
yasir%@%
yasir%@&
yasir%@'#'
yasir%@*
yasir%@@
yasir&
yasir&!
yasir&!!
yasir&!$
yasir&!%
yasir&!&
yasir&!'#'
yasir&!*
yasir&!@
yasir&$
yasir&$!
yasir&$$
yasir&$%
yasir&$&
yasir&$'#'
yasir&$*
yasir&$@
yasir&%
yasir&%!
yasir&%$
yasir&%%
yasir&%&
yasir&%'#'
yasir&%*
yasir&%@
yasir&&
yasir&&!
yasir&&$
yasir&&%
yasir&&&
yasir&&'#'
yasir&&*
yasir&&@
yasir&'#'
yasir&'#'!
yasir&'#'$
yasir&'#'%
yasir&'#'&
yasir&'#'*
yasir&'#'@
yasir&*
yasir&*!
yasir&*$
yasir&*%
yasir&*&
yasir&*'#'
yasir&**
yasir&*@
yasir&@
yasir&@!
yasir&@$
yasir&@%
yasir&@&
yasir&@'#'
yasir&@*
yasir&@@
yasir'#'
yasir'#'!
yasir'#'!!
yasir'#'!$
yasir'#'!%
yasir'#'!&
yasir'#'!*
yasir'#'!@
yasir'#'$
yasir'#'$!
yasir'#'$$
yasir'#'$%
yasir'#'$&
yasir'#'$*
yasir'#'$@
yasir'#'%
yasir'#'%!
yasir'#'%$
yasir'#'%%
yasir'#'%&
yasir'#'%*
yasir'#'%@
yasir'#'&
yasir'#'&!
yasir'#'&$
yasir'#'&%
yasir'#'&&
yasir'#'&*
yasir'#'&@
yasir'#''#'
yasir'#'*
yasir'#'*!
yasir'#'*$
yasir'#'*%
yasir'#'*&
yasir'#'**
yasir'#'*@
yasir'#'@
yasir'#'@!
yasir'#'@$
yasir'#'@%
yasir'#'@&
yasir'#'@*
yasir'#'@@
yasir*
yasir*!
yasir*!!
yasir*!$
yasir*!%
yasir*!&
yasir*!'#'
yasir*!*
yasir*!@
yasir*$
yasir*$!
yasir*$$
yasir*$%
yasir*$&
yasir*$'#'
yasir*$*
yasir*$@
yasir*%
yasir*%!
yasir*%$
yasir*%%
yasir*%&
yasir*%'#'
yasir*%*
yasir*%@
yasir*&
yasir*&!
yasir*&$
yasir*&%
yasir*&&
yasir*&'#'
yasir*&*
yasir*&@
yasir*'#'
yasir*'#'!
yasir*'#'$
yasir*'#'%
yasir*'#'&
yasir*'#'*
yasir*'#'@
yasir**
yasir**!
yasir**$
yasir**%
yasir**&
yasir**'#'
yasir***
yasir**@
yasir*@
yasir*@!
yasir*@$
yasir*@%
yasir*@&
yasir*@'#'
yasir*@*
yasir*@@
yasir0
yasir006
yasir00606
yasir006066
yasir006067
yasir00607
yasir006076
yasir006077
yasir0066
yasir006606
yasir006607
yasir00667
yasir0067
yasir006706
yasir006707
yasir00676
yasir009
yasir00901
yasir009011
yasir00909
yasir009091
yasir0091
yasir009101
yasir009109
yasir01
yasir01009
yasir010091
yasir0109
yasir01091
yasir011
yasir011009
yasir01109
yasir01187
yasir011987
yasir012009
yasir0187
yasir01871
yasir01987
yasir019871
yasir06
yasir06006
yasir060066
yasir060067
yasir0607
yasir06076
yasir06077
yasir062006
yasir066
yasir066006
yasir06607
yasir0667
yasir067
yasir067006
yasir06707
yasir0676
yasir07
yasir07006
yasir070066
yasir070067
yasir0706
yasir07066
yasir07067
yasir072006
yasir076
yasir076006
yasir07606
yasir0767
yasir077
yasir077006
yasir07706
yasir0776
yasir09
yasir09009
yasir090091
yasir0901
yasir09011
yasir091
yasir091009
yasir09101
yasir092009
yasir1
yasir10
yasir1009
yasir100901
yasir100909
yasir101
yasir101009
yasir10109
yasir10187
yasir101987
yasir109
yasir109009
yasir10901
yasir11
yasir11987
yasir12
yasir12009
yasir13
yasir14
yasir15
yasir16
yasir17
yasir18
yasir187
yasir18701
yasir187987
yasir19
yasir1987
yasir198701
yasir19871
yasir198787
yasir1990
yasir1991
yasir1992
yasir1993
yasir1994
yasir1995
yasir1996
yasir1997
yasir1998
yasir1999
yasir2
yasir20
yasir2000
yasir2001
yasir2002
yasir2003
yasir2004
yasir2005
yasir2006
yasir200606
yasir200607
yasir20066
yasir200667
yasir20067
yasir200676
yasir2007
yasir2008
yasir2009
yasir200901
yasir200909
yasir20091
yasir2010
yasir2011
yasir2012
yasir2013
yasir2014
yasir2015
yasir2016
yasir2017
yasir2018
yasir2019
yasir2020
yasir21
yasir22
yasir23
yasir24
yasir25
yasir26
yasir27
yasir28
yasir29
yasir3
yasir30
yasir31
yasir32
yasir33
yasir34
yasir35
yasir36
yasir37
yasir38
yasir39
yasir4
yasir40
yasir41
yasir42
yasir43
yasir44
yasir45
yasir46
yasir47
yasir48
yasir49
yasir5
yasir50
yasir51
yasir52
yasir53
yasir54
yasir55
yasir56
yasir57
yasir58
yasir59
yasir6
yasir60
yasir6006
yasir600606
yasir600607
yasir60067
yasir606
yasir606006
yasir60607
yasir6067
yasir607
yasir607006
yasir60706
yasir6077
yasir61
yasir62
yasir62006
yasir620067
yasir63
yasir64
yasir65
yasir66
yasir67
yasir67006
yasir6706
yasir6707
yasir672006
yasir68
yasir69
yasir7
yasir70
yasir7006
yasir700606
yasir700607
yasir70066
yasir706
yasir706006
yasir70607
yasir7066
yasir707
yasir707006
yasir70706
yasir7076
yasir71
yasir72
yasir72006
yasir720066
yasir73
yasir74
yasir75
yasir76
yasir76006
yasir7606
yasir7607
yasir762006
yasir77
yasir78
yasir79
yasir8
yasir80
yasir81
yasir82
yasir83
yasir84
yasir85
yasir86
yasir87
yasir8701
yasir87011
yasir871
yasir87101
yasir871987
yasir87987
yasir879871
yasir88
yasir89
yasir9
yasir90
yasir91
yasir92
yasir93
yasir94
yasir95
yasir96
yasir97
yasir98
yasir987
yasir98701
yasir987011
yasir9871
yasir987101
yasir987187
yasir98787
yasir987871
yasir99
yasir@
yasir@!
yasir@!!
yasir@!$
yasir@!%
yasir@!&
yasir@!'#'
yasir@!*
yasir@!@
yasir@$
yasir@$!
yasir@$$
yasir@$%
yasir@$&
yasir@$'#'
yasir@$*
yasir@$@
yasir@%
yasir@%!
yasir@%$
yasir@%%
yasir@%&
yasir@%'#'
yasir@%*
yasir@%@
yasir@&
yasir@&!
yasir@&$
yasir@&%
yasir@&&
yasir@&'#'
yasir@&*
yasir@&@
yasir@'#'
yasir@'#'!
yasir@'#'$
yasir@'#'%
yasir@'#'&
yasir@'#'*
yasir@'#'@
yasir@*
yasir@*!
yasir@*$
yasir@*%
yasir@*&
yasir@*'#'
yasir@**
yasir@*@
yasir@@
yasir@@!
yasir@@$
yasir@@%
yasir@@&
yasir@@'#'
yasir@@*
yasir@@@
yasirRana
yasirRana!
yasirRana!!
yasirRana!$
yasirRana!%
yasirRana!&
yasirRana!*
yasirRana!@
yasirRana$
yasirRana$!
yasirRana$$
yasirRana$%
yasirRana$&
yasirRana$*
yasirRana$@
yasirRana%
yasirRana%!
yasirRana%$
yasirRana%%
yasirRana%&
yasirRana%*
yasirRana%@
yasirRana&
yasirRana&!
yasirRana&$
yasirRana&%
yasirRana&&
yasirRana&*
yasirRana&@
yasirRana*
yasirRana*!
yasirRana*$
yasirRana*%
yasirRana*&
yasirRana**
yasirRana*@
yasirRana0
yasirRana06
yasirRana07
yasirRana1
yasirRana10
yasirRana11
yasirRana12
yasirRana13
yasirRana14
yasirRana15
yasirRana16
yasirRana17
yasirRana18
yasirRana19
yasirRana2
yasirRana20
yasirRana21
yasirRana22
yasirRana23
yasirRana24
yasirRana25
yasirRana26
yasirRana27
yasirRana28
yasirRana29
yasirRana3
yasirRana30
yasirRana31
yasirRana32
yasirRana33
yasirRana34
yasirRana35
yasirRana36
yasirRana37
yasirRana38
yasirRana39
yasirRana4
yasirRana40
yasirRana41
yasirRana42
yasirRana43
yasirRana44
yasirRana45
yasirRana46
yasirRana47
yasirRana48
yasirRana49
yasirRana5
yasirRana50
yasirRana51
yasirRana52
yasirRana53
yasirRana54
yasirRana55
yasirRana56
yasirRana57
yasirRana58
yasirRana59
yasirRana6
yasirRana60
yasirRana61
yasirRana62
yasirRana63
yasirRana64
yasirRana65
yasirRana66
yasirRana67
yasirRana68
yasirRana69
yasirRana7
yasirRana70
yasirRana71
yasirRana72
yasirRana73
yasirRana74
yasirRana75
yasirRana76
yasirRana77
yasirRana78
yasirRana79
yasirRana8
yasirRana80
yasirRana81
yasirRana82
yasirRana83
yasirRana84
yasirRana85
yasirRana86
yasirRana87
yasirRana88
yasirRana89
yasirRana9
yasirRana90
yasirRana91
yasirRana92
yasirRana93
yasirRana94
yasirRana95
yasirRana96
yasirRana97
yasirRana98
yasirRana99
yasirRana@
yasirRana@!
yasirRana@$
yasirRana@%
yasirRana@&
yasirRana@*
yasirRana@@
yasirRana_6
yasirRana_7
yasir_006
yasir_00606
yasir_00607
yasir_0066
yasir_00667
yasir_0067
yasir_00676
yasir_009
yasir_00901
yasir_00909
yasir_0091
yasir_01
yasir_01009
yasir_0109
yasir_01091
yasir_011
yasir_01109
yasir_01187
yasir_0187
yasir_01871
yasir_01987
yasir_06
yasir_06006
yasir_0607
yasir_06076
yasir_06077
yasir_066
yasir_06607
yasir_0667
yasir_067
yasir_06707
yasir_0676
yasir_07
yasir_07006
yasir_0706
yasir_07066
yasir_07067
yasir_076
yasir_07606
yasir_0767
yasir_077
yasir_07706
yasir_0776
yasir_09
yasir_09009
yasir_0901
yasir_09011
yasir_091
yasir_09101
yasir_1
yasir_1009
yasir_101
yasir_10109
yasir_10187
yasir_109
yasir_10901
yasir_11987
yasir_12009
yasir_187
yasir_18701
yasir_1987
yasir_19871
yasir_1990
yasir_1991
yasir_1992
yasir_1993
yasir_1994
yasir_1995
yasir_1996
yasir_1997
yasir_1998
yasir_1999
yasir_2000
yasir_2001
yasir_2002
yasir_2003
yasir_2004
yasir_2005
yasir_2006
yasir_20066
yasir_20067
yasir_2007
yasir_2008
yasir_2009
yasir_20091
yasir_2010
yasir_2011
yasir_2012
yasir_2013
yasir_2014
yasir_2015
yasir_2016
yasir_2017
yasir_2018
yasir_2019
yasir_2020
yasir_6
yasir_6006
yasir_60067
yasir_606
yasir_60607
yasir_6067
yasir_607
yasir_60706
yasir_6077
yasir_62006
yasir_67
yasir_67006
yasir_6706
yasir_6707
yasir_7
yasir_7006
yasir_70066
yasir_706
yasir_70607
yasir_7066
yasir_707
yasir_70706
yasir_7076
yasir_72006
yasir_76
yasir_76006
yasir_7606
yasir_7607
yasir_87
yasir_8701
yasir_87011
yasir_871
yasir_87101
yasir_87987
yasir_987
yasir_98701
yasir_9871
yasir_98787
yasirrana
yasirrana!
yasirrana!!
yasirrana!$
yasirrana!%
yasirrana!&
yasirrana!*
yasirrana!@
yasirrana$
yasirrana$!
yasirrana$$
yasirrana$%
yasirrana$&
yasirrana$*
yasirrana$@
yasirrana%
yasirrana%!
yasirrana%$
yasirrana%%
yasirrana%&
yasirrana%*
yasirrana%@
yasirrana&
yasirrana&!
yasirrana&$
yasirrana&%
yasirrana&&
yasirrana&*
yasirrana&@
yasirrana*
yasirrana*!
yasirrana*$
yasirrana*%
yasirrana*&
yasirrana**
yasirrana*@
yasirrana0
yasirrana06
yasirrana07
yasirrana1
yasirrana10
yasirrana11
yasirrana12
yasirrana13
yasirrana14
yasirrana15
yasirrana16
yasirrana17
yasirrana18
yasirrana19
yasirrana2
yasirrana20
yasirrana21
yasirrana22
yasirrana23
yasirrana24
yasirrana25
yasirrana26
yasirrana27
yasirrana28
yasirrana29
yasirrana3
yasirrana30
yasirrana31
yasirrana32
yasirrana33
yasirrana34
yasirrana35
yasirrana36
yasirrana37
yasirrana38
yasirrana39
yasirrana4
yasirrana40
yasirrana41
yasirrana42
yasirrana43
yasirrana44
yasirrana45
yasirrana46
yasirrana47
yasirrana48
yasirrana49
yasirrana5
yasirrana50
yasirrana51
yasirrana52
yasirrana53
yasirrana54
yasirrana55
yasirrana56
yasirrana57
yasirrana58
yasirrana59
yasirrana6
yasirrana60
yasirrana61
yasirrana62
yasirrana63
yasirrana64
yasirrana65
yasirrana66
yasirrana67
yasirrana68
yasirrana69
yasirrana7
yasirrana70
yasirrana71
yasirrana72
yasirrana73
yasirrana74
yasirrana75
yasirrana76
yasirrana77
yasirrana78
yasirrana79
yasirrana8
yasirrana80
yasirrana81
yasirrana82
yasirrana83
yasirrana84
yasirrana85
yasirrana86
yasirrana87
yasirrana88
yasirrana89
yasirrana9
yasirrana90
yasirrana91
yasirrana92
yasirrana93
yasirrana94
yasirrana95
yasirrana96
yasirrana97
yasirrana98
yasirrana99
yasirrana@
yasirrana@!
yasirrana@$
yasirrana@%
yasirrana@&
yasirrana@*
yasirrana@@
yasirrana_6
yasirrana_7                                                                                                                     
